ListID,Titulo,Preco,Marca,Modelo,Versao,Ano,KM,Combustivel,Cambio,Cor,Estado,Municipio,Bairro,CEP,DDD,UnicoDono,IPVA_Pago,Financiado,Opcionais,Link
1500263918,BMW X1 Sdrive 20I X-line 2.0 TB Active Flex 2022,110000,BMW,X1,Sdrive 20I X-line 2.0 TB Active Flex,2022,27100,Flex,Automático,Branco,SP,São Paulo,Vila Sabrina,N/A,11,Sim,Sim,Sim,"air bag, ar condicionado, alarme, bancos de couro, câmera de ré, computador de bordo, conexão usb, controle automático de velocidade, navegador gps, rodas de liga leve, sensor de ré, teto solar, trava elétrica, vidro elétrico, volante multifuncional",https://sp.olx.com.br/sao-paulo-e-regiao/autos-e-pecas/carros-vans-e-utilitarios/bmw-x1-sdrive-20i-x-line-2-0-tb-active-flex-2022-1500263918
1531250357,BMW 320I A Modern/sport TB 2.0/a.flex 16V 4P 2020,179900,BMW,320I,A Modern/sport TB 2.0/a.flex 16V 4P,2020,85300,Gasolina,Automático,Cinza,SP,Presidente Prudente,Vila Nova,N/A,18,N/A,Sim,Não,"ar condicionado, alarme, bancos de couro, câmera de ré, computador de bordo, conexão usb, controle automático de velocidade, rodas de liga leve, sensor de ré, som, trava elétrica, vidro elétrico, volante multifuncional",https://sp.olx.com.br/regiao-de-presidente-prudente/autos-e-pecas/carros-vans-e-utilitarios/bmw-320i-a-modern-sport-tb-2-0-a-flex-16v-4p-2020-1531250357
1533103429,BMW 320I A 2.0 TB M Sport Activeflex 16V 4P 2022,199900,BMW,320I,A 2.0 TB M Sport Activeflex 16V 4P,2022,79600,Flex,Automático,Preto,SP,Sorocaba,Parque Residencial Villa dos Inglezes,N/A,15,Sim,Sim,Não,N/A,https://sp.olx.com.br/regiao-de-sorocaba/autos-e-pecas/carros-vans-e-utilitarios/bmw-320i-a-2-0-tb-m-sport-activeflex-16v-4p-2022-1533103429
1525251790,BMW I7 Xdrive 60 M Sport Aut. (elétrico) 2024,888000,BMW,I7,Xdrive 60 M Sport Aut. (elétrico),2024,12106,Elétrico,Automático,Branco,SP,São Paulo,Vila Leopoldina,N/A,11,N/A,Não,Não,"air bag, ar condicionado, alarme, bancos de couro, blindado, câmera de ré, computador de bordo, conexão usb, controle automático de velocidade, navegador gps, rodas de liga leve, sensor de ré, som, teto solar, tração 4x4, trava elétrica, vidro elétrico, volante multifuncional",https://sp.olx.com.br/sao-paulo-e-regiao/autos-e-pecas/carros-vans-e-utilitarios/bmw-i7-xdrive-60-m-sport-aut-eletrico-2024-1525251790
1525251911,BMW I7 Xdrive 60 M Sport Aut. (elétrico) 2024,888000,BMW,I7,Xdrive 60 M Sport Aut. (elétrico),2024,12106,Elétrico,Automático,Branco,SP,Barueri,Alphaville Centro Industrial e Empresarial/Alphaville.,N/A,11,N/A,Não,Não,"air bag, ar condicionado, alarme, bancos de couro, blindado, câmera de ré, computador de bordo, conexão usb, controle automático de velocidade, navegador gps, rodas de liga leve, sensor de ré, som, teto solar, tração 4x4, trava elétrica, vidro elétrico, volante multifuncional",https://sp.olx.com.br/sao-paulo-e-regiao/autos-e-pecas/carros-vans-e-utilitarios/bmw-i7-xdrive-60-m-sport-aut-eletrico-2024-1525251911
1527150626,BMW i4 E-drive 35 M Sport (elétrico) 2024,324950,BMW,i4,E-drive 35 M Sport (elétrico),2024,17397,Elétrico,Automático,Preto,SP,Barueri,Alphaville Centro Industrial e Empresarial/Alphaville.,N/A,11,N/A,Não,Não,"air bag, ar condicionado, alarme, bancos de couro, câmera de ré, computador de bordo, conexão usb, controle automático de velocidade, navegador gps, rodas de liga leve, sensor de ré, som, teto solar, trava elétrica, vidro elétrico, volante multifuncional",https://sp.olx.com.br/sao-paulo-e-regiao/autos-e-pecas/carros-vans-e-utilitarios/bmw-i4-e-drive-35-m-sport-eletrico-2024-1527150626
1527151871,BMW i4 E-drive 35 M Sport (elétrico) 2024,324950,BMW,i4,E-drive 35 M Sport (elétrico),2024,17397,Elétrico,Automático,Preto,SP,São Paulo,Vila Leopoldina,N/A,11,N/A,Não,Não,"air bag, ar condicionado, alarme, bancos de couro, câmera de ré, computador de bordo, conexão usb, controle automático de velocidade, navegador gps, rodas de liga leve, sensor de ré, som, teto solar, trava elétrica, vidro elétrico, volante multifuncional",https://sp.olx.com.br/sao-paulo-e-regiao/autos-e-pecas/carros-vans-e-utilitarios/bmw-i4-e-drive-35-m-sport-eletrico-2024-1527151871
1525251793,BMW I7 Xdrive 60 M Sport Aut. (elétrico) 2024,888000,BMW,I7,Xdrive 60 M Sport Aut. (elétrico),2024,12106,Elétrico,Automático,Branco,SP,Guarulhos,Jardim Eugênia,N/A,11,N/A,Não,Não,"air bag, ar condicionado, alarme, bancos de couro, blindado, câmera de ré, computador de bordo, conexão usb, controle automático de velocidade, navegador gps, rodas de liga leve, sensor de ré, som, teto solar, tração 4x4, trava elétrica, vidro elétrico, volante multifuncional",https://sp.olx.com.br/sao-paulo-e-regiao/autos-e-pecas/carros-vans-e-utilitarios/bmw-i7-xdrive-60-m-sport-aut-eletrico-2024-1525251793
1527151465,BMW i4 E-drive 35 M Sport (elétrico) 2024,324950,BMW,i4,E-drive 35 M Sport (elétrico),2024,17397,Elétrico,Automático,Preto,SP,Guarulhos,Jardim Eugênia,N/A,11,N/A,Não,Não,"air bag, ar condicionado, alarme, bancos de couro, câmera de ré, computador de bordo, conexão usb, controle automático de velocidade, navegador gps, rodas de liga leve, sensor de ré, som, teto solar, trava elétrica, vidro elétrico, volante multifuncional",https://sp.olx.com.br/sao-paulo-e-regiao/autos-e-pecas/carros-vans-e-utilitarios/bmw-i4-e-drive-35-m-sport-eletrico-2024-1527151465
1522748282,BMW 320I 320i 2023,229880,BMW,320I,320i,2023,44200,Flex,Automático,Azul,SP,São Paulo,Vila Norma,N/A,11,N/A,Não,Não,"air bag, ar condicionado, alarme, sensor de ré, som, trava elétrica, vidro elétrico",https://sp.olx.com.br/sao-paulo-e-regiao/autos-e-pecas/carros-vans-e-utilitarios/bmw-320i-320i-2023-1522748282
1527094380,BMW X4 Xdrive 30I M-sport 2.0 TB. 252cv AUT 2024,335880,BMW,X4,Xdrive 30I M-sport 2.0 TB. 252cv AUT,2024,36900,Gasolina,Automático,Preto,SP,São Paulo,Vila Norma,N/A,11,N/A,Não,Não,"air bag, ar condicionado, alarme, bancos de couro, câmera de ré, computador de bordo, conexão usb, controle automático de velocidade, navegador gps, rodas de liga leve, sensor de ré, som, teto solar, tração 4x4, trava elétrica, vidro elétrico, volante multifuncional",https://sp.olx.com.br/sao-paulo-e-regiao/autos-e-pecas/carros-vans-e-utilitarios/bmw-x4-xdrive-30i-m-sport-2-0-tb-252cv-aut-2024-1527094380
1475426009,BMW X6 M Competition 4.4 V8 Bi-TB 625cv AUT 2022,699899,BMW,X6,M Competition 4.4 V8 Bi-TB 625cv AUT,2022,9779,Gasolina,Automático,Preto,SP,Artur Nogueira,,N/A,19,N/A,Não,Não,"air bag, ar condicionado, ar condicionado, alarme, alarme, bancos de couro, câmera de ré, computador de bordo, conexão usb, controle automático de velocidade, navegador gps, rodas de liga leve, sensor de ré, som, teto solar, tração 4x4, trava elétrica, trava elétrica, vidro elétrico, vidro elétrico, volante multifuncional",https://sp.olx.com.br/grande-campinas/autos-e-pecas/carros-vans-e-utilitarios/bmw-x6-m-competition-4-4-v8-bi-tb-625cv-aut-2022-1475426009
1520238986,BMW X3 Xdrive 30E X-line Turbo Híbrido AU 2023,368900,BMW,X3,Xdrive 30E X-line Turbo Híbrido AU,2023,38848,Híbrido,Automático,Cinza,SP,São Paulo,Santo Amaro,N/A,11,N/A,Não,Não,"air bag, ar condicionado, alarme, bancos de couro, blindado, câmera de ré, computador de bordo, conexão usb, controle automático de velocidade, navegador gps, rodas de liga leve, sensor de ré, som, teto solar, tração 4x4, trava elétrica, vidro elétrico, volante multifuncional",https://sp.olx.com.br/sao-paulo-e-regiao/autos-e-pecas/carros-vans-e-utilitarios/bmw-x3-xdrive-30e-x-line-turbo-hibrido-au-2023-1520238986
1522981680,BMW 118I Sport 1.5 TB 12V Aut. 5P 2020,125900,BMW,118I,Sport 1.5 TB 12V Aut. 5P,2020,60075,Gasolina,Automático,Azul,SP,São Paulo,Santo Amaro,N/A,11,N/A,Não,Não,"ar condicionado, alarme, sensor de ré, som, trava elétrica, vidro elétrico",https://sp.olx.com.br/sao-paulo-e-regiao/autos-e-pecas/carros-vans-e-utilitarios/bmw-118i-sport-1-5-tb-12v-aut-5p-2020-1522981680
1529725871,BMW X5 Xdrive 50E 3.0 M Sport Aut. (hibrido) 2022,420900,BMW,X5,Xdrive 50E 3.0 M Sport Aut. (hibrido),2022,65302,Híbrido,Automático,Preto,SP,São Paulo,Vila Andrade,N/A,11,N/A,Não,Não,"air bag, ar condicionado, alarme, câmera de ré",https://sp.olx.com.br/sao-paulo-e-regiao/autos-e-pecas/carros-vans-e-utilitarios/bmw-x5-xdrive-50e-3-0-m-sport-aut-hibrido-2022-1529725871
1531235242,BMW 320I A 2.0 TB M Sport Activeflex 16V 4P 2024,289900,BMW,320I,A 2.0 TB M Sport Activeflex 16V 4P,2024,25019,Flex,Automático,Azul,SP,Osasco,km 18,N/A,11,N/A,Não,Não,"air bag, ar condicionado, alarme, bancos de couro, câmera de ré, computador de bordo, conexão usb, controle automático de velocidade, navegador gps, rodas de liga leve, sensor de ré, som, teto solar, trava elétrica, vidro elétrico, volante multifuncional",https://sp.olx.com.br/sao-paulo-e-regiao/autos-e-pecas/carros-vans-e-utilitarios/bmw-320i-a-2-0-tb-m-sport-activeflex-16v-4p-2024-1531235242
1477374565,BMW 330E M Sport 2.0 Turbo Híbrido AU 2023,282800,BMW,330E,M Sport 2.0 Turbo Híbrido AU,2023,49989,Híbrido,Automático,Cinza,SP,Ribeirão Preto,Jardim Botânico,N/A,16,Não,Sim,Não,"air bag, ar condicionado, alarme, bancos de couro, câmera de ré, computador de bordo, conexão usb, controle automático de velocidade, navegador gps, rodas de liga leve, sensor de ré, som, teto solar, trava elétrica, vidro elétrico, volante multifuncional",https://sp.olx.com.br/regiao-de-ribeirao-preto/autos-e-pecas/carros-vans-e-utilitarios/bmw-330e-m-sport-2-0-turbo-hibrido-au-2023-1477374565
1380178279,BMW X1 Sdrive 20I M Sport 2.0 TB Aut. 2026,382950,BMW,X1,Sdrive 20I M Sport 2.0 TB Aut.,2026,0,Flex,Automático,Prata,SP,Ribeirão Preto,Jardim Botânico,N/A,16,Não,Não,Não,"air bag, ar condicionado, alarme, bancos de couro, câmera de ré, computador de bordo, conexão usb, controle automático de velocidade, navegador gps, rodas de liga leve, sensor de ré, som, teto solar, trava elétrica, vidro elétrico, volante multifuncional",https://sp.olx.com.br/regiao-de-ribeirao-preto/autos-e-pecas/carros-vans-e-utilitarios/bmw-x1-sdrive-20i-m-sport-2-0-tb-aut-2026-1380178279
1402308215,BMW 330E M Sport 2.0 Turbo Híbrido AU 2026,462950,BMW,330E,M Sport 2.0 Turbo Híbrido AU,2026,0,Híbrido,Automático,Azul,SP,Ribeirão Preto,Jardim Botânico,N/A,16,Não,Não,Não,"air bag, ar condicionado, alarme, bancos de couro, câmera de ré, computador de bordo, conexão usb, controle automático de velocidade, navegador gps, rodas de liga leve, sensor de ré, som, trava elétrica, vidro elétrico, volante multifuncional",https://sp.olx.com.br/regiao-de-ribeirao-preto/autos-e-pecas/carros-vans-e-utilitarios/bmw-330e-m-sport-2-0-turbo-hibrido-au-2026-1402308215
1402311362,BMW X6 Xdrive 40I M Sport 3.0 Bi-TB (hib.) 2026,884950,BMW,X6,Xdrive 40I M Sport 3.0 Bi-TB (hib.),2026,0,Gasolina,Automático,Branco,SP,Ribeirão Preto,Jardim Botânico,N/A,16,Não,Não,Não,"air bag, ar condicionado, alarme, bancos de couro, câmera de ré, computador de bordo, conexão usb, controle automático de velocidade, navegador gps, rodas de liga leve, sensor de ré, som, tração 4x4, trava elétrica, vidro elétrico, volante multifuncional",https://sp.olx.com.br/regiao-de-ribeirao-preto/autos-e-pecas/carros-vans-e-utilitarios/bmw-x6-xdrive-40i-m-sport-3-0-bi-tb-hib-2026-1402311362
1486826510,BMW X4 Xdrive 30I M-sport 2.0 TB. 252cv AUT 2023,308900,BMW,X4,Xdrive 30I M-sport 2.0 TB. 252cv AUT,2023,58312,Gasolina,Automático,Preto,SP,Ribeirão Preto,Jardim Botânico,N/A,16,Não,Sim,Não,"air bag, ar condicionado, alarme, bancos de couro, câmera de ré, computador de bordo, conexão usb, controle automático de velocidade, navegador gps, rodas de liga leve, sensor de ré, som, teto solar, tração 4x4, trava elétrica, vidro elétrico, volante multifuncional",https://sp.olx.com.br/regiao-de-ribeirao-preto/autos-e-pecas/carros-vans-e-utilitarios/bmw-x4-xdrive-30i-m-sport-2-0-tb-252cv-aut-2023-1486826510
1402308399,BMW 320I 320i 2026,387950,BMW,320I,320i,2026,0,Flex,Automático,Cinza,SP,Ribeirão Preto,Jardim Botânico,N/A,16,Sim,Não,Não,"air bag, ar condicionado, alarme, bancos de couro, câmera de ré, computador de bordo, conexão usb, controle automático de velocidade, navegador gps, rodas de liga leve, sensor de ré, som, trava elétrica, vidro elétrico, volante multifuncional",https://sp.olx.com.br/regiao-de-ribeirao-preto/autos-e-pecas/carros-vans-e-utilitarios/bmw-320i-320i-2026-1402308399
1504884510,BMW X6 Xdrive 40I M Sport 3.0 Bi-turbo 2023,508900,BMW,X6,Xdrive 40I M Sport 3.0 Bi-turbo,2023,68000,Gasolina,Automático,Preto,SP,Ribeirão Preto,Jardim Botânico,N/A,16,Não,Não,Não,"air bag, ar condicionado, alarme, bancos de couro, câmera de ré, computador de bordo, conexão usb, controle automático de velocidade, navegador gps, rodas de liga leve, sensor de ré, som, teto solar, tração 4x4, trava elétrica, vidro elétrico, volante multifuncional",https://sp.olx.com.br/regiao-de-ribeirao-preto/autos-e-pecas/carros-vans-e-utilitarios/bmw-x6-xdrive-40i-m-sport-3-0-bi-turbo-2023-1504884510
1519774363,BMW X5 3.0 4X4 2020,299800,BMW,X5,3.0 4X4,2020,107800,Diesel,Automático,Cinza,SP,Ribeirão Preto,Jardim Botânico,N/A,16,Não,Sim,Não,N/A,https://sp.olx.com.br/regiao-de-ribeirao-preto/autos-e-pecas/carros-vans-e-utilitarios/bmw-x5-3-0-4x4-2020-1519774363
1510617337,BMW 320I 320i 2024,287900,BMW,320I,320i,2024,30304,Flex,Automático,Cinza,SP,Ribeirão Preto,Jardim Botânico,N/A,16,Não,Sim,Não,"air bag, ar condicionado, alarme, bancos de couro, câmera de ré, computador de bordo, conexão usb, controle automático de velocidade, navegador gps, rodas de liga leve, sensor de ré, som, teto solar, tração 4x4, trava elétrica, vidro elétrico, volante multifuncional",https://sp.olx.com.br/regiao-de-ribeirao-preto/autos-e-pecas/carros-vans-e-utilitarios/bmw-320i-320i-2024-1510617337
1402308478,BMW 420I Cabriolet M Sport 2.0 TB 16V 2P. 2026,505950,BMW,420I,Cabriolet M Sport 2.0 TB 16V 2P.,2026,0,Gasolina,Automático,Preto,SP,Ribeirão Preto,Jardim Botânico,N/A,16,Não,Não,Não,"air bag, ar condicionado, alarme, bancos de couro, câmera de ré, computador de bordo, conexão usb, controle automático de velocidade, navegador gps, rodas de liga leve, sensor de ré, som, trava elétrica, vidro elétrico, volante multifuncional",https://sp.olx.com.br/regiao-de-ribeirao-preto/autos-e-pecas/carros-vans-e-utilitarios/bmw-420i-cabriolet-m-sport-2-0-tb-16v-2p-2026-1402308478
1402311098,BMW X5 3.0 4X4 2026,861950,BMW,X5,3.0 4X4,2026,0,Híbrido,Automático,Branco,SP,Ribeirão Preto,Jardim Botânico,N/A,16,Não,Não,Não,"air bag, ar condicionado, alarme, bancos de couro, câmera de ré, computador de bordo, conexão usb, controle automático de velocidade, navegador gps, rodas de liga leve, sensor de ré, som, tração 4x4, trava elétrica, vidro elétrico, volante multifuncional",https://sp.olx.com.br/regiao-de-ribeirao-preto/autos-e-pecas/carros-vans-e-utilitarios/bmw-x5-3-0-4x4-2026-1402311098
1402309604,BMW X1 Sdrive 20I M Sport 2.0 TB Aut. 2026,360950,BMW,X1,Sdrive 20I M Sport 2.0 TB Aut.,2026,0,Gasolina,Automático,Azul,SP,Ribeirão Preto,Jardim Botânico,N/A,16,Não,Não,Não,"air bag, ar condicionado, alarme, bancos de couro, câmera de ré, computador de bordo, conexão usb, controle automático de velocidade, navegador gps, rodas de liga leve, sensor de ré, som, trava elétrica, vidro elétrico, volante multifuncional",https://sp.olx.com.br/regiao-de-ribeirao-preto/autos-e-pecas/carros-vans-e-utilitarios/bmw-x1-sdrive-20i-m-sport-2-0-tb-aut-2026-1402309604
1524072526,BMW X3 Xdrive 30E M Sport Turbo Híbrido Aut. 2024,319800,BMW,X3,Xdrive 30E M Sport Turbo Híbrido Aut.,2024,28000,Híbrido,Automático,Preto,SP,Ribeirão Preto,Jardim Botânico,N/A,16,Não,Não,Não,"air bag, ar condicionado, alarme, bancos de couro, câmera de ré, computador de bordo, conexão usb, controle automático de velocidade, navegador gps, rodas de liga leve, sensor de ré, som, teto solar, tração 4x4, trava elétrica, vidro elétrico, volante multifuncional",https://sp.olx.com.br/regiao-de-ribeirao-preto/autos-e-pecas/carros-vans-e-utilitarios/bmw-x3-xdrive-30e-m-sport-turbo-hibrido-aut-2024-1524072526
1521895583,BMW X1 Sdrive 20I M Sport 2.0 TB Aut. 2026,349900,BMW,X1,Sdrive 20I M Sport 2.0 TB Aut.,2026,590,Gasolina,Automático,Preto,SP,Ribeirão Preto,Jardim Botânico,N/A,16,Sim,Não,Não,"air bag, ar condicionado, alarme, bancos de couro, câmera de ré, computador de bordo, conexão usb, controle automático de velocidade, navegador gps, rodas de liga leve, sensor de ré, som, teto solar, trava elétrica, vidro elétrico, volante multifuncional",https://sp.olx.com.br/regiao-de-ribeirao-preto/autos-e-pecas/carros-vans-e-utilitarios/bmw-x1-sdrive-20i-m-sport-2-0-tb-aut-2026-1521895583
1478679224,BMW X1 Sdrive 20I M Sport 2.0 TB Aut. 2024,379900,BMW,X1,Sdrive 20I M Sport 2.0 TB Aut.,2024,18000,Gasolina,Automático,Branco,SP,São Paulo,Jardim da Glória,N/A,11,N/A,Não,Não,"air bag, ar condicionado, alarme, bancos de couro, blindado, câmera de ré, computador de bordo, conexão usb, controle automático de velocidade, interface bluetooth, navegador gps, rodas de liga leve, sensor de ré, som, teto solar, trava elétrica, vidro elétrico, volante multifuncional",https://sp.olx.com.br/sao-paulo-e-regiao/autos-e-pecas/carros-vans-e-utilitarios/bmw-x1-sdrive-20i-m-sport-2-0-tb-aut-2024-1478679224
1530363457,BMW X3 Xdrive 30E M Sport Turbo Híbrido Aut. 2026,463950,BMW,X3,Xdrive 30E M Sport Turbo Híbrido Aut.,2026,17839,Híbrido,Automático,Cinza,SP,São Paulo,Vila Leopoldina,N/A,11,N/A,Não,Não,N/A,https://sp.olx.com.br/sao-paulo-e-regiao/autos-e-pecas/carros-vans-e-utilitarios/bmw-x3-xdrive-30e-m-sport-turbo-hibrido-aut-2026-1530363457
1523463013,BMW 320I A Modern/sport TB 2.0/a.flex 16V 4P 2026,315900,BMW,320I,A Modern/sport TB 2.0/a.flex 16V 4P,2026,1100,Flex,Automático,Preto,SP,São Paulo,Jardim da Glória,N/A,11,Não,Não,Não,"air bag, ar condicionado, alarme, bancos de couro, câmera de ré, computador de bordo, conexão usb, interface bluetooth, navegador gps, rodas de liga leve, sensor de ré, som, teto solar, trava elétrica, vidro elétrico, volante multifuncional",https://sp.olx.com.br/sao-paulo-e-regiao/autos-e-pecas/carros-vans-e-utilitarios/bmw-320i-a-modern-sport-tb-2-0-a-flex-16v-4p-2026-1523463013
1530363449,BMW X3 Xdrive 30E M Sport Turbo Híbrido Aut. 2026,463950,BMW,X3,Xdrive 30E M Sport Turbo Híbrido Aut.,2026,17839,Híbrido,Automático,Cinza,SP,Guarulhos,Jardim Eugênia,N/A,11,N/A,Não,Não,N/A,https://sp.olx.com.br/sao-paulo-e-regiao/autos-e-pecas/carros-vans-e-utilitarios/bmw-x3-xdrive-30e-m-sport-turbo-hibrido-aut-2026-1530363449
1530363778,BMW X3 Xdrive 30E M Sport Turbo Híbrido Aut. 2026,463950,BMW,X3,Xdrive 30E M Sport Turbo Híbrido Aut.,2026,17839,Híbrido,Automático,Cinza,SP,Barueri,Alphaville Centro Industrial e Empresarial/Alphaville.,N/A,11,N/A,Não,Não,N/A,https://sp.olx.com.br/sao-paulo-e-regiao/autos-e-pecas/carros-vans-e-utilitarios/bmw-x3-xdrive-30e-m-sport-turbo-hibrido-aut-2026-1530363778
1521012442,BMW 118I Sport 1.5 TB 12V Aut. 5P 2020,126900,BMW,118I,Sport 1.5 TB 12V Aut. 5P,2020,71000,Gasolina,Automático,Cinza,SP,São Paulo,Santo Amaro,N/A,11,Sim,Sim,Não,"ar condicionado, alarme, sensor de ré, vidro elétrico",https://sp.olx.com.br/sao-paulo-e-regiao/autos-e-pecas/carros-vans-e-utilitarios/bmw-118i-sport-1-5-tb-12v-aut-5p-2020-1521012442
1528399333,BMW 320I A 2.0 TB M Sport Activeflex 16V 4P 2024,333900,BMW,320I,A 2.0 TB M Sport Activeflex 16V 4P,2024,21000,Flex,Automático,Cinza,SP,São Paulo,Vila Almeida,N/A,11,N/A,Não,Não,"air bag, ar condicionado, alarme, bancos de couro, câmera de ré, computador de bordo, conexão usb, controle automático de velocidade, navegador gps, rodas de liga leve, sensor de ré, som, teto solar, trava elétrica, vidro elétrico, volante multifuncional",https://sp.olx.com.br/sao-paulo-e-regiao/autos-e-pecas/carros-vans-e-utilitarios/bmw-320i-a-2-0-tb-m-sport-activeflex-16v-4p-2024-1528399333
1522559434,BMW 320I A GT Sport 2.0 Turbo 16V 184cv 5P 2024,268890,BMW,320I,A GT Sport 2.0 Turbo 16V 184cv 5P,2024,15800,Flex,Automático,Cinza,SP,Leme,Centro,N/A,19,N/A,Não,Não,"air bag, ar condicionado, alarme, câmera de ré, conexão usb, interface bluetooth, rodas de liga leve, sensor de ré, som, trava elétrica, vidro elétrico, volante multifuncional",https://sp.olx.com.br/grande-campinas/autos-e-pecas/carros-vans-e-utilitarios/bmw-320i-a-gt-sport-2-0-turbo-16v-184cv-5p-2024-1522559434
1529397221,BMW 320I 320i 2025,308990,BMW,320I,320i,2025,24128,Flex,Automático,Branco,SP,Bauru,Jardim Contorno,N/A,14,N/A,Não,Não,N/A,https://sp.olx.com.br/regiao-de-bauru-e-marilia/autos-e-pecas/carros-vans-e-utilitarios/bmw-320i-320i-2025-1529397221
1519807683,BMW X1 Sdrive 20I X-line 2.0 TB Aut. 2023,264990,BMW,X1,Sdrive 20I X-line 2.0 TB Aut.,2023,64436,Gasolina,Automático,Azul,SP,São Paulo,Água Branca,N/A,11,N/A,Sim,Não,"air bag, ar condicionado, alarme, bancos de couro, câmera de ré, computador de bordo, conexão usb, controle automático de velocidade, navegador gps, rodas de liga leve, sensor de ré, som, teto solar, trava elétrica, vidro elétrico, volante multifuncional",https://sp.olx.com.br/sao-paulo-e-regiao/autos-e-pecas/carros-vans-e-utilitarios/bmw-x1-sdrive-20i-x-line-2-0-tb-aut-2023-1519807683
1523423618,BMW 320I A 2.0 TB M Sport Activeflex 16V 4P 2021,183990,BMW,320I,A 2.0 TB M Sport Activeflex 16V 4P,2021,61605,Flex,Automático,Cinza,SP,Sorocaba,Jardim Vera Cruz,N/A,15,N/A,Não,Não,"air bag, ar condicionado, alarme, câmera de ré, computador de bordo, conexão usb, controle automático de velocidade, navegador gps, rodas de liga leve, sensor de ré, som, teto solar, trava elétrica, vidro elétrico, volante multifuncional",https://sp.olx.com.br/regiao-de-sorocaba/autos-e-pecas/carros-vans-e-utilitarios/bmw-320i-a-2-0-tb-m-sport-activeflex-16v-4p-2021-1523423618
1492660319,BMW X1 Sdrive 20I M Sport 2.0 TB Aut. 2026,349900,BMW,X1,Sdrive 20I M Sport 2.0 TB Aut.,2026,1000,Flex,Automático,Preto,SP,Jundiaí,Vila Rami,N/A,11,N/A,Não,Não,"air bag, ar condicionado, alarme, câmera de ré, rodas de liga leve, sensor de ré, trava elétrica, vidro elétrico, volante multifuncional",https://sp.olx.com.br/sao-paulo-e-regiao/autos-e-pecas/carros-vans-e-utilitarios/bmw-x1-sdrive-20i-m-sport-2-0-tb-aut-2026-1492660319
1466897336,BMW X7 Xdrive 50I M Sport 4.4 V8 Bi-TB Aut. 2021,569950,BMW,X7,Xdrive 50I M Sport 4.4 V8 Bi-TB Aut.,2021,49780,Gasolina,Automático,Azul,SP,São Paulo,Vila Leopoldina,N/A,11,N/A,Não,Não,"blindado, vidro elétrico",https://sp.olx.com.br/sao-paulo-e-regiao/autos-e-pecas/carros-vans-e-utilitarios/bmw-x7-xdrive-50i-m-sport-4-4-v8-bi-tb-aut-2021-1466897336
1493102070,BMW 320I A Modern/sport TB 2.0/a.flex 16V 4P 2022,229950,BMW,320I,A Modern/sport TB 2.0/a.flex 16V 4P,2022,56549,Gasolina,Automático,Preto,SP,São Paulo,Vila Leopoldina,N/A,11,N/A,Não,Não,"air bag, ar condicionado, alarme, bancos de couro, câmera de ré, computador de bordo, conexão usb, controle automático de velocidade, navegador gps, rodas de liga leve, sensor de ré, teto solar, trava elétrica, vidro elétrico, volante multifuncional",https://sp.olx.com.br/sao-paulo-e-regiao/autos-e-pecas/carros-vans-e-utilitarios/bmw-320i-a-modern-sport-tb-2-0-a-flex-16v-4p-2022-1493102070
1507108588,BMW 330E M Sport 2.0 Turbo Híbrido AU 2026,455950,BMW,330E,M Sport 2.0 Turbo Híbrido AU,2026,0,Híbrido,Automático,Cinza,SP,São Paulo,Vila Leopoldina,N/A,11,N/A,Não,Não,"ar condicionado, alarme, trava elétrica, vidro elétrico",https://sp.olx.com.br/sao-paulo-e-regiao/autos-e-pecas/carros-vans-e-utilitarios/bmw-330e-m-sport-2-0-turbo-hibrido-au-2026-1507108588
1507108591,BMW 530E M Sport 2.0 Turbo Híbrido Aut. 2025,643950,BMW,530E,M Sport 2.0 Turbo Híbrido Aut.,2025,0,Híbrido,Automático,Preto,SP,São Paulo,Vila Leopoldina,N/A,11,N/A,Não,Não,"air bag, ar condicionado, alarme, bancos de couro, câmera de ré, computador de bordo, conexão usb, controle automático de velocidade, navegador gps, sensor de ré, som, teto solar, trava elétrica, vidro elétrico, volante multifuncional",https://sp.olx.com.br/sao-paulo-e-regiao/autos-e-pecas/carros-vans-e-utilitarios/bmw-530e-m-sport-2-0-turbo-hibrido-aut-2025-1507108591
1511848613,BMW X7 Xdrive40i 3.0 2026,1026950,BMW,X7,Xdrive40i 3.0,2026,0,Gasolina,Automático,Prata,SP,São Paulo,Vila Leopoldina,N/A,11,N/A,Não,Não,N/A,https://sp.olx.com.br/sao-paulo-e-regiao/autos-e-pecas/carros-vans-e-utilitarios/bmw-x7-xdrive40i-3-0-2026-1511848613
1511849808,BMW X1 Sdrive 20I M Sport 2.0 TB Aut. 2026,383950,BMW,X1,Sdrive 20I M Sport 2.0 TB Aut.,2026,0,Gasolina,Automático,Azul,SP,São Paulo,Vila Leopoldina,N/A,11,N/A,Não,Não,"ar condicionado, vidro elétrico",https://sp.olx.com.br/sao-paulo-e-regiao/autos-e-pecas/carros-vans-e-utilitarios/bmw-x1-sdrive-20i-m-sport-2-0-tb-aut-2026-1511849808
1511850281,BMW X1 Sdrive 20I X-line 2.0 TB Aut. 2026,362950,BMW,X1,Sdrive 20I X-line 2.0 TB Aut.,2026,0,Gasolina,Automático,Branco,SP,São Paulo,Vila Leopoldina,N/A,11,N/A,Não,Não,N/A,https://sp.olx.com.br/sao-paulo-e-regiao/autos-e-pecas/carros-vans-e-utilitarios/bmw-x1-sdrive-20i-x-line-2-0-tb-aut-2026-1511850281
1511860416,BMW X2 M35i 2.0 Turbo 306cv Aut. 2025,533950,BMW,X2,M35i 2.0 Turbo 306cv Aut.,2025,0,Gasolina,Automático,Preto,SP,São Paulo,Vila Leopoldina,N/A,11,N/A,Não,Não,"ar condicionado, alarme, vidro elétrico",https://sp.olx.com.br/sao-paulo-e-regiao/autos-e-pecas/carros-vans-e-utilitarios/bmw-x2-m35i-2-0-turbo-306cv-aut-2025-1511860416
1511860416,BMW X2 M35i 2.0 Turbo 306cv Aut. 2025,533950,BMW,X2,M35i 2.0 Turbo 306cv Aut.,2025,0,Gasolina,Automático,Preto,SP,São Paulo,Vila Leopoldina,N/A,11,N/A,Não,Não,"ar condicionado, alarme, vidro elétrico",https://sp.olx.com.br/sao-paulo-e-regiao/autos-e-pecas/carros-vans-e-utilitarios/bmw-x2-m35i-2-0-turbo-306cv-aut-2025-1511860416
1511873355,BMW X5 Xdrive 50E 3.0 M Sport Aut. (hibrido) 2026,859950,BMW,X5,Xdrive 50E 3.0 M Sport Aut. (hibrido),2026,0,Híbrido,Automático,Cinza,SP,São Paulo,Vila Leopoldina,N/A,11,N/A,Não,Não,"ar condicionado, vidro elétrico",https://sp.olx.com.br/sao-paulo-e-regiao/autos-e-pecas/carros-vans-e-utilitarios/bmw-x5-xdrive-50e-3-0-m-sport-aut-hibrido-2026-1511873355
1511875435,BMW X6 Xdrive 40I M Sport 3.0 Bi-turbo 2026,881950,BMW,X6,Xdrive 40I M Sport 3.0 Bi-turbo,2026,0,Gasolina,Automático,Cinza,SP,São Paulo,Vila Leopoldina,N/A,11,N/A,Não,Não,vidro elétrico,https://sp.olx.com.br/sao-paulo-e-regiao/autos-e-pecas/carros-vans-e-utilitarios/bmw-x6-xdrive-40i-m-sport-3-0-bi-turbo-2026-1511875435
1511869421,BMW X3 Xdrive 30E M Sport Turbo Híbrido Aut. 2026,515950,BMW,X3,Xdrive 30E M Sport Turbo Híbrido Aut.,2026,0,Gasolina,Automático,Azul,SP,São Paulo,Vila Leopoldina,N/A,11,N/A,Não,Não,ar condicionado,https://sp.olx.com.br/sao-paulo-e-regiao/autos-e-pecas/carros-vans-e-utilitarios/bmw-x3-xdrive-30e-m-sport-turbo-hibrido-aut-2026-1511869421
1511875480,BMW X3 M50 Xdrive 3.0 V6 Aut. (híbrido) 2026,645950,BMW,X3,M50 Xdrive 3.0 V6 Aut. (híbrido),2026,0,Gasolina,Automático,Cinza,SP,São Paulo,Vila Leopoldina,N/A,11,N/A,Não,Não,"ar condicionado, vidro elétrico",https://sp.olx.com.br/sao-paulo-e-regiao/autos-e-pecas/carros-vans-e-utilitarios/bmw-x3-m50-xdrive-3-0-v6-aut-hibrido-2026-1511875480
1511876525,BMW X1 Sdrive 20I GP 2.0 TB Aut. 2026,363950,BMW,X1,Sdrive 20I GP 2.0 TB Aut.,2026,0,Flex,Automático,Verde,SP,São Paulo,Vila Leopoldina,N/A,11,N/A,Não,Não,N/A,https://sp.olx.com.br/sao-paulo-e-regiao/autos-e-pecas/carros-vans-e-utilitarios/bmw-x1-sdrive-20i-gp-2-0-tb-aut-2026-1511876525
1511880013,BMW X2 M35i Xdrive 2.0 Turbo 317cv Aut. 2026,539950,BMW,X2,M35i Xdrive 2.0 Turbo 317cv Aut.,2026,0,Gasolina,Automático,Azul,SP,São Paulo,Vila Leopoldina,N/A,11,N/A,Não,Não,N/A,https://sp.olx.com.br/sao-paulo-e-regiao/autos-e-pecas/carros-vans-e-utilitarios/bmw-x2-m35i-xdrive-2-0-turbo-317cv-aut-2026-1511880013
1512388625,BMW X1 Sdrive 20I X-line 2.0 TB Aut. 2026,363950,BMW,X1,Sdrive 20I X-line 2.0 TB Aut.,2026,0,Flex,Automático,Cinza,SP,São Paulo,Vila Leopoldina,N/A,11,N/A,Não,Não,N/A,https://sp.olx.com.br/sao-paulo-e-regiao/autos-e-pecas/carros-vans-e-utilitarios/bmw-x1-sdrive-20i-x-line-2-0-tb-aut-2026-1512388625
1512392117,BMW X2 M35i Xdrive 2.0 Turbo 317cv Aut. 2026,539950,BMW,X2,M35i Xdrive 2.0 Turbo 317cv Aut.,2026,0,Gasolina,Automático,Cinza,SP,São Paulo,Vila Leopoldina,N/A,11,N/A,Não,Não,N/A,https://sp.olx.com.br/sao-paulo-e-regiao/autos-e-pecas/carros-vans-e-utilitarios/bmw-x2-m35i-xdrive-2-0-turbo-317cv-aut-2026-1512392117
1512392156,BMW X2 M35i Xdrive 2.0 Turbo 317cv Aut. 2026,539950,BMW,X2,M35i Xdrive 2.0 Turbo 317cv Aut.,2026,0,Gasolina,Automático,Cinza,SP,São Paulo,Vila Leopoldina,N/A,11,N/A,Não,Não,N/A,https://sp.olx.com.br/sao-paulo-e-regiao/autos-e-pecas/carros-vans-e-utilitarios/bmw-x2-m35i-xdrive-2-0-turbo-317cv-aut-2026-1512392156
1512397114,BMW X3 Xdrive 30E M Sport Turbo Híbrido Aut. 2026,515950,BMW,X3,Xdrive 30E M Sport Turbo Híbrido Aut.,2026,0,Híbrido,Automático,Vermelho,SP,São Paulo,Vila Leopoldina,N/A,11,N/A,Não,Não,N/A,https://sp.olx.com.br/sao-paulo-e-regiao/autos-e-pecas/carros-vans-e-utilitarios/bmw-x3-xdrive-30e-m-sport-turbo-hibrido-aut-2026-1512397114
1512397502,BMW X3 M50 Xdrive 3.0 V6 Aut. (híbrido) 2026,645950,BMW,X3,M50 Xdrive 3.0 V6 Aut. (híbrido),2026,0,Híbrido,Automático,Cinza,SP,São Paulo,Vila Leopoldina,N/A,11,N/A,Não,Não,N/A,https://sp.olx.com.br/sao-paulo-e-regiao/autos-e-pecas/carros-vans-e-utilitarios/bmw-x3-m50-xdrive-3-0-v6-aut-hibrido-2026-1512397502
1512397638,BMW X3 Xdrive 30E M Sport Turbo Híbrido Aut. 2026,515950,BMW,X3,Xdrive 30E M Sport Turbo Híbrido Aut.,2026,0,Híbrido,Automático,Branco,SP,São Paulo,Vila Leopoldina,N/A,11,N/A,Não,Não,N/A,https://sp.olx.com.br/sao-paulo-e-regiao/autos-e-pecas/carros-vans-e-utilitarios/bmw-x3-xdrive-30e-m-sport-turbo-hibrido-aut-2026-1512397638
1512079176,BMW X5 Xdrive 45E 3.0 M.sport Híbrido AU 2023,464950,BMW,X5,Xdrive 45E 3.0 M.sport Híbrido AU,2023,55061,Híbrido,Automático,Preto,SP,São Paulo,Vila Leopoldina,N/A,11,N/A,Não,Não,"air bag, ar condicionado, alarme, bancos de couro, blindado, câmera de ré, computador de bordo, conexão usb, controle automático de velocidade, navegador gps, rodas de liga leve, sensor de ré, som, teto solar, tração 4x4, trava elétrica, vidro elétrico, volante multifuncional",https://sp.olx.com.br/sao-paulo-e-regiao/autos-e-pecas/carros-vans-e-utilitarios/bmw-x5-xdrive-45e-3-0-m-sport-hibrido-au-2023-1512079176
1515958330,BMW 320I 320i 2024,324890,BMW,320I,320i,2024,30365,Flex,Automático,Preto,SP,São Paulo,Vila Leopoldina,N/A,11,N/A,Não,Não,blindado,https://sp.olx.com.br/sao-paulo-e-regiao/autos-e-pecas/carros-vans-e-utilitarios/bmw-320i-320i-2024-1515958330
1510054830,BMW I7 Xdrive 60 M Sport Aut. (elétrico) 2024,989950,BMW,I7,Xdrive 60 M Sport Aut. (elétrico),2024,13858,Elétrico,Automático,Cinza,SP,São Paulo,Vila Leopoldina,N/A,11,N/A,Não,Não,"air bag, ar condicionado, alarme, bancos de couro, blindado, câmera de ré, computador de bordo, conexão usb, controle automático de velocidade, navegador gps, rodas de liga leve, sensor de ré, som, teto solar, tração 4x4, trava elétrica, vidro elétrico, volante multifuncional",https://sp.olx.com.br/sao-paulo-e-regiao/autos-e-pecas/carros-vans-e-utilitarios/bmw-i7-xdrive-60-m-sport-aut-eletrico-2024-1510054830
1522007990,BMW 320I A 2.0 TB M Sport Activeflex 16V 4P 2026,321950,BMW,320I,A 2.0 TB M Sport Activeflex 16V 4P,2026,9483,Flex,Automático,Preto,SP,São Paulo,Vila Leopoldina,N/A,11,N/A,Não,Não,N/A,https://sp.olx.com.br/sao-paulo-e-regiao/autos-e-pecas/carros-vans-e-utilitarios/bmw-320i-a-2-0-tb-m-sport-activeflex-16v-4p-2026-1522007990
1523478801,BMW 320I 320i 2024,299950,BMW,320I,320i,2024,8210,Flex,Automático,Cinza,SP,São Paulo,Vila Leopoldina,N/A,11,N/A,Não,Não,"air bag, câmera de ré, som",https://sp.olx.com.br/sao-paulo-e-regiao/autos-e-pecas/carros-vans-e-utilitarios/bmw-320i-320i-2024-1523478801
1511607297,BMW 530E M Sport 2.0 Turbo Híbrido Aut. 2023,359950,BMW,530E,M Sport 2.0 Turbo Híbrido Aut.,2023,39147,Híbrido,Automático,Preto,SP,São Paulo,Vila Leopoldina,N/A,11,N/A,Não,Não,"air bag, ar condicionado, alarme, bancos de couro, blindado, câmera de ré, computador de bordo, conexão usb, controle automático de velocidade, navegador gps, rodas de liga leve, sensor de ré, som, teto solar, trava elétrica, vidro elétrico, volante multifuncional",https://sp.olx.com.br/sao-paulo-e-regiao/autos-e-pecas/carros-vans-e-utilitarios/bmw-530e-m-sport-2-0-turbo-hibrido-aut-2023-1511607297
1522009920,BMW 320I A 2.0 TB M Sport Activeflex 16V 4P 2026,324890,BMW,320I,A 2.0 TB M Sport Activeflex 16V 4P,2026,6638,Flex,Automático,Cinza,SP,São Paulo,Vila Leopoldina,N/A,11,N/A,Não,Não,N/A,https://sp.olx.com.br/sao-paulo-e-regiao/autos-e-pecas/carros-vans-e-utilitarios/bmw-320i-a-2-0-tb-m-sport-activeflex-16v-4p-2026-1522009920
1525695615,BMW IX3 M Sport Aut. (elétrico) 2024,354950,BMW,IX3,M Sport Aut. (elétrico),2024,15431,Elétrico,Automático,Preto,SP,São Paulo,Vila Leopoldina,N/A,11,N/A,Não,Não,"air bag, ar condicionado, blindado, vidro elétrico",https://sp.olx.com.br/sao-paulo-e-regiao/autos-e-pecas/carros-vans-e-utilitarios/bmw-ix3-m-sport-aut-eletrico-2024-1525695615
1525715657,BMW X1 Sdrive 20I M Sport 2.0 TB Flex Aut. 2024,349850,BMW,X1,Sdrive 20I M Sport 2.0 TB Flex Aut.,2024,26800,Gasolina,Automático,Azul,SP,São Paulo,Vila Leopoldina,N/A,11,N/A,Não,Não,blindado,https://sp.olx.com.br/sao-paulo-e-regiao/autos-e-pecas/carros-vans-e-utilitarios/bmw-x1-sdrive-20i-m-sport-2-0-tb-flex-aut-2024-1525715657
1515353972,BMW 530E M Sport 2.0 Turbo Híbrido Aut. 2026,649950,BMW,530E,M Sport 2.0 Turbo Híbrido Aut.,2026,1740,Híbrido,Automático,Preto,SP,São Paulo,Vila Leopoldina,N/A,11,N/A,Não,Não,"ar condicionado, alarme, blindado",https://sp.olx.com.br/sao-paulo-e-regiao/autos-e-pecas/carros-vans-e-utilitarios/bmw-530e-m-sport-2-0-turbo-hibrido-aut-2026-1515353972
1523684704,BMW 330E M Sport 2.0 Turbo Híbrido AU 2024,349890,BMW,330E,M Sport 2.0 Turbo Híbrido AU,2024,40216,Híbrido,Automático,Cinza,SP,São Paulo,Vila Leopoldina,N/A,11,N/A,Não,Não,"air bag, ar condicionado, alarme, bancos de couro, blindado, câmera de ré, computador de bordo, conexão usb, controle automático de velocidade, navegador gps, rodas de liga leve, sensor de ré, som, teto solar, trava elétrica, vidro elétrico, volante multifuncional",https://sp.olx.com.br/sao-paulo-e-regiao/autos-e-pecas/carros-vans-e-utilitarios/bmw-330e-m-sport-2-0-turbo-hibrido-au-2024-1523684704
1525793672,BMW M3 Competition M 3.0 Bi-TB 510cv 2025,819890,BMW,M3,Competition M 3.0 Bi-TB 510cv,2025,3922,Gasolina,Automático,Cinza,SP,São Paulo,Vila Leopoldina,N/A,11,N/A,Não,Não,blindado,https://sp.olx.com.br/sao-paulo-e-regiao/autos-e-pecas/carros-vans-e-utilitarios/bmw-m3-competition-m-3-0-bi-tb-510cv-2025-1525793672
1513823196,BMW X1 Sdrive 18I GP 1.5 TB Aut. 2023,309890,BMW,X1,Sdrive 18I GP 1.5 TB Aut.,2023,30520,Gasolina,Automático,Branco,SP,São Paulo,Vila Leopoldina,N/A,11,N/A,Não,Não,"air bag, ar condicionado, alarme, bancos de couro, blindado, câmera de ré, computador de bordo, conexão usb, controle automático de velocidade, navegador gps, rodas de liga leve, sensor de ré, trava elétrica, vidro elétrico, volante multifuncional",https://sp.olx.com.br/sao-paulo-e-regiao/autos-e-pecas/carros-vans-e-utilitarios/bmw-x1-sdrive-18i-gp-1-5-tb-aut-2023-1513823196
1514110360,BMW X1 Sdrive 20I X-line 2.0 TB Active Flex 2023,284950,BMW,X1,Sdrive 20I X-line 2.0 TB Active Flex,2023,40930,Gasolina,Automático,Branco,SP,São Paulo,Vila Leopoldina,N/A,11,N/A,Não,Não,blindado,https://sp.olx.com.br/sao-paulo-e-regiao/autos-e-pecas/carros-vans-e-utilitarios/bmw-x1-sdrive-20i-x-line-2-0-tb-active-flex-2023-1514110360
1525524906,BMW X1 Sdrive 20I GP 2.0 TB Aut. 2026,297950,BMW,X1,Sdrive 20I GP 2.0 TB Aut.,2026,138,Gasolina,Automático,Prata,SP,São Paulo,Vila Leopoldina,N/A,11,N/A,Não,Não,N/A,https://sp.olx.com.br/sao-paulo-e-regiao/autos-e-pecas/carros-vans-e-utilitarios/bmw-x1-sdrive-20i-gp-2-0-tb-aut-2026-1525524906
1520283434,BMW X6 M Competition 4.4 V8 Bi-TB 625cv AUT 2023,719890,BMW,X6,M Competition 4.4 V8 Bi-TB 625cv AUT,2023,20116,Gasolina,Automático,Azul,SP,São Paulo,Vila Leopoldina,N/A,11,N/A,Não,Não,"air bag, ar condicionado, alarme, bancos de couro, blindado, câmera de ré, computador de bordo, conexão usb, controle automático de velocidade, navegador gps, rodas de liga leve, sensor de ré, som, teto solar, tração 4x4, trava elétrica, vidro elétrico, volante multifuncional",https://sp.olx.com.br/sao-paulo-e-regiao/autos-e-pecas/carros-vans-e-utilitarios/bmw-x6-m-competition-4-4-v8-bi-tb-625cv-aut-2023-1520283434
1529626333,BMW M3 Competition M 3.0 Bi-TB 510cv 2026,899950,BMW,M3,Competition M 3.0 Bi-TB 510cv,2026,5318,Gasolina,Automático,Cinza,SP,São Paulo,Vila Leopoldina,N/A,11,N/A,Não,Não,blindado,https://sp.olx.com.br/sao-paulo-e-regiao/autos-e-pecas/carros-vans-e-utilitarios/bmw-m3-competition-m-3-0-bi-tb-510cv-2026-1529626333
1529717894,BMW X5 Xdrive 30D M Sport 3.0 265cv Dies AUT 2024,589890,BMW,X5,Xdrive 30D M Sport 3.0 265cv Dies AUT,2024,40383,Híbrido,Automático,Cinza,SP,São Paulo,Vila Leopoldina,N/A,11,N/A,Não,Não,blindado,https://sp.olx.com.br/sao-paulo-e-regiao/autos-e-pecas/carros-vans-e-utilitarios/bmw-x5-xdrive-30d-m-sport-3-0-265cv-dies-aut-2024-1529717894
1516854849,BMW X3 Xdrive 30E M Sport Turbo Híbrido Aut. 2024,379950,BMW,X3,Xdrive 30E M Sport Turbo Híbrido Aut.,2024,42201,Híbrido,Automático,Preto,SP,São Paulo,Vila Leopoldina,N/A,11,N/A,Não,Não,"air bag, ar condicionado, alarme, bancos de couro, blindado, câmera de ré, computador de bordo, conexão usb, controle automático de velocidade, navegador gps, rodas de liga leve, sensor de ré, som, teto solar, tração 4x4, trava elétrica, vidro elétrico, volante multifuncional",https://sp.olx.com.br/sao-paulo-e-regiao/autos-e-pecas/carros-vans-e-utilitarios/bmw-x3-xdrive-30e-m-sport-turbo-hibrido-aut-2024-1516854849
1516895712,BMW IX XDrive 40 Aut. (elétrico) 2023,319950,BMW,IX XDrive 40,Aut. (elétrico),2023,50045,Elétrico,Automático,Cinza,SP,São Paulo,Vila Leopoldina,N/A,11,N/A,Não,Não,"air bag, ar condicionado, alarme, bancos de couro, blindado, câmera de ré, computador de bordo, conexão usb, controle automático de velocidade, navegador gps, rodas de liga leve, sensor de ré, som, tração 4x4, trava elétrica, vidro elétrico, volante multifuncional",https://sp.olx.com.br/sao-paulo-e-regiao/autos-e-pecas/carros-vans-e-utilitarios/bmw-ix-xdrive-40-aut-eletrico-2023-1516895712
1519549905,BMW X5 Xdrive 50E 3.0 M Sport Aut. (hibrido) 2026,686950,BMW,X5,Xdrive 50E 3.0 M Sport Aut. (hibrido),2026,10162,Híbrido,Automático,Preto,SP,São Paulo,Vila Leopoldina,N/A,11,N/A,Não,Não,N/A,https://sp.olx.com.br/sao-paulo-e-regiao/autos-e-pecas/carros-vans-e-utilitarios/bmw-x5-xdrive-50e-3-0-m-sport-aut-hibrido-2026-1519549905
1523753866,BMW X5 Xdrive 45E 3.0 M.sport Híbrido AU 2023,406950,BMW,X5,Xdrive 45E 3.0 M.sport Híbrido AU,2023,24554,Híbrido,Automático,Preto,SP,São Paulo,Vila Leopoldina,N/A,11,N/A,Não,Não,"air bag, ar condicionado, alarme, bancos de couro, câmera de ré, computador de bordo, conexão usb, controle automático de velocidade, navegador gps, rodas de liga leve, sensor de ré, som, teto solar, tração 4x4, trava elétrica, vidro elétrico, volante multifuncional",https://sp.olx.com.br/sao-paulo-e-regiao/autos-e-pecas/carros-vans-e-utilitarios/bmw-x5-xdrive-45e-3-0-m-sport-hibrido-au-2023-1523753866
1507716951,BMW X7 M60i 4.4 V8 Bi-TB Aut.(híbrido) 2025,1149950,BMW,X7,M60i 4.4 V8 Bi-TB Aut.(híbrido),2025,900,Híbrido,Automático,Preto,SP,São Paulo,Vila Leopoldina,N/A,11,N/A,Não,Não,"air bag, ar condicionado, alarme, bancos de couro, blindado, câmera de ré, computador de bordo, conexão usb, controle automático de velocidade, navegador gps, rodas de liga leve, sensor de ré, som, teto solar, tração 4x4, trava elétrica, vidro elétrico, volante multifuncional",https://sp.olx.com.br/sao-paulo-e-regiao/autos-e-pecas/carros-vans-e-utilitarios/bmw-x7-m60i-4-4-v8-bi-tb-aut-hibrido-2025-1507716951
1531356979,BMW 320I 320i 2024,369950,BMW,320I,320i,2024,19840,Flex,Automático,Preto,SP,São Paulo,Vila Leopoldina,N/A,11,N/A,Não,Não,blindado,https://sp.olx.com.br/sao-paulo-e-regiao/autos-e-pecas/carros-vans-e-utilitarios/bmw-320i-320i-2024-1531356979
1531359044,BMW 320I A 2.0 TB M Sport Activeflex 16V 4P 2025,309950,BMW,320I,A 2.0 TB M Sport Activeflex 16V 4P,2025,9460,Flex,Automático,Preto,SP,São Paulo,Vila Leopoldina,N/A,11,N/A,Não,Não,N/A,https://sp.olx.com.br/sao-paulo-e-regiao/autos-e-pecas/carros-vans-e-utilitarios/bmw-320i-a-2-0-tb-m-sport-activeflex-16v-4p-2025-1531359044
1531359740,BMW X1 Sdrive 20I M Sport 2.0 TB Flex Aut. 2025,309950,BMW,X1,Sdrive 20I M Sport 2.0 TB Flex Aut.,2025,22700,Gasolina,Automático,Branco,SP,São Paulo,Vila Leopoldina,N/A,11,N/A,Não,Não,N/A,https://sp.olx.com.br/sao-paulo-e-regiao/autos-e-pecas/carros-vans-e-utilitarios/bmw-x1-sdrive-20i-m-sport-2-0-tb-flex-aut-2025-1531359740
1531370671,BMW 320I A 2.0 TB M Sport Activeflex 16V 4P 2026,324790,BMW,320I,A 2.0 TB M Sport Activeflex 16V 4P,2026,7684,Flex,Automático,Preto,SP,São Paulo,Vila Leopoldina,N/A,11,N/A,Não,Não,N/A,https://sp.olx.com.br/sao-paulo-e-regiao/autos-e-pecas/carros-vans-e-utilitarios/bmw-320i-a-2-0-tb-m-sport-activeflex-16v-4p-2026-1531370671
1531509522,BMW M235I Xdrive Gran Coupé 2.0 AUT 2026,379890,BMW,M235I,Xdrive Gran Coupé 2.0 AUT,2026,100,Gasolina,Automático,Preto,SP,São Paulo,Vila Leopoldina,N/A,11,N/A,Não,Não,"ar condicionado, alarme",https://sp.olx.com.br/sao-paulo-e-regiao/autos-e-pecas/carros-vans-e-utilitarios/bmw-m235i-xdrive-gran-coupe-2-0-aut-2026-1531509522
1531561548,BMW X6 Xdrive 40I M Sport 3.0 Bi-turbo 2024,580950,BMW,X6,Xdrive 40I M Sport 3.0 Bi-turbo,2024,29772,Híbrido,Automático,Cinza,SP,São Paulo,Vila Leopoldina,N/A,11,N/A,Não,Não,"air bag, ar condicionado, alarme, bancos de couro, câmera de ré, computador de bordo, conexão usb, controle automático de velocidade, navegador gps, rodas de liga leve, sensor de ré, som, teto solar, trava elétrica, vidro elétrico, volante multifuncional",https://sp.olx.com.br/sao-paulo-e-regiao/autos-e-pecas/carros-vans-e-utilitarios/bmw-x6-xdrive-40i-m-sport-3-0-bi-turbo-2024-1531561548
1531564351,BMW 320I A 2.0 Turbo/activeflex 16V 184cv 4P 2024,294950,BMW,320I,A 2.0 Turbo/activeflex 16V 184cv 4P,2024,17694,Flex,Automático,Preto,SP,São Paulo,Vila Leopoldina,N/A,11,N/A,Não,Não,"air bag, ar condicionado, alarme, bancos de couro, câmera de ré, computador de bordo, conexão usb, controle automático de velocidade, navegador gps, rodas de liga leve, sensor de ré, trava elétrica, vidro elétrico, volante multifuncional",https://sp.olx.com.br/sao-paulo-e-regiao/autos-e-pecas/carros-vans-e-utilitarios/bmw-320i-a-2-0-turbo-activeflex-16v-184cv-4p-2024-1531564351
1531708477,BMW X1 Sdrive 20I X-line 2.0 TB Active Flex 2025,279950,BMW,X1,Sdrive 20I X-line 2.0 TB Active Flex,2025,33167,Gasolina,Automático,Prata,SP,São Paulo,Vila Leopoldina,N/A,11,N/A,Não,Não,N/A,https://sp.olx.com.br/sao-paulo-e-regiao/autos-e-pecas/carros-vans-e-utilitarios/bmw-x1-sdrive-20i-x-line-2-0-tb-active-flex-2025-1531708477
1531729278,BMW X6 Xdrive 40I M Sport 3.0 Bi-turbo 2024,664950,BMW,X6,Xdrive 40I M Sport 3.0 Bi-turbo,2024,43000,Híbrido,Automático,Preto,SP,São Paulo,Vila Leopoldina,N/A,11,N/A,Não,Não,"air bag, ar condicionado, alarme, bancos de couro, câmera de ré, computador de bordo, conexão usb, controle automático de velocidade, navegador gps, rodas de liga leve, sensor de ré, som, teto solar, trava elétrica, vidro elétrico, volante multifuncional",https://sp.olx.com.br/sao-paulo-e-regiao/autos-e-pecas/carros-vans-e-utilitarios/bmw-x6-xdrive-40i-m-sport-3-0-bi-turbo-2024-1531729278
1531731441,BMW X6 Xdrive 40I M Sport 3.0 Bi-turbo 2024,664950,BMW,X6,Xdrive 40I M Sport 3.0 Bi-turbo,2024,43000,Híbrido,Automático,Preto,SP,São Paulo,Vila Leopoldina,N/A,11,N/A,Não,Não,"air bag, ar condicionado, alarme, bancos de couro, câmera de ré, computador de bordo, conexão usb, controle automático de velocidade, navegador gps, rodas de liga leve, sensor de ré, som, teto solar, trava elétrica, vidro elétrico, volante multifuncional",https://sp.olx.com.br/sao-paulo-e-regiao/autos-e-pecas/carros-vans-e-utilitarios/bmw-x6-xdrive-40i-m-sport-3-0-bi-turbo-2024-1531731441
1494272386,BMW i4 M50 (elétrico) 2025,675950,BMW,i4,M50 (elétrico),2025,0,Elétrico,Automático,Preto,SP,Barueri,Alphaville Centro Industrial e Empresarial/Alphaville.,N/A,11,N/A,Não,Não,"ar condicionado, alarme, vidro elétrico",https://sp.olx.com.br/sao-paulo-e-regiao/autos-e-pecas/carros-vans-e-utilitarios/bmw-i4-m50-eletrico-2025-1494272386
1494582579,BMW M2 Coupe 3.0 Turbo 24V 370cv 2026,673950,BMW,M2,Coupe 3.0 Turbo 24V 370cv,2026,0,Gasolina,Automático,Preto,SP,Barueri,Alphaville Centro Industrial e Empresarial/Alphaville.,N/A,11,N/A,Não,Não,"ar condicionado, câmera de ré",https://sp.olx.com.br/sao-paulo-e-regiao/autos-e-pecas/carros-vans-e-utilitarios/bmw-m2-coupe-3-0-turbo-24v-370cv-2026-1494582579
1494582585,BMW M235I Xdrive Gran Coupé 2.0 AUT 2026,479950,BMW,M235I,Xdrive Gran Coupé 2.0 AUT,2026,0,Gasolina,Automático,Cinza,SP,Barueri,Alphaville Centro Industrial e Empresarial/Alphaville.,N/A,11,N/A,Não,Não,"ar condicionado, vidro elétrico",https://sp.olx.com.br/sao-paulo-e-regiao/autos-e-pecas/carros-vans-e-utilitarios/bmw-m235i-xdrive-gran-coupe-2-0-aut-2026-1494582585
1494582595,BMW M3 Competition M 3.0 Bi-TB 510cv 2026,892950,BMW,M3,Competition M 3.0 Bi-TB 510cv,2026,0,Gasolina,Automático,Cinza,SP,Barueri,Alphaville Centro Industrial e Empresarial/Alphaville.,N/A,11,N/A,Não,Não,"air bag, ar condicionado",https://sp.olx.com.br/sao-paulo-e-regiao/autos-e-pecas/carros-vans-e-utilitarios/bmw-m3-competition-m-3-0-bi-tb-510cv-2026-1494582595
1531794979,BMW 320I 320i 2024,281890,BMW,320I,320i,2024,37065,Flex,Automático,Preto,SP,São Paulo,Vila Leopoldina,N/A,11,N/A,Não,Não,N/A,https://sp.olx.com.br/sao-paulo-e-regiao/autos-e-pecas/carros-vans-e-utilitarios/bmw-320i-320i-2024-1531794979
1463207216,BMW X3 Xdrive 30E X-line Turbo Híbrido AU 2023,394950,BMW,X3,Xdrive 30E X-line Turbo Híbrido AU,2023,43659,Híbrido,Automático,Cinza,SP,Barueri,Alphaville Centro Industrial e Empresarial/Alphaville.,N/A,11,N/A,Não,Não,"air bag, ar condicionado, alarme, bancos de couro, blindado, câmera de ré, computador de bordo, conexão usb, controle automático de velocidade, navegador gps, rodas de liga leve, sensor de ré, som, teto solar, tração 4x4, trava elétrica, vidro elétrico, volante multifuncional",https://sp.olx.com.br/sao-paulo-e-regiao/autos-e-pecas/carros-vans-e-utilitarios/bmw-x3-xdrive-30e-x-line-turbo-hibrido-au-2023-1463207216
1494123568,BMW 320I A 2.0 TB M Sport Activeflex 16V 4P 2026,389950,BMW,320I,A 2.0 TB M Sport Activeflex 16V 4P,2026,0,Flex,Automático,Azul,SP,Barueri,Alphaville Centro Industrial e Empresarial/Alphaville.,N/A,11,N/A,Não,Não,N/A,https://sp.olx.com.br/sao-paulo-e-regiao/autos-e-pecas/carros-vans-e-utilitarios/bmw-320i-a-2-0-tb-m-sport-activeflex-16v-4p-2026-1494123568
1494273462,BMW IX 2 Xdrive 30 M Sport (elétrico) 2025,464950,BMW,IX,2 Xdrive 30 M Sport (elétrico),2025,0,Elétrico,Automático,Cinza,SP,Barueri,Alphaville Centro Industrial e Empresarial/Alphaville.,N/A,11,N/A,Não,Não,"ar condicionado, alarme, vidro elétrico",https://sp.olx.com.br/sao-paulo-e-regiao/autos-e-pecas/carros-vans-e-utilitarios/bmw-ix-2-xdrive-30-m-sport-eletrico-2025-1494273462
1494670532,BMW M235I Xdrive Gran Coupé 2.0 AUT 2026,489950,BMW,M235I,Xdrive Gran Coupé 2.0 AUT,2026,0,Gasolina,Automático,Outra,SP,Barueri,Alphaville Centro Industrial e Empresarial/Alphaville.,N/A,11,N/A,Não,Não,N/A,https://sp.olx.com.br/sao-paulo-e-regiao/autos-e-pecas/carros-vans-e-utilitarios/bmw-m235i-xdrive-gran-coupe-2-0-aut-2026-1494670532
1511850536,BMW X3 Xdrive 30E M Sport Turbo Híbrido Aut. 2026,515950,BMW,X3,Xdrive 30E M Sport Turbo Híbrido Aut.,2026,0,Híbrido,Automático,Branco,SP,Barueri,Alphaville Centro Industrial e Empresarial/Alphaville.,N/A,11,N/A,Não,Não,N/A,https://sp.olx.com.br/sao-paulo-e-regiao/autos-e-pecas/carros-vans-e-utilitarios/bmw-x3-xdrive-30e-m-sport-turbo-hibrido-aut-2026-1511850536
1504454002,BMW X3 Xdrive 30E M Sport Turbo Híbrido Aut. 2026,515950,BMW,X3,Xdrive 30E M Sport Turbo Híbrido Aut.,2026,0,Híbrido,Automático,Vermelho,SP,Barueri,Alphaville Centro Industrial e Empresarial/Alphaville.,N/A,11,N/A,Não,Não,N/A,https://sp.olx.com.br/sao-paulo-e-regiao/autos-e-pecas/carros-vans-e-utilitarios/bmw-x3-xdrive-30e-m-sport-turbo-hibrido-aut-2026-1504454002
1511851015,BMW X3 M50 Xdrive 3.0 V6 Aut. (híbrido) 2026,645950,BMW,X3,M50 Xdrive 3.0 V6 Aut. (híbrido),2026,0,Híbrido,Automático,Cinza,SP,Barueri,Alphaville Centro Industrial e Empresarial/Alphaville.,N/A,11,N/A,Não,Não,N/A,https://sp.olx.com.br/sao-paulo-e-regiao/autos-e-pecas/carros-vans-e-utilitarios/bmw-x3-m50-xdrive-3-0-v6-aut-hibrido-2026-1511851015
1511851127,BMW X1 Sdrive 20I X-line 2.0 TB Aut. 2026,363950,BMW,X1,Sdrive 20I X-line 2.0 TB Aut.,2026,0,Flex,Automático,Cinza,SP,Barueri,Alphaville Centro Industrial e Empresarial/Alphaville.,N/A,11,N/A,Não,Não,N/A,https://sp.olx.com.br/sao-paulo-e-regiao/autos-e-pecas/carros-vans-e-utilitarios/bmw-x1-sdrive-20i-x-line-2-0-tb-aut-2026-1511851127
1511852743,BMW X2 M35i Xdrive 2.0 Turbo 317cv Aut. 2026,539950,BMW,X2,M35i Xdrive 2.0 Turbo 317cv Aut.,2026,0,Gasolina,Automático,Cinza,SP,Barueri,Alphaville Centro Industrial e Empresarial/Alphaville.,N/A,11,N/A,Não,Não,N/A,https://sp.olx.com.br/sao-paulo-e-regiao/autos-e-pecas/carros-vans-e-utilitarios/bmw-x2-m35i-xdrive-2-0-turbo-317cv-aut-2026-1511852743
1511853155,BMW X2 M35i Xdrive 2.0 Turbo 317cv Aut. 2026,539950,BMW,X2,M35i Xdrive 2.0 Turbo 317cv Aut.,2026,0,Gasolina,Automático,Cinza,SP,Barueri,Alphaville Centro Industrial e Empresarial/Alphaville.,N/A,11,N/A,Não,Não,N/A,https://sp.olx.com.br/sao-paulo-e-regiao/autos-e-pecas/carros-vans-e-utilitarios/bmw-x2-m35i-xdrive-2-0-turbo-317cv-aut-2026-1511853155
1511853479,BMW X2 M35i Xdrive 2.0 Turbo 317cv Aut. 2026,539950,BMW,X2,M35i Xdrive 2.0 Turbo 317cv Aut.,2026,0,Gasolina,Automático,Azul,SP,Barueri,Alphaville Centro Industrial e Empresarial/Alphaville.,N/A,11,N/A,Não,Não,N/A,https://sp.olx.com.br/sao-paulo-e-regiao/autos-e-pecas/carros-vans-e-utilitarios/bmw-x2-m35i-xdrive-2-0-turbo-317cv-aut-2026-1511853479
1511853552,BMW X1 Sdrive 20I GP 2.0 TB Aut. 2026,363950,BMW,X1,Sdrive 20I GP 2.0 TB Aut.,2026,0,Flex,Automático,Verde,SP,Barueri,Alphaville Centro Industrial e Empresarial/Alphaville.,N/A,11,N/A,Não,Não,N/A,https://sp.olx.com.br/sao-paulo-e-regiao/autos-e-pecas/carros-vans-e-utilitarios/bmw-x1-sdrive-20i-gp-2-0-tb-aut-2026-1511853552
1511861590,BMW X5 Xdrive 50E 3.0 M Sport Aut. (hibrido) 2026,859950,BMW,X5,Xdrive 50E 3.0 M Sport Aut. (hibrido),2026,0,Híbrido,Automático,Cinza,SP,Barueri,Alphaville Centro Industrial e Empresarial/Alphaville.,N/A,11,N/A,Não,Não,"ar condicionado, vidro elétrico",https://sp.olx.com.br/sao-paulo-e-regiao/autos-e-pecas/carros-vans-e-utilitarios/bmw-x5-xdrive-50e-3-0-m-sport-aut-hibrido-2026-1511861590
1511854754,BMW X1 Sdrive 20I GP 2.0 TB Aut. 2026,330950,BMW,X1,Sdrive 20I GP 2.0 TB Aut.,2026,0,Gasolina,Automático,Preto,SP,Barueri,Alphaville Centro Industrial e Empresarial/Alphaville.,N/A,11,N/A,Não,Não,N/A,https://sp.olx.com.br/sao-paulo-e-regiao/autos-e-pecas/carros-vans-e-utilitarios/bmw-x1-sdrive-20i-gp-2-0-tb-aut-2026-1511854754
1511856242,BMW IX1 Xdrive 30 M Sport (elétrico) 2026,383950,BMW,IX1,Xdrive 30 M Sport (elétrico),2026,0,Elétrico,Automático,Prata,SP,Barueri,Alphaville Centro Industrial e Empresarial/Alphaville.,N/A,11,N/A,Não,Não,N/A,https://sp.olx.com.br/sao-paulo-e-regiao/autos-e-pecas/carros-vans-e-utilitarios/bmw-ix1-xdrive-30-m-sport-eletrico-2026-1511856242
1511857242,BMW X7 Xdrive40i 3.0 2026,1026950,BMW,X7,Xdrive40i 3.0,2026,0,Gasolina,Automático,Prata,SP,Barueri,Alphaville Centro Industrial e Empresarial/Alphaville.,N/A,11,N/A,Não,Não,N/A,https://sp.olx.com.br/sao-paulo-e-regiao/autos-e-pecas/carros-vans-e-utilitarios/bmw-x7-xdrive40i-3-0-2026-1511857242
1511859692,BMW X3 M50 Xdrive 3.0 V6 Aut. (híbrido) 2026,645950,BMW,X3,M50 Xdrive 3.0 V6 Aut. (híbrido),2026,0,Gasolina,Automático,Cinza,SP,Barueri,Alphaville Centro Industrial e Empresarial/Alphaville.,N/A,11,N/A,Não,Não,"ar condicionado, vidro elétrico",https://sp.olx.com.br/sao-paulo-e-regiao/autos-e-pecas/carros-vans-e-utilitarios/bmw-x3-m50-xdrive-3-0-v6-aut-hibrido-2026-1511859692
1511862152,BMW X6 Xdrive 40I M Sport 3.0 Bi-turbo 2026,881950,BMW,X6,Xdrive 40I M Sport 3.0 Bi-turbo,2026,0,Gasolina,Automático,Cinza,SP,Barueri,Alphaville Centro Industrial e Empresarial/Alphaville.,N/A,11,N/A,Não,Não,vidro elétrico,https://sp.olx.com.br/sao-paulo-e-regiao/autos-e-pecas/carros-vans-e-utilitarios/bmw-x6-xdrive-40i-m-sport-3-0-bi-turbo-2026-1511862152
1512060668,BMW X5 Xdrive 45E 3.0 M.sport Híbrido AU 2023,479950,BMW,X5,Xdrive 45E 3.0 M.sport Híbrido AU,2023,55061,Híbrido,Automático,Preto,SP,Barueri,Alphaville Centro Industrial e Empresarial/Alphaville.,N/A,11,N/A,Não,Não,"air bag, ar condicionado, alarme, bancos de couro, blindado, câmera de ré, computador de bordo, conexão usb, controle automático de velocidade, navegador gps, rodas de liga leve, sensor de ré, som, teto solar, tração 4x4, trava elétrica, vidro elétrico, volante multifuncional",https://sp.olx.com.br/sao-paulo-e-regiao/autos-e-pecas/carros-vans-e-utilitarios/bmw-x5-xdrive-45e-3-0-m-sport-hibrido-au-2023-1512060668
1518616483,BMW X1 Sdrive 20I M Sport 2.0 TB Flex Aut. 2025,314890,BMW,X1,Sdrive 20I M Sport 2.0 TB Flex Aut.,2025,28070,Gasolina,Automático,Prata,SP,Barueri,Alphaville Centro Industrial e Empresarial/Alphaville.,N/A,11,N/A,Não,Não,N/A,https://sp.olx.com.br/sao-paulo-e-regiao/autos-e-pecas/carros-vans-e-utilitarios/bmw-x1-sdrive-20i-m-sport-2-0-tb-flex-aut-2025-1518616483
1518651668,BMW 320I A 2.0 TB M Sport Activeflex 16V 4P 2025,319950,BMW,320I,A 2.0 TB M Sport Activeflex 16V 4P,2025,11453,Flex,Automático,Cinza,SP,Barueri,Alphaville Centro Industrial e Empresarial/Alphaville.,N/A,11,N/A,Não,Não,N/A,https://sp.olx.com.br/sao-paulo-e-regiao/autos-e-pecas/carros-vans-e-utilitarios/bmw-320i-a-2-0-tb-m-sport-activeflex-16v-4p-2025-1518651668
1522135866,BMW 320I 320i 2024,359950,BMW,320I,320i,2024,6540,Flex,Automático,Preto,SP,Barueri,Alphaville Centro Industrial e Empresarial/Alphaville.,N/A,11,N/A,Não,Não,blindado,https://sp.olx.com.br/sao-paulo-e-regiao/autos-e-pecas/carros-vans-e-utilitarios/bmw-320i-320i-2024-1522135866
1512070181,BMW X5 Xdrive 45E 3.0 M.sport Híbrido AU 2023,464950,BMW,X5,Xdrive 45E 3.0 M.sport Híbrido AU,2023,55061,Híbrido,Automático,Preto,SP,Barueri,Alphaville Centro Industrial e Empresarial/Alphaville.,N/A,11,N/A,Não,Não,"air bag, ar condicionado, alarme, bancos de couro, blindado, câmera de ré, computador de bordo, conexão usb, controle automático de velocidade, navegador gps, rodas de liga leve, sensor de ré, som, teto solar, tração 4x4, trava elétrica, vidro elétrico, volante multifuncional",https://sp.olx.com.br/sao-paulo-e-regiao/autos-e-pecas/carros-vans-e-utilitarios/bmw-x5-xdrive-45e-3-0-m-sport-hibrido-au-2023-1512070181
1503599056,BMW X3 Xdrive 20I 2.0/x-line Bi-TB Flex Aut. 2024,294950,BMW,X3,Xdrive 20I 2.0/x-line Bi-TB Flex Aut.,2024,51379,Híbrido,Automático,Branco,SP,Barueri,Alphaville Centro Industrial e Empresarial/Alphaville.,N/A,11,N/A,Não,Não,N/A,https://sp.olx.com.br/sao-paulo-e-regiao/autos-e-pecas/carros-vans-e-utilitarios/bmw-x3-xdrive-20i-2-0-x-line-bi-tb-flex-aut-2024-1503599056
1507447852,BMW I7 Xdrive 60 M Sport Aut. (elétrico) 2024,989950,BMW,I7,Xdrive 60 M Sport Aut. (elétrico),2024,13858,Elétrico,Automático,Cinza,SP,Barueri,Alphaville Centro Industrial e Empresarial/Alphaville.,N/A,11,N/A,Não,Não,"air bag, ar condicionado, alarme, bancos de couro, blindado, câmera de ré, computador de bordo, conexão usb, controle automático de velocidade, navegador gps, rodas de liga leve, sensor de ré, som, teto solar, tração 4x4, trava elétrica, vidro elétrico, volante multifuncional",https://sp.olx.com.br/sao-paulo-e-regiao/autos-e-pecas/carros-vans-e-utilitarios/bmw-i7-xdrive-60-m-sport-aut-eletrico-2024-1507447852
1511607045,BMW 530E M Sport 2.0 Turbo Híbrido Aut. 2023,359950,BMW,530E,M Sport 2.0 Turbo Híbrido Aut.,2023,39147,Híbrido,Automático,Preto,SP,Barueri,Alphaville Centro Industrial e Empresarial/Alphaville.,N/A,11,N/A,Não,Não,"air bag, ar condicionado, alarme, bancos de couro, blindado, câmera de ré, computador de bordo, conexão usb, controle automático de velocidade, navegador gps, rodas de liga leve, sensor de ré, som, teto solar, trava elétrica, vidro elétrico, volante multifuncional",https://sp.olx.com.br/sao-paulo-e-regiao/autos-e-pecas/carros-vans-e-utilitarios/bmw-530e-m-sport-2-0-turbo-hibrido-aut-2023-1511607045
1515958759,BMW 320I 320i 2024,324890,BMW,320I,320i,2024,30365,Flex,Automático,Preto,SP,Barueri,Alphaville Centro Industrial e Empresarial/Alphaville.,N/A,11,N/A,Não,Não,blindado,https://sp.olx.com.br/sao-paulo-e-regiao/autos-e-pecas/carros-vans-e-utilitarios/bmw-320i-320i-2024-1515958759
1522008401,BMW 320I A 2.0 TB M Sport Activeflex 16V 4P 2026,321950,BMW,320I,A 2.0 TB M Sport Activeflex 16V 4P,2026,9483,Flex,Automático,Preto,SP,Barueri,Alphaville Centro Industrial e Empresarial/Alphaville.,N/A,11,N/A,Não,Não,N/A,https://sp.olx.com.br/sao-paulo-e-regiao/autos-e-pecas/carros-vans-e-utilitarios/bmw-320i-a-2-0-tb-m-sport-activeflex-16v-4p-2026-1522008401
1523477489,BMW 320I 320i 2024,299950,BMW,320I,320i,2024,8210,Flex,Automático,Cinza,SP,Barueri,Alphaville Centro Industrial e Empresarial/Alphaville.,N/A,11,N/A,Não,Não,"air bag, câmera de ré, som",https://sp.olx.com.br/sao-paulo-e-regiao/autos-e-pecas/carros-vans-e-utilitarios/bmw-320i-320i-2024-1523477489
1515353138,BMW 530E M Sport 2.0 Turbo Híbrido Aut. 2026,649950,BMW,530E,M Sport 2.0 Turbo Híbrido Aut.,2026,1740,Híbrido,Automático,Preto,SP,Barueri,Alphaville Centro Industrial e Empresarial/Alphaville.,N/A,11,N/A,Não,Não,"ar condicionado, alarme, blindado",https://sp.olx.com.br/sao-paulo-e-regiao/autos-e-pecas/carros-vans-e-utilitarios/bmw-530e-m-sport-2-0-turbo-hibrido-aut-2026-1515353138
1523684948,BMW 330E M Sport 2.0 Turbo Híbrido AU 2024,349890,BMW,330E,M Sport 2.0 Turbo Híbrido AU,2024,40216,Híbrido,Automático,Cinza,SP,Barueri,Alphaville Centro Industrial e Empresarial/Alphaville.,N/A,11,N/A,Não,Não,"air bag, ar condicionado, alarme, bancos de couro, blindado, câmera de ré, computador de bordo, conexão usb, controle automático de velocidade, navegador gps, rodas de liga leve, sensor de ré, som, teto solar, trava elétrica, vidro elétrico, volante multifuncional",https://sp.olx.com.br/sao-paulo-e-regiao/autos-e-pecas/carros-vans-e-utilitarios/bmw-330e-m-sport-2-0-turbo-hibrido-au-2024-1523684948
1525695613,BMW IX3 M Sport Aut. (elétrico) 2024,354950,BMW,IX3,M Sport Aut. (elétrico),2024,15431,Elétrico,Automático,Preto,SP,Barueri,Alphaville Centro Industrial e Empresarial/Alphaville.,N/A,11,N/A,Não,Não,"air bag, ar condicionado, blindado, vidro elétrico",https://sp.olx.com.br/sao-paulo-e-regiao/autos-e-pecas/carros-vans-e-utilitarios/bmw-ix3-m-sport-aut-eletrico-2024-1525695613
1525716208,BMW X1 Sdrive 20I M Sport 2.0 TB Flex Aut. 2024,349850,BMW,X1,Sdrive 20I M Sport 2.0 TB Flex Aut.,2024,26800,Gasolina,Automático,Azul,SP,Barueri,Alphaville Centro Industrial e Empresarial/Alphaville.,N/A,11,N/A,Não,Não,blindado,https://sp.olx.com.br/sao-paulo-e-regiao/autos-e-pecas/carros-vans-e-utilitarios/bmw-x1-sdrive-20i-m-sport-2-0-tb-flex-aut-2024-1525716208
1515352853,BMW X1 Sdrive 20I X-line 2.0 TB Active Flex 2023,284950,BMW,X1,Sdrive 20I X-line 2.0 TB Active Flex,2023,40930,Gasolina,Automático,Branco,SP,Barueri,Alphaville Centro Industrial e Empresarial/Alphaville.,N/A,11,N/A,Não,Não,blindado,https://sp.olx.com.br/sao-paulo-e-regiao/autos-e-pecas/carros-vans-e-utilitarios/bmw-x1-sdrive-20i-x-line-2-0-tb-active-flex-2023-1515352853
1525793675,BMW M3 Competition M 3.0 Bi-TB 510cv 2025,819890,BMW,M3,Competition M 3.0 Bi-TB 510cv,2025,3922,Gasolina,Automático,Cinza,SP,Barueri,Alphaville Centro Industrial e Empresarial/Alphaville.,N/A,11,N/A,Não,Não,blindado,https://sp.olx.com.br/sao-paulo-e-regiao/autos-e-pecas/carros-vans-e-utilitarios/bmw-m3-competition-m-3-0-bi-tb-510cv-2025-1525793675
1516855436,BMW X3 Xdrive 30E M Sport Turbo Híbrido Aut. 2024,379950,BMW,X3,Xdrive 30E M Sport Turbo Híbrido Aut.,2024,42201,Híbrido,Automático,Preto,SP,Barueri,Alphaville Centro Industrial e Empresarial/Alphaville.,N/A,11,N/A,Não,Não,"air bag, ar condicionado, alarme, bancos de couro, blindado, câmera de ré, computador de bordo, conexão usb, controle automático de velocidade, navegador gps, rodas de liga leve, sensor de ré, som, teto solar, tração 4x4, trava elétrica, vidro elétrico, volante multifuncional",https://sp.olx.com.br/sao-paulo-e-regiao/autos-e-pecas/carros-vans-e-utilitarios/bmw-x3-xdrive-30e-m-sport-turbo-hibrido-aut-2024-1516855436
1525534806,BMW X1 Sdrive 20I GP 2.0 TB Aut. 2026,297950,BMW,X1,Sdrive 20I GP 2.0 TB Aut.,2026,138,Gasolina,Automático,Prata,SP,Barueri,Alphaville Centro Industrial e Empresarial/Alphaville.,N/A,11,N/A,Não,Não,N/A,https://sp.olx.com.br/sao-paulo-e-regiao/autos-e-pecas/carros-vans-e-utilitarios/bmw-x1-sdrive-20i-gp-2-0-tb-aut-2026-1525534806
1529625723,BMW M3 Competition M 3.0 Bi-TB 510cv 2026,899950,BMW,M3,Competition M 3.0 Bi-TB 510cv,2026,5318,Gasolina,Automático,Cinza,SP,Barueri,Alphaville Centro Industrial e Empresarial/Alphaville.,N/A,11,N/A,Não,Não,blindado,https://sp.olx.com.br/sao-paulo-e-regiao/autos-e-pecas/carros-vans-e-utilitarios/bmw-m3-competition-m-3-0-bi-tb-510cv-2026-1529625723
1519549216,BMW X5 Xdrive 50E 3.0 M Sport Aut. (hibrido) 2026,686950,BMW,X5,Xdrive 50E 3.0 M Sport Aut. (hibrido),2026,10162,Híbrido,Automático,Preto,SP,Barueri,Alphaville Centro Industrial e Empresarial/Alphaville.,N/A,11,N/A,Não,Não,N/A,https://sp.olx.com.br/sao-paulo-e-regiao/autos-e-pecas/carros-vans-e-utilitarios/bmw-x5-xdrive-50e-3-0-m-sport-aut-hibrido-2026-1519549216
1520283397,BMW X6 M Competition 4.4 V8 Bi-TB 625cv AUT 2023,719890,BMW,X6,M Competition 4.4 V8 Bi-TB 625cv AUT,2023,20116,Gasolina,Automático,Azul,SP,Barueri,Alphaville Centro Industrial e Empresarial/Alphaville.,N/A,11,N/A,Não,Não,"air bag, ar condicionado, alarme, bancos de couro, blindado, câmera de ré, computador de bordo, conexão usb, controle automático de velocidade, navegador gps, rodas de liga leve, sensor de ré, som, teto solar, tração 4x4, trava elétrica, vidro elétrico, volante multifuncional",https://sp.olx.com.br/sao-paulo-e-regiao/autos-e-pecas/carros-vans-e-utilitarios/bmw-x6-m-competition-4-4-v8-bi-tb-625cv-aut-2023-1520283397
1523763609,BMW X5 Xdrive 45E 3.0 M.sport Híbrido AU 2023,406950,BMW,X5,Xdrive 45E 3.0 M.sport Híbrido AU,2023,24554,Híbrido,Automático,Preto,SP,Barueri,Alphaville Centro Industrial e Empresarial/Alphaville.,N/A,11,N/A,Não,Não,"air bag, ar condicionado, alarme, bancos de couro, câmera de ré, computador de bordo, conexão usb, controle automático de velocidade, navegador gps, rodas de liga leve, sensor de ré, som, teto solar, tração 4x4, trava elétrica, vidro elétrico, volante multifuncional",https://sp.olx.com.br/sao-paulo-e-regiao/autos-e-pecas/carros-vans-e-utilitarios/bmw-x5-xdrive-45e-3-0-m-sport-hibrido-au-2023-1523763609
1525692457,BMW IX XDrive 40 Aut. (elétrico) 2023,319950,BMW,IX XDrive 40,Aut. (elétrico),2023,50045,Elétrico,Automático,Cinza,SP,Barueri,Alphaville Centro Industrial e Empresarial/Alphaville.,N/A,11,N/A,Não,Não,"air bag, ar condicionado, alarme, bancos de couro, blindado, câmera de ré, computador de bordo, conexão usb, controle automático de velocidade, navegador gps, rodas de liga leve, sensor de ré, som, tração 4x4, trava elétrica, vidro elétrico, volante multifuncional",https://sp.olx.com.br/sao-paulo-e-regiao/autos-e-pecas/carros-vans-e-utilitarios/bmw-ix-xdrive-40-aut-eletrico-2023-1525692457
1529717899,BMW X5 Xdrive 30D M Sport 3.0 265cv Dies AUT 2024,589890,BMW,X5,Xdrive 30D M Sport 3.0 265cv Dies AUT,2024,40383,Híbrido,Automático,Cinza,SP,Barueri,Alphaville Centro Industrial e Empresarial/Alphaville.,N/A,11,N/A,Não,Não,blindado,https://sp.olx.com.br/sao-paulo-e-regiao/autos-e-pecas/carros-vans-e-utilitarios/bmw-x5-xdrive-30d-m-sport-3-0-265cv-dies-aut-2024-1529717899
1531359735,BMW X1 Sdrive 20I M Sport 2.0 TB Flex Aut. 2025,309950,BMW,X1,Sdrive 20I M Sport 2.0 TB Flex Aut.,2025,22700,Gasolina,Automático,Branco,SP,Barueri,Alphaville Centro Industrial e Empresarial/Alphaville.,N/A,11,N/A,Não,Não,N/A,https://sp.olx.com.br/sao-paulo-e-regiao/autos-e-pecas/carros-vans-e-utilitarios/bmw-x1-sdrive-20i-m-sport-2-0-tb-flex-aut-2025-1531359735
1531355950,BMW 320I 320i 2024,369950,BMW,320I,320i,2024,19840,Flex,Automático,Preto,SP,Barueri,Alphaville Centro Industrial e Empresarial/Alphaville.,N/A,11,N/A,Não,Não,blindado,https://sp.olx.com.br/sao-paulo-e-regiao/autos-e-pecas/carros-vans-e-utilitarios/bmw-320i-320i-2024-1531355950
1531357934,BMW 320I A 2.0 TB M Sport Activeflex 16V 4P 2025,309950,BMW,320I,A 2.0 TB M Sport Activeflex 16V 4P,2025,9460,Flex,Automático,Preto,SP,Barueri,Alphaville Centro Industrial e Empresarial/Alphaville.,N/A,11,N/A,Não,Não,N/A,https://sp.olx.com.br/sao-paulo-e-regiao/autos-e-pecas/carros-vans-e-utilitarios/bmw-320i-a-2-0-tb-m-sport-activeflex-16v-4p-2025-1531357934
1531370668,BMW 320I A 2.0 TB M Sport Activeflex 16V 4P 2026,324790,BMW,320I,A 2.0 TB M Sport Activeflex 16V 4P,2026,7684,Flex,Automático,Preto,SP,Barueri,Alphaville Centro Industrial e Empresarial/Alphaville.,N/A,11,N/A,Não,Não,N/A,https://sp.olx.com.br/sao-paulo-e-regiao/autos-e-pecas/carros-vans-e-utilitarios/bmw-320i-a-2-0-tb-m-sport-activeflex-16v-4p-2026-1531370668
1508143900,BMW X7 M60i 4.4 V8 Bi-TB Aut.(híbrido) 2025,1149950,BMW,X7,M60i 4.4 V8 Bi-TB Aut.(híbrido),2025,900,Híbrido,Automático,Preto,SP,Barueri,Alphaville Centro Industrial e Empresarial/Alphaville.,N/A,11,N/A,Não,Não,"air bag, ar condicionado, alarme, bancos de couro, blindado, câmera de ré, computador de bordo, conexão usb, controle automático de velocidade, navegador gps, rodas de liga leve, sensor de ré, som, teto solar, tração 4x4, trava elétrica, vidro elétrico, volante multifuncional",https://sp.olx.com.br/sao-paulo-e-regiao/autos-e-pecas/carros-vans-e-utilitarios/bmw-x7-m60i-4-4-v8-bi-tb-aut-hibrido-2025-1508143900
1531560897,BMW X6 Xdrive 40I M Sport 3.0 Bi-turbo 2024,580950,BMW,X6,Xdrive 40I M Sport 3.0 Bi-turbo,2024,29772,Híbrido,Automático,Cinza,SP,Barueri,Alphaville Centro Industrial e Empresarial/Alphaville.,N/A,11,N/A,Não,Não,"air bag, ar condicionado, alarme, bancos de couro, câmera de ré, computador de bordo, conexão usb, controle automático de velocidade, navegador gps, rodas de liga leve, sensor de ré, som, teto solar, trava elétrica, vidro elétrico, volante multifuncional",https://sp.olx.com.br/sao-paulo-e-regiao/autos-e-pecas/carros-vans-e-utilitarios/bmw-x6-xdrive-40i-m-sport-3-0-bi-turbo-2024-1531560897
1531564350,BMW 320I A 2.0 Turbo/activeflex 16V 184cv 4P 2024,294950,BMW,320I,A 2.0 Turbo/activeflex 16V 184cv 4P,2024,17694,Flex,Automático,Preto,SP,Barueri,Alphaville Centro Industrial e Empresarial/Alphaville.,N/A,11,N/A,Não,Não,"air bag, ar condicionado, alarme, bancos de couro, câmera de ré, computador de bordo, conexão usb, controle automático de velocidade, navegador gps, rodas de liga leve, sensor de ré, trava elétrica, vidro elétrico, volante multifuncional",https://sp.olx.com.br/sao-paulo-e-regiao/autos-e-pecas/carros-vans-e-utilitarios/bmw-320i-a-2-0-turbo-activeflex-16v-184cv-4p-2024-1531564350
1531708470,BMW X1 Sdrive 20I X-line 2.0 TB Active Flex 2025,279950,BMW,X1,Sdrive 20I X-line 2.0 TB Active Flex,2025,33167,Gasolina,Automático,Prata,SP,Barueri,Alphaville Centro Industrial e Empresarial/Alphaville.,N/A,11,N/A,Não,Não,N/A,https://sp.olx.com.br/sao-paulo-e-regiao/autos-e-pecas/carros-vans-e-utilitarios/bmw-x1-sdrive-20i-x-line-2-0-tb-active-flex-2025-1531708470
1531729125,BMW X6 Xdrive 40I M Sport 3.0 Bi-turbo 2024,664950,BMW,X6,Xdrive 40I M Sport 3.0 Bi-turbo,2024,43000,Híbrido,Automático,Preto,SP,Barueri,Alphaville Centro Industrial e Empresarial/Alphaville.,N/A,11,N/A,Não,Não,"air bag, ar condicionado, alarme, bancos de couro, câmera de ré, computador de bordo, conexão usb, controle automático de velocidade, navegador gps, rodas de liga leve, sensor de ré, som, teto solar, trava elétrica, vidro elétrico, volante multifuncional",https://sp.olx.com.br/sao-paulo-e-regiao/autos-e-pecas/carros-vans-e-utilitarios/bmw-x6-xdrive-40i-m-sport-3-0-bi-turbo-2024-1531729125
1531795005,BMW 320I 320i 2024,281890,BMW,320I,320i,2024,37065,Flex,Automático,Preto,SP,Barueri,Alphaville Centro Industrial e Empresarial/Alphaville.,N/A,11,N/A,Não,Não,N/A,https://sp.olx.com.br/sao-paulo-e-regiao/autos-e-pecas/carros-vans-e-utilitarios/bmw-320i-320i-2024-1531795005
1505103497,BMW 320I A 2.0 Turbo/activeflex 16V 184cv 4P 2024,338950,BMW,320I,A 2.0 Turbo/activeflex 16V 184cv 4P,2024,10066,Flex,Automático,Preto,SP,Guarulhos,Jardim Eugênia,N/A,11,N/A,Não,Não,"air bag, ar condicionado, alarme, bancos de couro, blindado, câmera de ré, computador de bordo, conexão usb, controle automático de velocidade, navegador gps, rodas de liga leve, sensor de ré, trava elétrica, vidro elétrico, volante multifuncional",https://sp.olx.com.br/sao-paulo-e-regiao/autos-e-pecas/carros-vans-e-utilitarios/bmw-320i-a-2-0-turbo-activeflex-16v-184cv-4p-2024-1505103497
1507449643,BMW I7 Xdrive 60 M Sport Aut. (elétrico) 2024,989950,BMW,I7,Xdrive 60 M Sport Aut. (elétrico),2024,13858,Elétrico,Automático,Cinza,SP,Guarulhos,Jardim Eugênia,N/A,11,N/A,Não,Não,"air bag, ar condicionado, alarme, bancos de couro, blindado, câmera de ré, computador de bordo, conexão usb, controle automático de velocidade, navegador gps, rodas de liga leve, sensor de ré, som, teto solar, tração 4x4, trava elétrica, vidro elétrico, volante multifuncional",https://sp.olx.com.br/sao-paulo-e-regiao/autos-e-pecas/carros-vans-e-utilitarios/bmw-i7-xdrive-60-m-sport-aut-eletrico-2024-1507449643
1512078679,BMW X5 Xdrive 45E 3.0 M.sport Híbrido AU 2023,464950,BMW,X5,Xdrive 45E 3.0 M.sport Híbrido AU,2023,55061,Híbrido,Automático,Preto,SP,Guarulhos,Jardim Eugênia,N/A,11,N/A,Não,Não,"air bag, ar condicionado, alarme, bancos de couro, blindado, câmera de ré, computador de bordo, conexão usb, controle automático de velocidade, navegador gps, rodas de liga leve, sensor de ré, som, teto solar, tração 4x4, trava elétrica, vidro elétrico, volante multifuncional",https://sp.olx.com.br/sao-paulo-e-regiao/autos-e-pecas/carros-vans-e-utilitarios/bmw-x5-xdrive-45e-3-0-m-sport-hibrido-au-2023-1512078679
1522008370,BMW 320I A 2.0 TB M Sport Activeflex 16V 4P 2026,321950,BMW,320I,A 2.0 TB M Sport Activeflex 16V 4P,2026,9483,Flex,Automático,Preto,SP,Guarulhos,Jardim Eugênia,N/A,11,N/A,Não,Não,N/A,https://sp.olx.com.br/sao-paulo-e-regiao/autos-e-pecas/carros-vans-e-utilitarios/bmw-320i-a-2-0-tb-m-sport-activeflex-16v-4p-2026-1522008370
1523478533,BMW 320I 320i 2024,299950,BMW,320I,320i,2024,8210,Flex,Automático,Cinza,SP,Guarulhos,Jardim Eugênia,N/A,11,N/A,Não,Não,"air bag, câmera de ré, som",https://sp.olx.com.br/sao-paulo-e-regiao/autos-e-pecas/carros-vans-e-utilitarios/bmw-320i-320i-2024-1523478533
1503599091,BMW X3 Xdrive 20I 2.0/x-line Bi-TB Flex Aut. 2024,294950,BMW,X3,Xdrive 20I 2.0/x-line Bi-TB Flex Aut.,2024,51379,Híbrido,Automático,Branco,SP,Guarulhos,Jardim Eugênia,N/A,11,N/A,Não,Não,N/A,https://sp.olx.com.br/sao-paulo-e-regiao/autos-e-pecas/carros-vans-e-utilitarios/bmw-x3-xdrive-20i-2-0-x-line-bi-tb-flex-aut-2024-1503599091
1511607026,BMW 530E M Sport 2.0 Turbo Híbrido Aut. 2023,359995,BMW,530E,M Sport 2.0 Turbo Híbrido Aut.,2023,39147,Híbrido,Automático,Preto,SP,Guarulhos,Jardim Eugênia,N/A,11,N/A,Não,Não,"air bag, ar condicionado, alarme, bancos de couro, blindado, câmera de ré, computador de bordo, conexão usb, controle automático de velocidade, navegador gps, rodas de liga leve, sensor de ré, som, teto solar, trava elétrica, vidro elétrico, volante multifuncional",https://sp.olx.com.br/sao-paulo-e-regiao/autos-e-pecas/carros-vans-e-utilitarios/bmw-530e-m-sport-2-0-turbo-hibrido-aut-2023-1511607026
1515958732,BMW 320I 320i 2024,324890,BMW,320I,320i,2024,30365,Flex,Automático,Preto,SP,Guarulhos,Jardim Eugênia,N/A,11,N/A,Não,Não,blindado,https://sp.olx.com.br/sao-paulo-e-regiao/autos-e-pecas/carros-vans-e-utilitarios/bmw-320i-320i-2024-1515958732
1522009918,BMW 320I A 2.0 TB M Sport Activeflex 16V 4P 2026,324890,BMW,320I,A 2.0 TB M Sport Activeflex 16V 4P,2026,6638,Flex,Automático,Cinza,SP,Guarulhos,Jardim Eugênia,N/A,11,N/A,Não,Não,N/A,https://sp.olx.com.br/sao-paulo-e-regiao/autos-e-pecas/carros-vans-e-utilitarios/bmw-320i-a-2-0-tb-m-sport-activeflex-16v-4p-2026-1522009918
1515353985,BMW 530E M Sport 2.0 Turbo Híbrido Aut. 2026,649950,BMW,530E,M Sport 2.0 Turbo Híbrido Aut.,2026,1740,Híbrido,Automático,Preto,SP,Guarulhos,Jardim Eugênia,N/A,11,N/A,Não,Não,"ar condicionado, alarme, blindado",https://sp.olx.com.br/sao-paulo-e-regiao/autos-e-pecas/carros-vans-e-utilitarios/bmw-530e-m-sport-2-0-turbo-hibrido-aut-2026-1515353985
1523686153,BMW 330E M Sport 2.0 Turbo Híbrido AU 2024,349890,BMW,330E,M Sport 2.0 Turbo Híbrido AU,2024,40216,Híbrido,Automático,Cinza,SP,Guarulhos,Jardim Eugênia,N/A,11,N/A,Não,Não,"air bag, ar condicionado, alarme, bancos de couro, blindado, câmera de ré, computador de bordo, conexão usb, controle automático de velocidade, navegador gps, rodas de liga leve, sensor de ré, som, teto solar, trava elétrica, vidro elétrico, volante multifuncional",https://sp.olx.com.br/sao-paulo-e-regiao/autos-e-pecas/carros-vans-e-utilitarios/bmw-330e-m-sport-2-0-turbo-hibrido-au-2024-1523686153
1514110362,BMW X1 Sdrive 20I X-line 2.0 TB Active Flex 2023,284950,BMW,X1,Sdrive 20I X-line 2.0 TB Active Flex,2023,40930,Gasolina,Automático,Branco,SP,Guarulhos,Jardim Eugênia,N/A,11,N/A,Não,Não,blindado,https://sp.olx.com.br/sao-paulo-e-regiao/autos-e-pecas/carros-vans-e-utilitarios/bmw-x1-sdrive-20i-x-line-2-0-tb-active-flex-2023-1514110362
1516895710,BMW IX XDrive 40 Aut. (elétrico) 2023,319950,BMW,IX XDrive 40,Aut. (elétrico),2023,50045,Elétrico,Automático,Cinza,SP,Guarulhos,Jardim Eugênia,N/A,11,N/A,Não,Não,"air bag, ar condicionado, alarme, bancos de couro, blindado, câmera de ré, computador de bordo, conexão usb, controle automático de velocidade, navegador gps, rodas de liga leve, sensor de ré, som, tração 4x4, trava elétrica, vidro elétrico, volante multifuncional",https://sp.olx.com.br/sao-paulo-e-regiao/autos-e-pecas/carros-vans-e-utilitarios/bmw-ix-xdrive-40-aut-eletrico-2023-1516895710
1529717895,BMW X5 Xdrive 30D M Sport 3.0 265cv Dies AUT 2024,589890,BMW,X5,Xdrive 30D M Sport 3.0 265cv Dies AUT,2024,40383,Híbrido,Automático,Cinza,SP,Guarulhos,Jardim Eugênia,N/A,11,N/A,Não,Não,blindado,https://sp.olx.com.br/sao-paulo-e-regiao/autos-e-pecas/carros-vans-e-utilitarios/bmw-x5-xdrive-30d-m-sport-3-0-265cv-dies-aut-2024-1529717895
1519549804,BMW X5 Xdrive 50E 3.0 M Sport Aut. (hibrido) 2026,686950,BMW,X5,Xdrive 50E 3.0 M Sport Aut. (hibrido),2026,10162,Híbrido,Automático,Preto,SP,Guarulhos,Jardim Eugênia,N/A,11,N/A,Não,Não,N/A,https://sp.olx.com.br/sao-paulo-e-regiao/autos-e-pecas/carros-vans-e-utilitarios/bmw-x5-xdrive-50e-3-0-m-sport-aut-hibrido-2026-1519549804
1516855191,BMW X3 Xdrive 30E M Sport Turbo Híbrido Aut. 2024,379950,BMW,X3,Xdrive 30E M Sport Turbo Híbrido Aut.,2024,42201,Híbrido,Automático,Preto,SP,Guarulhos,Jardim Eugênia,N/A,11,N/A,Não,Não,"air bag, ar condicionado, alarme, bancos de couro, blindado, câmera de ré, computador de bordo, conexão usb, controle automático de velocidade, navegador gps, rodas de liga leve, sensor de ré, som, teto solar, tração 4x4, trava elétrica, vidro elétrico, volante multifuncional",https://sp.olx.com.br/sao-paulo-e-regiao/autos-e-pecas/carros-vans-e-utilitarios/bmw-x3-xdrive-30e-m-sport-turbo-hibrido-aut-2024-1516855191
1520283758,BMW X6 M Competition 4.4 V8 Bi-TB 625cv AUT 2023,719890,BMW,X6,M Competition 4.4 V8 Bi-TB 625cv AUT,2023,20116,Gasolina,Automático,Azul,SP,Guarulhos,Jardim Eugênia,N/A,11,N/A,Não,Não,"air bag, ar condicionado, alarme, bancos de couro, blindado, câmera de ré, computador de bordo, conexão usb, controle automático de velocidade, navegador gps, rodas de liga leve, sensor de ré, som, teto solar, tração 4x4, trava elétrica, vidro elétrico, volante multifuncional",https://sp.olx.com.br/sao-paulo-e-regiao/autos-e-pecas/carros-vans-e-utilitarios/bmw-x6-m-competition-4-4-v8-bi-tb-625cv-aut-2023-1520283758
1523763872,BMW X5 Xdrive 45E 3.0 M.sport Híbrido AU 2023,406950,BMW,X5,Xdrive 45E 3.0 M.sport Híbrido AU,2023,24554,Híbrido,Automático,Preto,SP,Guarulhos,Jardim Eugênia,N/A,11,N/A,Não,Não,"air bag, ar condicionado, alarme, bancos de couro, câmera de ré, computador de bordo, conexão usb, controle automático de velocidade, navegador gps, rodas de liga leve, sensor de ré, som, teto solar, tração 4x4, trava elétrica, vidro elétrico, volante multifuncional",https://sp.olx.com.br/sao-paulo-e-regiao/autos-e-pecas/carros-vans-e-utilitarios/bmw-x5-xdrive-45e-3-0-m-sport-hibrido-au-2023-1523763872
1531356386,BMW 320I 320i 2024,369950,BMW,320I,320i,2024,19840,Flex,Automático,Preto,SP,Guarulhos,Jardim Eugênia,N/A,11,N/A,Não,Não,blindado,https://sp.olx.com.br/sao-paulo-e-regiao/autos-e-pecas/carros-vans-e-utilitarios/bmw-320i-320i-2024-1531356386
1507716823,BMW X7 M60i 4.4 V8 Bi-TB Aut.(híbrido) 2025,1149950,BMW,X7,M60i 4.4 V8 Bi-TB Aut.(híbrido),2025,900,Híbrido,Automático,Preto,SP,Guarulhos,Jardim Eugênia,N/A,11,N/A,Não,Não,"air bag, ar condicionado, alarme, bancos de couro, blindado, câmera de ré, computador de bordo, conexão usb, controle automático de velocidade, navegador gps, rodas de liga leve, sensor de ré, som, teto solar, tração 4x4, trava elétrica, vidro elétrico, volante multifuncional",https://sp.olx.com.br/sao-paulo-e-regiao/autos-e-pecas/carros-vans-e-utilitarios/bmw-x7-m60i-4-4-v8-bi-tb-aut-hibrido-2025-1507716823
1531358650,BMW 320I A 2.0 TB M Sport Activeflex 16V 4P 2025,309950,BMW,320I,A 2.0 TB M Sport Activeflex 16V 4P,2025,9460,Flex,Automático,Preto,SP,Guarulhos,Jardim Eugênia,N/A,11,N/A,Não,Não,N/A,https://sp.olx.com.br/sao-paulo-e-regiao/autos-e-pecas/carros-vans-e-utilitarios/bmw-320i-a-2-0-tb-m-sport-activeflex-16v-4p-2025-1531358650
1531359738,BMW X1 Sdrive 20I M Sport 2.0 TB Flex Aut. 2025,309950,BMW,X1,Sdrive 20I M Sport 2.0 TB Flex Aut.,2025,22700,Gasolina,Automático,Branco,SP,Guarulhos,Jardim Eugênia,N/A,11,N/A,Não,Não,N/A,https://sp.olx.com.br/sao-paulo-e-regiao/autos-e-pecas/carros-vans-e-utilitarios/bmw-x1-sdrive-20i-m-sport-2-0-tb-flex-aut-2025-1531359738
1531370682,BMW 320I A 2.0 TB M Sport Activeflex 16V 4P 2026,324790,BMW,320I,A 2.0 TB M Sport Activeflex 16V 4P,2026,7684,Flex,Automático,Preto,SP,Guarulhos,Jardim Eugênia,N/A,11,N/A,Não,Não,N/A,https://sp.olx.com.br/sao-paulo-e-regiao/autos-e-pecas/carros-vans-e-utilitarios/bmw-320i-a-2-0-tb-m-sport-activeflex-16v-4p-2026-1531370682
1531561673,BMW X6 Xdrive 40I M Sport 3.0 Bi-turbo 2024,580950,BMW,X6,Xdrive 40I M Sport 3.0 Bi-turbo,2024,29772,Híbrido,Automático,Cinza,SP,Guarulhos,Jardim Eugênia,N/A,11,N/A,Não,Não,"air bag, ar condicionado, alarme, bancos de couro, câmera de ré, computador de bordo, conexão usb, controle automático de velocidade, navegador gps, rodas de liga leve, sensor de ré, som, teto solar, trava elétrica, vidro elétrico, volante multifuncional",https://sp.olx.com.br/sao-paulo-e-regiao/autos-e-pecas/carros-vans-e-utilitarios/bmw-x6-xdrive-40i-m-sport-3-0-bi-turbo-2024-1531561673
1531564356,BMW 320I A 2.0 Turbo/activeflex 16V 184cv 4P 2024,294950,BMW,320I,A 2.0 Turbo/activeflex 16V 184cv 4P,2024,17694,Flex,Automático,Preto,SP,Guarulhos,Jardim Eugênia,N/A,11,N/A,Não,Não,"air bag, ar condicionado, alarme, bancos de couro, câmera de ré, computador de bordo, conexão usb, controle automático de velocidade, navegador gps, rodas de liga leve, sensor de ré, trava elétrica, vidro elétrico, volante multifuncional",https://sp.olx.com.br/sao-paulo-e-regiao/autos-e-pecas/carros-vans-e-utilitarios/bmw-320i-a-2-0-turbo-activeflex-16v-184cv-4p-2024-1531564356
1531708462,BMW X1 Sdrive 20I X-line 2.0 TB Active Flex 2025,279950,BMW,X1,Sdrive 20I X-line 2.0 TB Active Flex,2025,33167,Gasolina,Automático,Prata,SP,Guarulhos,Jardim Eugênia,N/A,11,N/A,Não,Não,N/A,https://sp.olx.com.br/sao-paulo-e-regiao/autos-e-pecas/carros-vans-e-utilitarios/bmw-x1-sdrive-20i-x-line-2-0-tb-active-flex-2025-1531708462
1531729276,BMW X6 Xdrive 40I M Sport 3.0 Bi-turbo 2024,664950,BMW,X6,Xdrive 40I M Sport 3.0 Bi-turbo,2024,43000,Híbrido,Automático,Preto,SP,Guarulhos,Jardim Eugênia,N/A,11,N/A,Não,Não,"air bag, ar condicionado, alarme, bancos de couro, câmera de ré, computador de bordo, conexão usb, controle automático de velocidade, navegador gps, rodas de liga leve, sensor de ré, som, teto solar, trava elétrica, vidro elétrico, volante multifuncional",https://sp.olx.com.br/sao-paulo-e-regiao/autos-e-pecas/carros-vans-e-utilitarios/bmw-x6-xdrive-40i-m-sport-3-0-bi-turbo-2024-1531729276
1531794961,BMW 320I 320i 2024,281890,BMW,320I,320i,2024,37065,Flex,Automático,Preto,SP,Guarulhos,Jardim Eugênia,N/A,11,N/A,Não,Não,N/A,https://sp.olx.com.br/sao-paulo-e-regiao/autos-e-pecas/carros-vans-e-utilitarios/bmw-320i-320i-2024-1531794961
1504867933,BMW X1 Sdrive 20I M Sport 2.0 TB Aut. 2023,338950,BMW,X1,Sdrive 20I M Sport 2.0 TB Aut.,2023,52057,Gasolina,Automático,Azul,SP,São Paulo,Vila Leopoldina,N/A,11,N/A,Não,Não,"air bag, ar condicionado, alarme, bancos de couro, blindado, câmera de ré, computador de bordo, conexão usb, controle automático de velocidade, navegador gps, rodas de liga leve, sensor de ré, som, teto solar, trava elétrica, vidro elétrico, volante multifuncional",https://sp.olx.com.br/sao-paulo-e-regiao/autos-e-pecas/carros-vans-e-utilitarios/bmw-x1-sdrive-20i-m-sport-2-0-tb-aut-2023-1504867933
1508202059,BMW 320I 320i 2022,189990,BMW,320I,320i,2022,58201,Flex,Automático,Branco,SP,São José do Rio Preto,Boa Vista,N/A,17,N/A,Não,Não,N/A,https://sp.olx.com.br/regiao-de-sao-jose-do-rio-preto/autos-e-pecas/carros-vans-e-utilitarios/bmw-320i-320i-2022-1508202059
1529448912,BMW 320I A 2.0 TB M Sport Activeflex 16V 4P 2022,218730,BMW,320I,A 2.0 TB M Sport Activeflex 16V 4P,2022,61000,Flex,Automático,Cinza,SP,Jandira,Vila Santo Antônio,N/A,11,Sim,Sim,Não,"air bag, ar condicionado, alarme, bancos de couro, câmera de ré, computador de bordo, conexão usb, controle automático de velocidade, navegador gps, rodas de liga leve, sensor de ré, som, teto solar, trava elétrica, vidro elétrico, volante multifuncional",https://sp.olx.com.br/sao-paulo-e-regiao/autos-e-pecas/carros-vans-e-utilitarios/bmw-320i-a-2-0-tb-m-sport-activeflex-16v-4p-2022-1529448912
1525144790,BMW X1 Sdrive 20I X-line 2.0 TB Aut. 2025,306590,BMW,X1,Sdrive 20I X-line 2.0 TB Aut.,2025,15122,Flex,Manual,Cinza,SP,Santo André,Parque Jaçatuba,N/A,11,Não,Sim,Não,"air bag, ar condicionado, alarme, bancos de couro, câmera de ré, computador de bordo, conexão usb, controle automático de velocidade, navegador gps, rodas de liga leve, sensor de ré, teto solar, trava elétrica, vidro elétrico, volante multifuncional",https://sp.olx.com.br/sao-paulo-e-regiao/autos-e-pecas/carros-vans-e-utilitarios/bmw-x1-sdrive-20i-x-line-2-0-tb-aut-2025-1525144790
1529105195,BMW X1 Sdrive 20I M Sport 2.0 TB Aut. 2026,338890,BMW,X1,Sdrive 20I M Sport 2.0 TB Aut.,2026,23838,Gasolina,Automático,Verde,SP,São Paulo,Vila Leopoldina,N/A,11,N/A,Não,Não,N/A,https://sp.olx.com.br/sao-paulo-e-regiao/autos-e-pecas/carros-vans-e-utilitarios/bmw-x1-sdrive-20i-m-sport-2-0-tb-aut-2026-1529105195
1529104665,BMW 320I 320i 2024,349950,BMW,320I,320i,2024,15826,Flex,Automático,Branco,SP,Barueri,Alphaville Centro Industrial e Empresarial/Alphaville.,N/A,11,N/A,Não,Não,blindado,https://sp.olx.com.br/sao-paulo-e-regiao/autos-e-pecas/carros-vans-e-utilitarios/bmw-320i-320i-2024-1529104665
1529104683,BMW X1 Sdrive 20I M Sport 2.0 TB Aut. 2026,338890,BMW,X1,Sdrive 20I M Sport 2.0 TB Aut.,2026,23838,Gasolina,Automático,Verde,SP,Barueri,Alphaville Centro Industrial e Empresarial/Alphaville.,N/A,11,N/A,Não,Não,N/A,https://sp.olx.com.br/sao-paulo-e-regiao/autos-e-pecas/carros-vans-e-utilitarios/bmw-x1-sdrive-20i-m-sport-2-0-tb-aut-2026-1529104683
1529104148,BMW X1 Sdrive 20I M Sport 2.0 TB Aut. 2026,338890,BMW,X1,Sdrive 20I M Sport 2.0 TB Aut.,2026,23838,Gasolina,Automático,Verde,SP,Guarulhos,Jardim Eugênia,N/A,11,N/A,Não,Não,N/A,https://sp.olx.com.br/sao-paulo-e-regiao/autos-e-pecas/carros-vans-e-utilitarios/bmw-x1-sdrive-20i-m-sport-2-0-tb-aut-2026-1529104148
1522257636,BMW 320I 320i 2023,241790,BMW,320I,320i,2023,61579,Flex,Automático,Branco,SP,Campinas,Jardim Flamboyant,N/A,19,Não,Sim,Não,"ar condicionado, alarme, teto solar",https://sp.olx.com.br/grande-campinas/autos-e-pecas/carros-vans-e-utilitarios/bmw-320i-320i-2023-1522257636
1527822800,BMW 320I 320i 2023,246890,BMW,320I,320i,2023,20513,Flex,Automático,Cinza,SP,São Paulo,Água Branca,N/A,11,Não,Sim,Não,"ar condicionado, alarme, rodas de liga leve, sensor de ré, teto solar",https://sp.olx.com.br/sao-paulo-e-regiao/autos-e-pecas/carros-vans-e-utilitarios/bmw-320i-320i-2023-1527822800
1522250728,BMW 320I 320i 2023,223490,BMW,320I,320i,2023,104554,Flex,Automático,Preto,SP,São Bernardo do Campo,Centro,N/A,11,Não,Sim,Não,"ar condicionado, alarme, teto solar",https://sp.olx.com.br/sao-paulo-e-regiao/autos-e-pecas/carros-vans-e-utilitarios/bmw-320i-320i-2023-1522250728
1522250736,BMW 320I 320i 2023,223490,BMW,320I,320i,2023,104554,Flex,Automático,Preto,SP,Americana,Loteamento Israel,N/A,19,Não,Sim,Não,"ar condicionado, alarme, teto solar",https://sp.olx.com.br/grande-campinas/autos-e-pecas/carros-vans-e-utilitarios/bmw-320i-320i-2023-1522250736
1520545792,BMW 320I 320i 2023,241790,BMW,320I,320i,2023,61579,Flex,Automático,Branco,SP,Campinas,Jardim Guanabara,N/A,19,Não,Sim,Não,"ar condicionado, alarme, teto solar",https://sp.olx.com.br/grande-campinas/autos-e-pecas/carros-vans-e-utilitarios/bmw-320i-320i-2023-1520545792
1522250708,BMW 320I 320i 2023,223490,BMW,320I,320i,2023,104554,Flex,Automático,Preto,SP,Limeira,Jardim Nereide,N/A,19,Não,Sim,Não,"ar condicionado, alarme, teto solar",https://sp.olx.com.br/grande-campinas/autos-e-pecas/carros-vans-e-utilitarios/bmw-320i-320i-2023-1522250708
1520545786,BMW 320I 320i 2023,241790,BMW,320I,320i,2023,61579,Flex,Automático,Branco,SP,Campinas,Jardim Nossa Senhora Auxiliadora,N/A,19,Não,Sim,Não,"ar condicionado, alarme, teto solar",https://sp.olx.com.br/grande-campinas/autos-e-pecas/carros-vans-e-utilitarios/bmw-320i-320i-2023-1520545786
1532597082,BMW 320I A 2.0 TB M Sport Activeflex 16V 4P 2025,325900,BMW,320I,A 2.0 TB M Sport Activeflex 16V 4P,2025,11266,Flex,Automático,Branco,SP,São Paulo,Santo Amaro,N/A,11,N/A,Não,Não,"ar condicionado, alarme, câmera de ré, sensor de ré, trava elétrica, vidro elétrico",https://sp.olx.com.br/sao-paulo-e-regiao/autos-e-pecas/carros-vans-e-utilitarios/bmw-320i-a-2-0-tb-m-sport-activeflex-16v-4p-2025-1532597082
1480872223,BMW 320I A 2.0 TB M Sport Activeflex 16V 4P 2023,289690,BMW,320I,A 2.0 TB M Sport Activeflex 16V 4P,2023,20995,Flex,Automático,Cinza,SP,São Paulo,Vila Almeida,N/A,11,Não,Sim,Não,"air bag, ar condicionado, alarme, bancos de couro, câmera de ré, computador de bordo, conexão usb, controle automático de velocidade, navegador gps, rodas de liga leve, sensor de ré, som, teto solar, trava elétrica, vidro elétrico, volante multifuncional",https://sp.olx.com.br/sao-paulo-e-regiao/autos-e-pecas/carros-vans-e-utilitarios/bmw-320i-a-2-0-tb-m-sport-activeflex-16v-4p-2023-1480872223
1503131885,BMW X1 Sdrive 18I GP 1.5 TB Aut. 2022,143990,BMW,X1,Sdrive 18I GP 1.5 TB Aut.,2022,54111,Flex,Automático,Cinza,SP,São Paulo,Vila Almeida,N/A,11,Não,Sim,Não,"ar condicionado, alarme, rodas de liga leve, sensor de ré",https://sp.olx.com.br/sao-paulo-e-regiao/autos-e-pecas/carros-vans-e-utilitarios/bmw-x1-sdrive-18i-gp-1-5-tb-aut-2022-1503131885
1507046665,BMW 320I 320i 2024,261990,BMW,320I,320i,2024,41096,Flex,Automático,Preto,SP,São Paulo,Vila Almeida,N/A,11,Não,Sim,Não,"ar condicionado, bancos de couro, teto solar",https://sp.olx.com.br/sao-paulo-e-regiao/autos-e-pecas/carros-vans-e-utilitarios/bmw-320i-320i-2024-1507046665
1503131858,BMW X1 Sdrive 18I GP 1.5 TB Aut. 2022,156890,BMW,X1,Sdrive 18I GP 1.5 TB Aut.,2022,54111,Flex,Automático,Cinza,SP,São Paulo,Saúde,N/A,11,Não,Sim,Não,"ar condicionado, alarme, rodas de liga leve, sensor de ré",https://sp.olx.com.br/sao-paulo-e-regiao/autos-e-pecas/carros-vans-e-utilitarios/bmw-x1-sdrive-18i-gp-1-5-tb-aut-2022-1503131858
1507046910,BMW 320I 320i 2024,281390,BMW,320I,320i,2024,41096,Flex,Automático,Preto,SP,São Paulo,Saúde,N/A,11,Não,Sim,Não,"ar condicionado, bancos de couro, teto solar",https://sp.olx.com.br/sao-paulo-e-regiao/autos-e-pecas/carros-vans-e-utilitarios/bmw-320i-320i-2024-1507046910
1470855327,BMW 320I 320i 2024,279590,BMW,320I,320i,2024,28342,Flex,Automático,Azul,SP,Mogi das Cruzes,Vila Lavínia,N/A,11,Não,Sim,Não,"ar condicionado, teto solar",https://sp.olx.com.br/sao-paulo-e-regiao/autos-e-pecas/carros-vans-e-utilitarios/bmw-320i-320i-2024-1470855327
1480868006,BMW X3 Xdrive 30E X-line Turbo Híbrido AU 2023,269090,BMW,X3,Xdrive 30E X-line Turbo Híbrido AU,2023,83080,Flex,Manual,Cinza,SP,Mogi das Cruzes,Vila Lavínia,N/A,11,Não,Sim,Não,"air bag, ar condicionado, alarme, bancos de couro, câmera de ré, computador de bordo, conexão usb, controle automático de velocidade, navegador gps, rodas de liga leve, sensor de ré, som, teto solar, tração 4x4, trava elétrica, vidro elétrico, volante multifuncional",https://sp.olx.com.br/sao-paulo-e-regiao/autos-e-pecas/carros-vans-e-utilitarios/bmw-x3-xdrive-30e-x-line-turbo-hibrido-au-2023-1480868006
1529754821,BMW 218I Gran Coupe Sport GP 1.5 Bi-turbo 2023,189900,BMW,218I,Gran Coupe Sport GP 1.5 Bi-turbo,2023,42000,Flex,Automático,Preto,SP,Sorocaba,Jardim Faculdade,N/A,15,N/A,Não,Não,"air bag, ar condicionado, ar condicionado, alarme, alarme, câmera de ré, computador de bordo, conexão usb, controle automático de velocidade, navegador gps, rodas de liga leve, sensor de ré, teto solar, trava elétrica, trava elétrica, vidro elétrico, vidro elétrico, volante multifuncional",https://sp.olx.com.br/regiao-de-sorocaba/autos-e-pecas/carros-vans-e-utilitarios/bmw-218i-gran-coupe-sport-gp-1-5-bi-turbo-2023-1529754821
1465320385,BMW 320I 320i 2024,279590,BMW,320I,320i,2024,28342,Flex,Automático,Azul,SP,São Paulo,Água Branca,N/A,11,Não,Sim,Não,"ar condicionado, teto solar",https://sp.olx.com.br/sao-paulo-e-regiao/autos-e-pecas/carros-vans-e-utilitarios/bmw-320i-320i-2024-1465320385
1506403341,BMW X1 Sdrive 18I GP 1.5 TB Aut. 2022,188890,BMW,X1,Sdrive 18I GP 1.5 TB Aut.,2022,70321,Flex,Automático,Branco,SP,São Paulo,Água Branca,N/A,11,Não,Sim,Não,"ar condicionado, alarme, blindado, rodas de liga leve, sensor de ré",https://sp.olx.com.br/sao-paulo-e-regiao/autos-e-pecas/carros-vans-e-utilitarios/bmw-x1-sdrive-18i-gp-1-5-tb-aut-2022-1506403341
1509518545,BMW 320I 320i 2023,279890,BMW,320I,320i,2023,41178,Flex,Automático,Azul,SP,São Paulo,Água Branca,N/A,11,Não,Sim,Não,"ar condicionado, alarme, blindado, rodas de liga leve, sensor de ré, teto solar",https://sp.olx.com.br/sao-paulo-e-regiao/autos-e-pecas/carros-vans-e-utilitarios/bmw-320i-320i-2023-1509518545
1458061266,BMW X4 Xdrive 30I M-sport 2.0 TB. 252cv AUT 2023,361390,BMW,X4,Xdrive 30I M-sport 2.0 TB. 252cv AUT,2023,31420,Flex,Manual,Preto,SP,São Paulo,Jardim Três Marias,N/A,11,Não,Sim,Não,"air bag, ar condicionado, alarme, bancos de couro, câmera de ré, computador de bordo, conexão usb, controle automático de velocidade, navegador gps, rodas de liga leve, sensor de ré, som, teto solar, tração 4x4, trava elétrica, vidro elétrico, volante multifuncional",https://sp.olx.com.br/sao-paulo-e-regiao/autos-e-pecas/carros-vans-e-utilitarios/bmw-x4-xdrive-30i-m-sport-2-0-tb-252cv-aut-2023-1458061266
1528384385,BMW X1 Xdrive 25I Sport 2.0/2.0 Flex Aut. 2020,185890,BMW,X1,Xdrive 25I Sport 2.0/2.0 Flex Aut.,2020,70000,Flex,Automático,N/A,SP,Barueri,Alphaville Empresarial,N/A,11,N/A,Não,Não,"air bag, ar condicionado, alarme, bancos de couro, câmera de ré, computador de bordo, conexão usb, controle automático de velocidade, navegador gps, rodas de liga leve, sensor de ré, teto solar, tração 4x4, trava elétrica, vidro elétrico, volante multifuncional",https://sp.olx.com.br/sao-paulo-e-regiao/autos-e-pecas/carros-vans-e-utilitarios/bmw-x1-xdrive-25i-sport-2-0-2-0-flex-aut-2020-1528384385
1525144118,BMW X1 Sdrive 20I X-line 2.0 TB Aut. 2025,306590,BMW,X1,Sdrive 20I X-line 2.0 TB Aut.,2025,15122,Flex,Manual,Cinza,SP,São Caetano do Sul,Centro,N/A,11,Não,Sim,Não,"air bag, ar condicionado, alarme, bancos de couro, câmera de ré, computador de bordo, conexão usb, controle automático de velocidade, navegador gps, rodas de liga leve, sensor de ré, teto solar, trava elétrica, vidro elétrico, volante multifuncional",https://sp.olx.com.br/sao-paulo-e-regiao/autos-e-pecas/carros-vans-e-utilitarios/bmw-x1-sdrive-20i-x-line-2-0-tb-aut-2025-1525144118
1520545790,BMW 320I 320i 2023,241790,BMW,320I,320i,2023,61579,Flex,Automático,Branco,SP,Campinas,Jardim do Lago,N/A,19,Não,Sim,Não,"ar condicionado, alarme, teto solar",https://sp.olx.com.br/grande-campinas/autos-e-pecas/carros-vans-e-utilitarios/bmw-320i-320i-2023-1520545790
1503131841,BMW X1 Sdrive 18I GP 1.5 TB Aut. 2022,156890,BMW,X1,Sdrive 18I GP 1.5 TB Aut.,2022,54111,Flex,Automático,Cinza,SP,São Paulo,Planalto Paulista,N/A,11,Não,Sim,Não,"ar condicionado, alarme, rodas de liga leve, sensor de ré",https://sp.olx.com.br/sao-paulo-e-regiao/autos-e-pecas/carros-vans-e-utilitarios/bmw-x1-sdrive-18i-gp-1-5-tb-aut-2022-1503131841
1507046691,BMW 320I 320i 2024,281390,BMW,320I,320i,2024,41096,Flex,Automático,Preto,SP,São Paulo,Planalto Paulista,N/A,11,Não,Sim,Não,"ar condicionado, bancos de couro, teto solar",https://sp.olx.com.br/sao-paulo-e-regiao/autos-e-pecas/carros-vans-e-utilitarios/bmw-320i-320i-2024-1507046691
1520545791,BMW 320I 320i 2023,241790,BMW,320I,320i,2023,61579,Flex,Automático,Branco,SP,Mogi Mirim,Saúde,N/A,19,Não,Sim,Não,"ar condicionado, alarme, teto solar",https://sp.olx.com.br/grande-campinas/autos-e-pecas/carros-vans-e-utilitarios/bmw-320i-320i-2023-1520545791
1533080588,BMW X1 Sdrive 20I X-line 2.0 TB Active Flex 2020,120000,BMW,X1,Sdrive 20I X-line 2.0 TB Active Flex,2020,25000,Flex,Automático,Cinza,SP,São José dos Campos,Eldorado,N/A,12,Sim,Sim,Não,"air bag, ar condicionado, alarme, bancos de couro, câmera de ré, computador de bordo, conexão usb, controle automático de velocidade, interface bluetooth, navegador gps, rodas de liga leve, sensor de ré, teto solar, trava elétrica, vidro elétrico, volante multifuncional",https://sp.olx.com.br/vale-do-paraiba-e-litoral-norte/autos-e-pecas/carros-vans-e-utilitarios/bmw-x1-sdrive-20i-x-line-2-0-tb-active-flex-2020-1533080588
1519849557,BMW X4 Xdrive 30I M-sport 2.0 TB. 252cv AUT 2021,260000,BMW,X4,Xdrive 30I M-sport 2.0 TB. 252cv AUT,2021,64000,Gasolina,Automático,Cinza,SP,Ribeirão Preto,Parque Residencial Lagoinha,N/A,16,Não,Sim,Não,"air bag, ar condicionado, alarme, bancos de couro, câmera de ré, computador de bordo, conexão usb, controle automático de velocidade, navegador gps, rodas de liga leve, sensor de ré, teto solar, tração 4x4, trava elétrica, vidro elétrico, volante multifuncional",https://sp.olx.com.br/regiao-de-ribeirao-preto/autos-e-pecas/carros-vans-e-utilitarios/bmw-x4-xdrive-30i-m-sport-2-0-tb-252cv-aut-2021-1519849557
1520546151,BMW 320I 320i 2023,241790,BMW,320I,320i,2023,61579,Flex,Automático,Branco,SP,Valinhos,Vila Bissoto,N/A,19,Não,Sim,Não,"ar condicionado, alarme, teto solar",https://sp.olx.com.br/grande-campinas/autos-e-pecas/carros-vans-e-utilitarios/bmw-320i-320i-2023-1520546151
1530389350,BMW X1 Sdrive 20I M Sport 2.0 TB Aut. 2024,291900,BMW,X1,Sdrive 20I M Sport 2.0 TB Aut.,2024,46000,Gasolina,,Azul,SP,Sorocaba,Vila Assis,N/A,15,Sim,Sim,Não,"air bag, ar condicionado, alarme, bancos de couro, câmera de ré, computador de bordo, conexão usb, controle automático de velocidade, interface bluetooth, navegador gps, rodas de liga leve, sensor de ré, som, teto solar, trava elétrica, vidro elétrico, volante multifuncional",https://sp.olx.com.br/regiao-de-sorocaba/autos-e-pecas/carros-vans-e-utilitarios/bmw-x1-sdrive-20i-m-sport-2-0-tb-aut-2024-1530389350
1516268936,BMW 320I 320i 2024,242890,BMW,320I,320i,2024,44699,Flex,Automático,Azul,SP,Bauru,Vila Aviação,N/A,14,Não,Sim,Não,"ar condicionado, alarme",https://sp.olx.com.br/regiao-de-bauru-e-marilia/autos-e-pecas/carros-vans-e-utilitarios/bmw-320i-320i-2024-1516268936
1525143357,BMW X1 Sdrive 20I X-line 2.0 TB Aut. 2025,306590,BMW,X1,Sdrive 20I X-line 2.0 TB Aut.,2025,15122,Flex,Manual,Cinza,SP,Mauá,Matriz,N/A,11,Não,Sim,Não,"air bag, ar condicionado, alarme, bancos de couro, câmera de ré, computador de bordo, conexão usb, controle automático de velocidade, navegador gps, rodas de liga leve, sensor de ré, teto solar, trava elétrica, vidro elétrico, volante multifuncional",https://sp.olx.com.br/sao-paulo-e-regiao/autos-e-pecas/carros-vans-e-utilitarios/bmw-x1-sdrive-20i-x-line-2-0-tb-aut-2025-1525143357
1525143842,BMW X1 Sdrive 20I X-line 2.0 TB Aut. 2025,306590,BMW,X1,Sdrive 20I X-line 2.0 TB Aut.,2025,15122,Flex,Manual,Cinza,SP,São Bernardo do Campo,Centro,N/A,11,Não,Sim,Não,"air bag, ar condicionado, alarme, bancos de couro, câmera de ré, computador de bordo, conexão usb, controle automático de velocidade, navegador gps, rodas de liga leve, sensor de ré, teto solar, trava elétrica, vidro elétrico, volante multifuncional",https://sp.olx.com.br/sao-paulo-e-regiao/autos-e-pecas/carros-vans-e-utilitarios/bmw-x1-sdrive-20i-x-line-2-0-tb-aut-2025-1525143842
1526364745,BMW X5 Xdrive 50E 3.0 M Sport Aut. (hibrido) 2026,839950,BMW,X5,Xdrive 50E 3.0 M Sport Aut. (hibrido),2026,100,Híbrido,Automático,Preto,SP,São Paulo,Vila Leopoldina,N/A,11,N/A,Não,Não,blindado,https://sp.olx.com.br/sao-paulo-e-regiao/autos-e-pecas/carros-vans-e-utilitarios/bmw-x5-xdrive-50e-3-0-m-sport-aut-hibrido-2026-1526364745
1526363398,BMW X5 Xdrive 50E 3.0 M Sport Aut. (hibrido) 2026,839950,BMW,X5,Xdrive 50E 3.0 M Sport Aut. (hibrido),2026,100,Híbrido,Automático,Preto,SP,Barueri,Alphaville Centro Industrial e Empresarial/Alphaville.,N/A,11,N/A,Não,Não,blindado,https://sp.olx.com.br/sao-paulo-e-regiao/autos-e-pecas/carros-vans-e-utilitarios/bmw-x5-xdrive-50e-3-0-m-sport-aut-hibrido-2026-1526363398
1532885801,BMW X1 Sdrive 20I M Sport 2.0 TB Flex Aut. 2025,288950,BMW,X1,Sdrive 20I M Sport 2.0 TB Flex Aut.,2025,28070,Gasolina,Automático,Prata,SP,São Paulo,Vila Leopoldina,N/A,11,N/A,Não,Não,N/A,https://sp.olx.com.br/sao-paulo-e-regiao/autos-e-pecas/carros-vans-e-utilitarios/bmw-x1-sdrive-20i-m-sport-2-0-tb-flex-aut-2025-1532885801
1532885804,BMW X1 Sdrive 20I M Sport 2.0 TB Flex Aut. 2025,288950,BMW,X1,Sdrive 20I M Sport 2.0 TB Flex Aut.,2025,28070,Gasolina,Automático,Prata,SP,Barueri,Alphaville Centro Industrial e Empresarial/Alphaville.,N/A,11,N/A,Não,Não,N/A,https://sp.olx.com.br/sao-paulo-e-regiao/autos-e-pecas/carros-vans-e-utilitarios/bmw-x1-sdrive-20i-m-sport-2-0-tb-flex-aut-2025-1532885804
1524545866,BMW M2 Coupe 3.0 Turbo 24V 370cv 2026,789950,BMW,M2,Coupe 3.0 Turbo 24V 370cv,2026,828,Gasolina,Automático,Branco,SP,São Paulo,Vila Leopoldina,N/A,11,N/A,Não,Não,N/A,https://sp.olx.com.br/sao-paulo-e-regiao/autos-e-pecas/carros-vans-e-utilitarios/bmw-m2-coupe-3-0-turbo-24v-370cv-2026-1524545866
1525156237,BMW IX XDrive 40 Aut. (elétrico) 2024,449950,BMW,IX XDrive 40,Aut. (elétrico),2024,24880,Elétrico,Automático,Preto,SP,São Paulo,Vila Leopoldina,N/A,11,N/A,Não,Não,"air bag, ar condicionado, alarme, bancos de couro, blindado, câmera de ré, computador de bordo, conexão usb, controle automático de velocidade, navegador gps, rodas de liga leve, sensor de ré, som, tração 4x4, trava elétrica, vidro elétrico, volante multifuncional",https://sp.olx.com.br/sao-paulo-e-regiao/autos-e-pecas/carros-vans-e-utilitarios/bmw-ix-xdrive-40-aut-eletrico-2024-1525156237
1524545857,BMW M2 Coupe 3.0 Turbo 24V 370cv 2026,789950,BMW,M2,Coupe 3.0 Turbo 24V 370cv,2026,828,Gasolina,Automático,Branco,SP,Barueri,Alphaville Centro Industrial e Empresarial/Alphaville.,N/A,11,N/A,Não,Não,N/A,https://sp.olx.com.br/sao-paulo-e-regiao/autos-e-pecas/carros-vans-e-utilitarios/bmw-m2-coupe-3-0-turbo-24v-370cv-2026-1524545857
1531192772,BMW 320I A 2.0 TB M Sport Activeflex 16V 4P 2025,309950,BMW,320I,A 2.0 TB M Sport Activeflex 16V 4P,2025,8960,Flex,Automático,Cinza,SP,São Paulo,Vila Leopoldina,N/A,11,N/A,Não,Não,N/A,https://sp.olx.com.br/sao-paulo-e-regiao/autos-e-pecas/carros-vans-e-utilitarios/bmw-320i-a-2-0-tb-m-sport-activeflex-16v-4p-2025-1531192772
1525157016,BMW IX XDrive 40 Aut. (elétrico) 2024,449950,BMW,IX XDrive 40,Aut. (elétrico),2024,24880,Elétrico,Automático,Preto,SP,Barueri,Alphaville Centro Industrial e Empresarial/Alphaville.,N/A,11,N/A,Não,Não,"air bag, ar condicionado, alarme, bancos de couro, blindado, câmera de ré, computador de bordo, conexão usb, controle automático de velocidade, navegador gps, rodas de liga leve, sensor de ré, som, tração 4x4, trava elétrica, vidro elétrico, volante multifuncional",https://sp.olx.com.br/sao-paulo-e-regiao/autos-e-pecas/carros-vans-e-utilitarios/bmw-ix-xdrive-40-aut-eletrico-2024-1525157016
1531193011,BMW 320I A 2.0 TB M Sport Activeflex 16V 4P 2025,309950,BMW,320I,A 2.0 TB M Sport Activeflex 16V 4P,2025,8960,Flex,Automático,Cinza,SP,Barueri,Alphaville Centro Industrial e Empresarial/Alphaville.,N/A,11,N/A,Não,Não,N/A,https://sp.olx.com.br/sao-paulo-e-regiao/autos-e-pecas/carros-vans-e-utilitarios/bmw-320i-a-2-0-tb-m-sport-activeflex-16v-4p-2025-1531193011
1524545874,BMW M2 Coupe 3.0 Turbo 24V 370cv 2026,789950,BMW,M2,Coupe 3.0 Turbo 24V 370cv,2026,828,Gasolina,Automático,Branco,SP,Guarulhos,Jardim Eugênia,N/A,11,N/A,Não,Não,N/A,https://sp.olx.com.br/sao-paulo-e-regiao/autos-e-pecas/carros-vans-e-utilitarios/bmw-m2-coupe-3-0-turbo-24v-370cv-2026-1524545874
1525157013,BMW IX XDrive 40 Aut. (elétrico) 2024,449950,BMW,IX XDrive 40,Aut. (elétrico),2024,24880,Elétrico,Automático,Preto,SP,Guarulhos,Jardim Eugênia,N/A,11,N/A,Não,Não,"air bag, ar condicionado, alarme, bancos de couro, blindado, câmera de ré, computador de bordo, conexão usb, controle automático de velocidade, navegador gps, rodas de liga leve, sensor de ré, som, tração 4x4, trava elétrica, vidro elétrico, volante multifuncional",https://sp.olx.com.br/sao-paulo-e-regiao/autos-e-pecas/carros-vans-e-utilitarios/bmw-ix-xdrive-40-aut-eletrico-2024-1525157013
1531193026,BMW 320I A 2.0 TB M Sport Activeflex 16V 4P 2025,309950,BMW,320I,A 2.0 TB M Sport Activeflex 16V 4P,2025,8960,Flex,Automático,Cinza,SP,Guarulhos,Jardim Eugênia,N/A,11,N/A,Não,Não,N/A,https://sp.olx.com.br/sao-paulo-e-regiao/autos-e-pecas/carros-vans-e-utilitarios/bmw-320i-a-2-0-tb-m-sport-activeflex-16v-4p-2025-1531193026
1487128239,BMW X6 M Competition 4.4 V8 Bi-TB 625cv AUT 2024,930000,BMW,X6,M Competition 4.4 V8 Bi-TB 625cv AUT,2024,10600,Gasolina,Automático,N/A,SP,São Paulo,Mooca,N/A,11,N/A,Não,Não,"air bag, ar condicionado, alarme, bancos de couro, câmera de ré, computador de bordo, conexão usb, controle automático de velocidade, navegador gps, rodas de liga leve, sensor de ré, teto solar, tração 4x4, trava elétrica, vidro elétrico, volante multifuncional",https://sp.olx.com.br/sao-paulo-e-regiao/autos-e-pecas/carros-vans-e-utilitarios/bmw-x6-m-competition-4-4-v8-bi-tb-625cv-aut-2024-1487128239
1510195364,BMW X1 Sdrive 20I X-line 2.0 TB Active Flex 2024,264800,BMW,X1,Sdrive 20I X-line 2.0 TB Active Flex,2024,12500,Gasolina,Automático,N/A,SP,São Paulo,Mooca,N/A,11,N/A,Não,Não,"air bag, air bag, ar condicionado, alarme, trava elétrica, vidro elétrico",https://sp.olx.com.br/sao-paulo-e-regiao/autos-e-pecas/carros-vans-e-utilitarios/bmw-x1-sdrive-20i-x-line-2-0-tb-active-flex-2024-1510195364
1530338567,BMW X1 Sdrive 20I M Sport 2.0 TB Aut. 2024,293900,BMW,X1,Sdrive 20I M Sport 2.0 TB Aut.,2024,41000,Gasolina,,Azul,SP,Sorocaba,Vila Assis,N/A,15,Sim,Sim,Não,"air bag, ar condicionado, alarme, bancos de couro, câmera de ré, computador de bordo, conexão usb, controle automático de velocidade, navegador gps, rodas de liga leve, sensor de ré, som, teto solar, trava elétrica, vidro elétrico, volante multifuncional",https://sp.olx.com.br/regiao-de-sorocaba/autos-e-pecas/carros-vans-e-utilitarios/bmw-x1-sdrive-20i-m-sport-2-0-tb-aut-2024-1530338567
1519334392,BMW X4 Xdrive 30I M-sport 2.0 TB. 252cv AUT 2023,334000,BMW,X4,Xdrive 30I M-sport 2.0 TB. 252cv AUT,2023,38900,Gasolina,Automático,Preto,SP,São José dos Campos,Urbanova,N/A,12,Não,Sim,Não,"air bag, ar condicionado, alarme, bancos de couro, câmera de ré, computador de bordo, conexão usb, controle automático de velocidade, navegador gps, rodas de liga leve, sensor de ré, som, teto solar, tração 4x4, trava elétrica, vidro elétrico, volante multifuncional",https://sp.olx.com.br/vale-do-paraiba-e-litoral-norte/autos-e-pecas/carros-vans-e-utilitarios/bmw-x4-xdrive-30i-m-sport-2-0-tb-252cv-aut-2023-1519334392
1532207554,BMW 320I 320i 2024,243490,BMW,320I,320i,2024,44699,Flex,Automático,Azul,SP,Bauru,Centro,N/A,14,Não,Sim,Não,"ar condicionado, alarme",https://sp.olx.com.br/regiao-de-bauru-e-marilia/autos-e-pecas/carros-vans-e-utilitarios/bmw-320i-320i-2024-1532207554
1530328783,BMW 320I 320i 2022,232880,BMW,320I,320i,2022,35152,Flex,Automático,Preto,SP,São Paulo,Vila Norma,N/A,11,N/A,Não,Não,"air bag, ar condicionado, alarme, blindado, sensor de ré, som, trava elétrica, vidro elétrico",https://sp.olx.com.br/sao-paulo-e-regiao/autos-e-pecas/carros-vans-e-utilitarios/bmw-320i-320i-2022-1530328783
1526431892,BMW 330E M Sport 2.0 Turbo Híbrido AU 2024,299900,BMW,330E,M Sport 2.0 Turbo Híbrido AU,2024,35000,Híbrido,Automático,Azul,SP,Franca,Jardim Veneza,N/A,16,Sim,Não,Não,"air bag, ar condicionado, alarme, bancos de couro, câmera de ré, computador de bordo, conexão usb, controle automático de velocidade, navegador gps, rodas de liga leve, sensor de ré, som, teto solar, trava elétrica, vidro elétrico, volante multifuncional",https://sp.olx.com.br/regiao-de-ribeirao-preto/autos-e-pecas/carros-vans-e-utilitarios/bmw-330e-m-sport-2-0-turbo-hibrido-au-2024-1526431892
1521824617,BMW X1 Sdrive 20I X-line 2.0 TB Aut. 2023,250000,BMW,X1,Sdrive 20I X-line 2.0 TB Aut.,2023,37994,Gasolina,Automático,Branco,SP,Matão,Centro,N/A,16,N/A,Não,Não,"air bag, ar condicionado, alarme, bancos de couro, câmera de ré, computador de bordo, conexão usb, controle automático de velocidade, navegador gps, rodas de liga leve, sensor de ré, teto solar, trava elétrica, vidro elétrico, volante multifuncional",https://sp.olx.com.br/regiao-de-ribeirao-preto/autos-e-pecas/carros-vans-e-utilitarios/bmw-x1-sdrive-20i-x-line-2-0-tb-aut-2023-1521824617
1529069086,BMW 320I 320i 2024,349950,BMW,320I,320i,2024,15826,Flex,Automático,Branco,SP,Barueri,Alphaville Centro Industrial e Empresarial/Alphaville.,N/A,11,N/A,Não,Não,blindado,https://sp.olx.com.br/sao-paulo-e-regiao/autos-e-pecas/carros-vans-e-utilitarios/bmw-320i-320i-2024-1529069086
1524800643,BMW X1 Sdrive 20I M Sport 2.0 TB Aut. 2024,259490,BMW,X1,Sdrive 20I M Sport 2.0 TB Aut.,2024,48000,Gasolina,Automático,Preto,SP,Sorocaba,Jardim Emília,N/A,15,Não,Sim,Não,"air bag, ar condicionado, alarme, bancos de couro, câmera de ré, computador de bordo, conexão usb, controle automático de velocidade, navegador gps, rodas de liga leve, sensor de ré, som, teto solar, trava elétrica, vidro elétrico, volante multifuncional",https://sp.olx.com.br/regiao-de-sorocaba/autos-e-pecas/carros-vans-e-utilitarios/bmw-x1-sdrive-20i-m-sport-2-0-tb-aut-2024-1524800643
1524813785,BMW 320I 320i 2024,258900,BMW,320I,320i,2024,33916,Flex,Automático,Azul,SP,Sorocaba,Jardim Emília,N/A,15,Não,Sim,Não,"air bag, ar condicionado, alarme, bancos de couro, câmera de ré, computador de bordo, conexão usb, controle automático de velocidade, navegador gps, rodas de liga leve, sensor de ré, som, teto solar, trava elétrica, vidro elétrico, volante multifuncional",https://sp.olx.com.br/regiao-de-sorocaba/autos-e-pecas/carros-vans-e-utilitarios/bmw-320i-320i-2024-1524813785
1460965785,BMW 320I A Modern/sport TB 2.0/a.flex 16V 4P 2024,285900,BMW,320I,A Modern/sport TB 2.0/a.flex 16V 4P,2024,33916,Flex,Automático,Azul,SP,Sorocaba,Jardim Emília,N/A,15,N/A,Não,Não,"air bag, ar condicionado, alarme, bancos de couro, câmera de ré, computador de bordo, conexão usb, controle automático de velocidade, navegador gps, rodas de liga leve, sensor de ré, teto solar, trava elétrica, vidro elétrico, volante multifuncional",https://sp.olx.com.br/regiao-de-sorocaba/autos-e-pecas/carros-vans-e-utilitarios/bmw-320i-a-modern-sport-tb-2-0-a-flex-16v-4p-2024-1460965785
1529310166,BMW X4 Xdrive 20I M-sport 2.0 TB 184cv AUT 2025,375900,BMW,X4,Xdrive 20I M-sport 2.0 TB 184cv AUT,2025,18000,Gasolina,Automático,Branco,SP,Jundiaí,Vila Rami,N/A,11,N/A,Não,Não,"air bag, ar condicionado, alarme, câmera de ré, rodas de liga leve, sensor de ré, trava elétrica, vidro elétrico, volante multifuncional",https://sp.olx.com.br/sao-paulo-e-regiao/autos-e-pecas/carros-vans-e-utilitarios/bmw-x4-xdrive-20i-m-sport-2-0-tb-184cv-aut-2025-1529310166
1511324721,BMW X1 Sdrive 20I 2.0/2.0 TB Acti.flex Aut. 2021,132900,BMW,X1,Sdrive 20I 2.0/2.0 TB Acti.flex Aut.,2021,96000,Flex,Automático,Cinza,SP,Campinas,Jardim Novo Campos Elíseos,N/A,19,N/A,Não,Não,"air bag, ar condicionado, alarme, bancos de couro, câmera de ré, computador de bordo, conexão usb, controle automático de velocidade, navegador gps, rodas de liga leve, sensor de ré, som, trava elétrica, vidro elétrico, volante multifuncional",https://sp.olx.com.br/grande-campinas/autos-e-pecas/carros-vans-e-utilitarios/bmw-x1-sdrive-20i-2-0-2-0-tb-acti-flex-aut-2021-1511324721
1516261172,BMW X1 Sdrive 20I GP 2.0 TB Aut. 2022,159990,BMW,X1,Sdrive 20I GP 2.0 TB Aut.,2022,94000,Flex,Automático,Preto,SP,Campinas,Jardim Novo Campos Elíseos,N/A,19,N/A,Não,Não,"air bag, ar condicionado, alarme, câmera de ré, sensor de ré, som, trava elétrica, vidro elétrico",https://sp.olx.com.br/grande-campinas/autos-e-pecas/carros-vans-e-utilitarios/bmw-x1-sdrive-20i-gp-2-0-tb-aut-2022-1516261172
1530516563,BMW X1 Sdrive 20I M Sport 2.0 TB Aut. 2023,249990,BMW,X1,Sdrive 20I M Sport 2.0 TB Aut.,2023,39000,Gasolina,Automático,Prata,SP,Sorocaba,Jardim Isaura,N/A,15,Não,Não,Não,"air bag, ar condicionado, alarme, bancos de couro, câmera de ré, computador de bordo, conexão usb, controle automático de velocidade, interface bluetooth, navegador gps, rodas de liga leve, sensor de ré, som, teto solar, trava elétrica, vidro elétrico, volante multifuncional",https://sp.olx.com.br/regiao-de-sorocaba/autos-e-pecas/carros-vans-e-utilitarios/bmw-x1-sdrive-20i-m-sport-2-0-tb-aut-2023-1530516563
1520972418,BMW X1 Sdrive 20I X-line 2.0 TB Active Flex 2022,159900,BMW,X1,Sdrive 20I X-line 2.0 TB Active Flex,2022,70000,Flex,Automático,Preto,SP,São Caetano do Sul,Santa Paula,N/A,11,Não,Não,Não,"air bag, ar condicionado, alarme, bancos de couro, câmera de ré, computador de bordo, conexão usb, controle automático de velocidade, interface bluetooth, navegador gps, rodas de liga leve, sensor de ré, som, teto solar, tração 4x4, trava elétrica, vidro elétrico, volante multifuncional",https://sp.olx.com.br/sao-paulo-e-regiao/autos-e-pecas/carros-vans-e-utilitarios/bmw-x1-sdrive-20i-x-line-2-0-tb-active-flex-2022-1520972418
1522191312,BMW 320I 320i 2024,271390,BMW,320I,320i,2024,27594,Flex,Automático,Preto,SP,São Paulo,Água Branca,N/A,11,Não,Sim,Não,"ar condicionado, alarme, rodas de liga leve, sensor de ré, teto solar",https://sp.olx.com.br/sao-paulo-e-regiao/autos-e-pecas/carros-vans-e-utilitarios/bmw-320i-320i-2024-1522191312
1522191771,BMW 320I A 2.0 Turbo/activeflex 16V 184cv 4P 2023,253290,BMW,320I,A 2.0 Turbo/activeflex 16V 184cv 4P,2023,72545,Flex,Automático,Preto,SP,São Paulo,Água Branca,N/A,11,Não,Sim,Não,"air bag, ar condicionado, alarme, bancos de couro, blindado, câmera de ré, computador de bordo, conexão usb, controle automático de velocidade, navegador gps, rodas de liga leve, sensor de ré, trava elétrica, vidro elétrico, volante multifuncional",https://sp.olx.com.br/sao-paulo-e-regiao/autos-e-pecas/carros-vans-e-utilitarios/bmw-320i-a-2-0-turbo-activeflex-16v-184cv-4p-2023-1522191771
1530209664,BMW 320I A 2.0 TB M Sport Activeflex 16V 4P 2021,189990,BMW,320I,A 2.0 TB M Sport Activeflex 16V 4P,2021,95282,Gasolina,Automático,Azul,SP,Ribeirão Preto,Jardim Botânico,N/A,16,Não,Não,Não,"air bag, ar condicionado, alarme, câmera de ré, computador de bordo, conexão usb, controle automático de velocidade, navegador gps, rodas de liga leve, sensor de ré, teto solar, trava elétrica, vidro elétrico, volante multifuncional",https://sp.olx.com.br/regiao-de-ribeirao-preto/autos-e-pecas/carros-vans-e-utilitarios/bmw-320i-a-2-0-tb-m-sport-activeflex-16v-4p-2021-1530209664
1517493003,BMW 330I Sport 2.0 TB 16V 4P 2020,189990,BMW,330I,Sport 2.0 TB 16V 4P,2020,95000,Gasolina,Automático,Cinza,SP,Campinas,Jardim Leonor,N/A,19,Não,Sim,Não,"air bag, ar condicionado, alarme, bancos de couro, câmera de ré, computador de bordo, conexão usb, controle automático de velocidade, interface bluetooth, navegador gps, rodas de liga leve, sensor de ré, som, teto solar, tração 4x4, trava elétrica, vidro elétrico, volante multifuncional",https://sp.olx.com.br/grande-campinas/autos-e-pecas/carros-vans-e-utilitarios/bmw-330i-sport-2-0-tb-16v-4p-2020-1517493003
1528597678,BMW 320I A 2.0 TB M Sport Activeflex 16V 4P 2023,275900,BMW,320I,A 2.0 TB M Sport Activeflex 16V 4P,2023,35000,Flex,Automático,Cinza,SP,Sorocaba,Vila Nova Sorocaba,N/A,15,Não,Sim,Não,"air bag, ar condicionado, alarme, bancos de couro, câmera de ré, computador de bordo, conexão usb, controle automático de velocidade, interface bluetooth, navegador gps, rodas de liga leve, sensor de ré, som, teto solar, trava elétrica, vidro elétrico, volante multifuncional",https://sp.olx.com.br/regiao-de-sorocaba/autos-e-pecas/carros-vans-e-utilitarios/bmw-320i-a-2-0-tb-m-sport-activeflex-16v-4p-2023-1528597678
1527008797,BMW X1 Sdrive 18I GP 1.5 TB Aut. 2023,309890,BMW,X1,Sdrive 18I GP 1.5 TB Aut.,2023,30520,Gasolina,Automático,Branco,SP,São Paulo,Vila Leopoldina,N/A,11,N/A,Não,Não,"air bag, ar condicionado, alarme, bancos de couro, blindado, câmera de ré, computador de bordo, conexão usb, controle automático de velocidade, navegador gps, rodas de liga leve, sensor de ré, trava elétrica, vidro elétrico, volante multifuncional",https://sp.olx.com.br/sao-paulo-e-regiao/autos-e-pecas/carros-vans-e-utilitarios/bmw-x1-sdrive-18i-gp-1-5-tb-aut-2023-1527008797
1527017178,BMW 135IA Coupe 3.0 24V 306cv 2026,419950,BMW,135IA,Coupe 3.0 24V 306cv,2026,7379,Gasolina,Automático,Preto,SP,Barueri,Alphaville Centro Industrial e Empresarial/Alphaville.,N/A,11,N/A,Não,Não,N/A,https://sp.olx.com.br/sao-paulo-e-regiao/autos-e-pecas/carros-vans-e-utilitarios/bmw-135ia-coupe-3-0-24v-306cv-2026-1527017178
1527017919,BMW 135IA Coupe 3.0 24V 306cv 2026,419950,BMW,135IA,Coupe 3.0 24V 306cv,2026,7379,Gasolina,Automático,Preto,SP,São Paulo,Vila Leopoldina,N/A,11,N/A,Não,Não,N/A,https://sp.olx.com.br/sao-paulo-e-regiao/autos-e-pecas/carros-vans-e-utilitarios/bmw-135ia-coupe-3-0-24v-306cv-2026-1527017919
1527008802,BMW X1 Sdrive 18I GP 1.5 TB Aut. 2023,309890,BMW,X1,Sdrive 18I GP 1.5 TB Aut.,2023,30520,Gasolina,Automático,Branco,SP,Barueri,Alphaville Centro Industrial e Empresarial/Alphaville.,N/A,11,N/A,Não,Não,"air bag, ar condicionado, alarme, bancos de couro, blindado, câmera de ré, computador de bordo, conexão usb, controle automático de velocidade, navegador gps, rodas de liga leve, sensor de ré, trava elétrica, vidro elétrico, volante multifuncional",https://sp.olx.com.br/sao-paulo-e-regiao/autos-e-pecas/carros-vans-e-utilitarios/bmw-x1-sdrive-18i-gp-1-5-tb-aut-2023-1527008802
1527008803,BMW X1 Sdrive 18I GP 1.5 TB Aut. 2023,309890,BMW,X1,Sdrive 18I GP 1.5 TB Aut.,2023,30520,Gasolina,Automático,Branco,SP,Guarulhos,Jardim Eugênia,N/A,11,N/A,Não,Não,"air bag, ar condicionado, alarme, bancos de couro, blindado, câmera de ré, computador de bordo, conexão usb, controle automático de velocidade, navegador gps, rodas de liga leve, sensor de ré, trava elétrica, vidro elétrico, volante multifuncional",https://sp.olx.com.br/sao-paulo-e-regiao/autos-e-pecas/carros-vans-e-utilitarios/bmw-x1-sdrive-18i-gp-1-5-tb-aut-2023-1527008803
1527017909,BMW 135IA Coupe 3.0 24V 306cv 2026,419950,BMW,135IA,Coupe 3.0 24V 306cv,2026,7379,Gasolina,Automático,Preto,SP,Guarulhos,Jardim Eugênia,N/A,11,N/A,Não,Não,N/A,https://sp.olx.com.br/sao-paulo-e-regiao/autos-e-pecas/carros-vans-e-utilitarios/bmw-135ia-coupe-3-0-24v-306cv-2026-1527017909
1521513819,BMW 320I 320i 2023,229000,BMW,320I,320i,2023,43000,Flex,Automático,Branco,SP,Presidente Prudente,Jardim Bela Daria,N/A,18,Não,Não,Não,"air bag, alarme, sensor de ré, som, trava elétrica, vidro elétrico",https://sp.olx.com.br/regiao-de-presidente-prudente/autos-e-pecas/carros-vans-e-utilitarios/bmw-320i-320i-2023-1521513819
1501971831,BMW IX Xdrive 50 Sport Aut. (elétrico) 2024,549900,BMW,IX,Xdrive 50 Sport Aut. (elétrico),2024,16100,Elétrico,Automático,Preto,SP,Sorocaba,Jardim Europa,N/A,15,N/A,Não,Não,"air bag, ar condicionado, alarme, bancos de couro, blindado, câmera de ré, computador de bordo, conexão usb, controle automático de velocidade, navegador gps, rodas de liga leve, sensor de ré, som, tração 4x4, trava elétrica, vidro elétrico, volante multifuncional",https://sp.olx.com.br/regiao-de-sorocaba/autos-e-pecas/carros-vans-e-utilitarios/bmw-ix-xdrive-50-sport-aut-eletrico-2024-1501971831
1505740512,BMW X5 Xdrive 45E 3.0 M.sport Híbrido AU 2023,429000,BMW,X5,Xdrive 45E 3.0 M.sport Híbrido AU,2023,32000,Híbrido,Automático,Preto,SP,Presidente Prudente,Jardim Bela Daria,N/A,18,Não,Não,Não,"air bag, ar condicionado, alarme, bancos de couro, câmera de ré, computador de bordo, conexão usb, controle automático de velocidade, navegador gps, rodas de liga leve, sensor de ré, som, teto solar, tração 4x4, trava elétrica, vidro elétrico, volante multifuncional",https://sp.olx.com.br/regiao-de-presidente-prudente/autos-e-pecas/carros-vans-e-utilitarios/bmw-x5-xdrive-45e-3-0-m-sport-hibrido-au-2023-1505740512
1532488443,BMW 320I A 2.0 Turbo/activeflex 16V 184cv 4P 2024,249950,BMW,320I,A 2.0 Turbo/activeflex 16V 184cv 4P,2024,12940,Flex,Automático,Cinza,SP,São Paulo,Vila Leopoldina,N/A,11,N/A,Não,Não,"air bag, ar condicionado, alarme, bancos de couro, câmera de ré, computador de bordo, conexão usb, controle automático de velocidade, navegador gps, rodas de liga leve, sensor de ré, trava elétrica, vidro elétrico, volante multifuncional",https://sp.olx.com.br/sao-paulo-e-regiao/autos-e-pecas/carros-vans-e-utilitarios/bmw-320i-a-2-0-turbo-activeflex-16v-184cv-4p-2024-1532488443
1528022495,BMW X1 Sdrive 20I GP 2.0 TB Aut. 2020,127900,BMW,X1,Sdrive 20I GP 2.0 TB Aut.,2020,64000,Flex,Automático,N/A,SP,São Paulo,Várzea da Barra Funda,N/A,11,N/A,Não,Não,"air bag, air bag, ar condicionado, alarme, trava elétrica, vidro elétrico",https://sp.olx.com.br/sao-paulo-e-regiao/autos-e-pecas/carros-vans-e-utilitarios/bmw-x1-sdrive-20i-gp-2-0-tb-aut-2020-1528022495
1532481567,BMW X2 M35i 2.0 Turbo 306cv Aut. 2025,447950,BMW,X2,M35i 2.0 Turbo 306cv Aut.,2025,8820,Gasolina,Automático,Cinza,SP,São Paulo,Vila Leopoldina,N/A,11,N/A,Não,Não,N/A,https://sp.olx.com.br/sao-paulo-e-regiao/autos-e-pecas/carros-vans-e-utilitarios/bmw-x2-m35i-2-0-turbo-306cv-aut-2025-1532481567
1532484799,BMW X3 Xdrive 20I 2.0/x-line Bi-TB Flex Aut. 2024,319950,BMW,X3,Xdrive 20I 2.0/x-line Bi-TB Flex Aut.,2024,20120,Híbrido,Automático,Cinza,SP,São Paulo,Vila Leopoldina,N/A,11,N/A,Não,Não,N/A,https://sp.olx.com.br/sao-paulo-e-regiao/autos-e-pecas/carros-vans-e-utilitarios/bmw-x3-xdrive-20i-2-0-x-line-bi-tb-flex-aut-2024-1532484799
1532486252,BMW 320I A 2.0 TB M Sport Activeflex 16V 4P 2026,329950,BMW,320I,A 2.0 TB M Sport Activeflex 16V 4P,2026,8096,Flex,Automático,Preto,SP,São Paulo,Vila Leopoldina,N/A,11,N/A,Não,Não,"ar condicionado, som",https://sp.olx.com.br/sao-paulo-e-regiao/autos-e-pecas/carros-vans-e-utilitarios/bmw-320i-a-2-0-tb-m-sport-activeflex-16v-4p-2026-1532486252
1532487298,BMW X1 Sdrive 20I M Sport 2.0 TB Flex Aut. 2025,419950,BMW,X1,Sdrive 20I M Sport 2.0 TB Flex Aut.,2025,5400,Gasolina,Automático,Azul,SP,São Paulo,Vila Leopoldina,N/A,11,N/A,Não,Não,N/A,https://sp.olx.com.br/sao-paulo-e-regiao/autos-e-pecas/carros-vans-e-utilitarios/bmw-x1-sdrive-20i-m-sport-2-0-tb-flex-aut-2025-1532487298
1532481558,BMW X2 M35i 2.0 Turbo 306cv Aut. 2025,447950,BMW,X2,M35i 2.0 Turbo 306cv Aut.,2025,8820,Gasolina,Automático,Cinza,SP,Barueri,Alphaville Centro Industrial e Empresarial/Alphaville.,N/A,11,N/A,Não,Não,N/A,https://sp.olx.com.br/sao-paulo-e-regiao/autos-e-pecas/carros-vans-e-utilitarios/bmw-x2-m35i-2-0-turbo-306cv-aut-2025-1532481558
1532484513,BMW X3 Xdrive 20I 2.0/x-line Bi-TB Flex Aut. 2024,319950,BMW,X3,Xdrive 20I 2.0/x-line Bi-TB Flex Aut.,2024,20120,Híbrido,Automático,Cinza,SP,Barueri,Alphaville Centro Industrial e Empresarial/Alphaville.,N/A,11,N/A,Não,Não,N/A,https://sp.olx.com.br/sao-paulo-e-regiao/autos-e-pecas/carros-vans-e-utilitarios/bmw-x3-xdrive-20i-2-0-x-line-bi-tb-flex-aut-2024-1532484513
1532486264,BMW 320I A 2.0 TB M Sport Activeflex 16V 4P 2026,329950,BMW,320I,A 2.0 TB M Sport Activeflex 16V 4P,2026,8096,Flex,Automático,Preto,SP,Barueri,Alphaville Centro Industrial e Empresarial/Alphaville.,N/A,11,N/A,Não,Não,"ar condicionado, som",https://sp.olx.com.br/sao-paulo-e-regiao/autos-e-pecas/carros-vans-e-utilitarios/bmw-320i-a-2-0-tb-m-sport-activeflex-16v-4p-2026-1532486264
1532487299,BMW X1 Sdrive 20I M Sport 2.0 TB Flex Aut. 2025,419950,BMW,X1,Sdrive 20I M Sport 2.0 TB Flex Aut.,2025,5400,Gasolina,Automático,Azul,SP,Barueri,Alphaville Centro Industrial e Empresarial/Alphaville.,N/A,11,N/A,Não,Não,N/A,https://sp.olx.com.br/sao-paulo-e-regiao/autos-e-pecas/carros-vans-e-utilitarios/bmw-x1-sdrive-20i-m-sport-2-0-tb-flex-aut-2025-1532487299
1531134478,BMW X3 Xdrive 30E Turbo Híbrido AUT 2021,205900,BMW,X3,Xdrive 30E Turbo Híbrido AUT,2021,87000,Híbrido,Automático,Cinza,SP,Ribeirão Preto,Residencial e Empresarial Alphaville,N/A,16,Não,Sim,Não,"air bag, ar condicionado, alarme, bancos de couro, câmera de ré, computador de bordo, conexão usb, controle automático de velocidade, interface bluetooth, navegador gps, rodas de liga leve, sensor de ré, teto solar, tração 4x4, trava elétrica, vidro elétrico, volante multifuncional",https://sp.olx.com.br/regiao-de-ribeirao-preto/autos-e-pecas/carros-vans-e-utilitarios/bmw-x3-xdrive-30e-turbo-hibrido-aut-2021-1531134478
1485002847,BMW 320I A 2.0 TB M Sport Activeflex 16V 4P 2024,295000,BMW,320I,A 2.0 TB M Sport Activeflex 16V 4P,2024,26000,Flex,Automático,Cinza,SP,São José dos Campos,Vila Ema,N/A,12,Sim,Sim,Não,"air bag, ar condicionado, alarme, bancos de couro, câmera de ré, computador de bordo, conexão usb, controle automático de velocidade, interface bluetooth, navegador gps, rodas de liga leve, sensor de ré, som, teto solar, trava elétrica, vidro elétrico, volante multifuncional",https://sp.olx.com.br/vale-do-paraiba-e-litoral-norte/autos-e-pecas/carros-vans-e-utilitarios/bmw-320i-a-2-0-tb-m-sport-activeflex-16v-4p-2024-1485002847
1525445689,BMW 320I A Modern/sport TB 2.0/a.flex 16V 4P 2020,187490,BMW,320I,A Modern/sport TB 2.0/a.flex 16V 4P,2020,999,Gasolina,Automático,Prata,SP,Praia Grande,Sítio do Campo,N/A,13,N/A,Não,Não,"air bag, ar condicionado, alarme, bancos de couro, câmera de ré, computador de bordo, conexão usb, controle automático de velocidade, interface bluetooth, navegador gps, rodas de liga leve, sensor de ré, som, trava elétrica, vidro elétrico, volante multifuncional",https://sp.olx.com.br/baixada-santista-e-litoral-sul/autos-e-pecas/carros-vans-e-utilitarios/bmw-320i-a-modern-sport-tb-2-0-a-flex-16v-4p-2020-1525445689
1530240021,BMW X3 Xdrive 20I 2.0/x-line Bi-TB Flex Aut. 2024,319950,BMW,X3,Xdrive 20I 2.0/x-line Bi-TB Flex Aut.,2024,18693,Híbrido,Automático,Preto,SP,São Paulo,Vila Leopoldina,N/A,11,N/A,Não,Não,N/A,https://sp.olx.com.br/sao-paulo-e-regiao/autos-e-pecas/carros-vans-e-utilitarios/bmw-x3-xdrive-20i-2-0-x-line-bi-tb-flex-aut-2024-1530240021
1530241196,BMW X3 Xdrive 20I 2.0/x-line Bi-TB Flex Aut. 2024,319950,BMW,X3,Xdrive 20I 2.0/x-line Bi-TB Flex Aut.,2024,18693,Híbrido,Automático,Preto,SP,Barueri,Alphaville Centro Industrial e Empresarial/Alphaville.,N/A,11,N/A,Não,Não,N/A,https://sp.olx.com.br/sao-paulo-e-regiao/autos-e-pecas/carros-vans-e-utilitarios/bmw-x3-xdrive-20i-2-0-x-line-bi-tb-flex-aut-2024-1530241196
1530241199,BMW X3 Xdrive 20I 2.0/x-line Bi-TB Flex Aut. 2024,319950,BMW,X3,Xdrive 20I 2.0/x-line Bi-TB Flex Aut.,2024,18693,Híbrido,Automático,Preto,SP,Guarulhos,Jardim Eugênia,N/A,11,N/A,Não,Não,N/A,https://sp.olx.com.br/sao-paulo-e-regiao/autos-e-pecas/carros-vans-e-utilitarios/bmw-x3-xdrive-20i-2-0-x-line-bi-tb-flex-aut-2024-1530241199
1532797282,BMW M2 Coupe 3.0 Turbo 24V 370cv 2026,629950,BMW,M2,Coupe 3.0 Turbo 24V 370cv,2026,800,Gasolina,Automático,Branco,SP,Barueri,Alphaville Centro Industrial e Empresarial/Alphaville.,N/A,11,N/A,Não,Não,N/A,https://sp.olx.com.br/sao-paulo-e-regiao/autos-e-pecas/carros-vans-e-utilitarios/bmw-m2-coupe-3-0-turbo-24v-370cv-2026-1532797282
1532802590,BMW M2 Coupe 3.0 Turbo 24V 370cv 2026,629950,BMW,M2,Coupe 3.0 Turbo 24V 370cv,2026,800,Gasolina,Automático,Branco,SP,São Paulo,Vila Leopoldina,N/A,11,N/A,Não,Não,N/A,https://sp.olx.com.br/sao-paulo-e-regiao/autos-e-pecas/carros-vans-e-utilitarios/bmw-m2-coupe-3-0-turbo-24v-370cv-2026-1532802590
1511467558,BMW 420I Cabriolet Sport 2.0 TB 184cv 2P 2022,339990,BMW,420I,Cabriolet Sport 2.0 TB 184cv 2P,2022,49900,Gasolina,Automático,Preto,SP,Santo André,Vila Valparaíso,N/A,11,Não,Não,Não,"air bag, ar condicionado, alarme, bancos de couro, câmera de ré, computador de bordo, conexão usb, controle automático de velocidade, navegador gps, rodas de liga leve, sensor de ré, som, teto solar, trava elétrica, vidro elétrico, volante multifuncional",https://sp.olx.com.br/sao-paulo-e-regiao/autos-e-pecas/carros-vans-e-utilitarios/bmw-420i-cabriolet-sport-2-0-tb-184cv-2p-2022-1511467558
1508500775,BMW 320I A 2.0 TB M Sport Activeflex 16V 4P 2024,304900,BMW,320I,A 2.0 TB M Sport Activeflex 16V 4P,2024,9200,Flex,Automático,Branco,SP,Araçatuba,Centro,N/A,18,Sim,Sim,Não,"air bag, ar condicionado, alarme, bancos de couro, câmera de ré, computador de bordo, conexão usb, controle automático de velocidade, interface bluetooth, navegador gps, rodas de liga leve, sensor de ré, som, teto solar, trava elétrica, vidro elétrico, volante multifuncional",https://sp.olx.com.br/regiao-de-presidente-prudente/autos-e-pecas/carros-vans-e-utilitarios/bmw-320i-a-2-0-tb-m-sport-activeflex-16v-4p-2024-1508500775
1527056766,BMW X1 Sdrive 20I X-line 2.0 TB Active Flex 2022,174990,BMW,X1,Sdrive 20I X-line 2.0 TB Active Flex,2022,95900,Flex,Automático,Preto,SP,São Paulo,Casa Verde,N/A,11,Não,Sim,Não,"air bag, ar condicionado, alarme, bancos de couro, blindado, câmera de ré, computador de bordo, conexão usb, controle automático de velocidade, navegador gps, rodas de liga leve, sensor de ré, som, teto solar, trava elétrica, vidro elétrico, volante multifuncional",https://sp.olx.com.br/sao-paulo-e-regiao/autos-e-pecas/carros-vans-e-utilitarios/bmw-x1-sdrive-20i-x-line-2-0-tb-active-flex-2022-1527056766
1529275195,BMW X3 M40i 3.0 Turbo V6 360cv Aut. 2023,399990,BMW,X3,M40i 3.0 Turbo V6 360cv Aut.,2023,43900,Gasolina,Automático,Branco,SP,São Paulo,Casa Verde,N/A,11,Não,Sim,Não,"air bag, ar condicionado, alarme, bancos de couro, câmera de ré, computador de bordo, conexão usb, controle automático de velocidade, navegador gps, rodas de liga leve, sensor de ré, som, teto solar, tração 4x4, trava elétrica, vidro elétrico, volante multifuncional",https://sp.olx.com.br/sao-paulo-e-regiao/autos-e-pecas/carros-vans-e-utilitarios/bmw-x3-m40i-3-0-turbo-v6-360cv-aut-2023-1529275195
1533002767,BMW X1 Sdrive 20I M Sport 2.0 TB Aut. 2023,356000,BMW,X1,Sdrive 20I M Sport 2.0 TB Aut.,2023,19500,Gasolina,Automático,Azul,SP,São Bernardo do Campo,Rudge Ramos,N/A,11,N/A,Sim,Não,"air bag, ar condicionado, alarme, bancos de couro, blindado, câmera de ré, computador de bordo, conexão usb, controle automático de velocidade, navegador gps, rodas de liga leve, sensor de ré, som, teto solar, tração 4x4, trava elétrica, vidro elétrico, volante multifuncional",https://sp.olx.com.br/sao-paulo-e-regiao/autos-e-pecas/carros-vans-e-utilitarios/bmw-x1-sdrive-20i-m-sport-2-0-tb-aut-2023-1533002767
1527985377,BMW 320I A 2.0 TB M Sport Activeflex 16V 4P 2026,317890,BMW,320I,A 2.0 TB M Sport Activeflex 16V 4P,2026,27531,Flex,Automático,Cinza,SP,São Paulo,Vila Leopoldina,N/A,11,N/A,Não,Não,N/A,https://sp.olx.com.br/sao-paulo-e-regiao/autos-e-pecas/carros-vans-e-utilitarios/bmw-320i-a-2-0-tb-m-sport-activeflex-16v-4p-2026-1527985377
1527985416,BMW 320I A 2.0 TB M Sport Activeflex 16V 4P 2026,317890,BMW,320I,A 2.0 TB M Sport Activeflex 16V 4P,2026,27531,Flex,Automático,Cinza,SP,Barueri,Alphaville Centro Industrial e Empresarial/Alphaville.,N/A,11,N/A,Não,Não,N/A,https://sp.olx.com.br/sao-paulo-e-regiao/autos-e-pecas/carros-vans-e-utilitarios/bmw-320i-a-2-0-tb-m-sport-activeflex-16v-4p-2026-1527985416
1527985373,BMW 320I A 2.0 TB M Sport Activeflex 16V 4P 2026,317890,BMW,320I,A 2.0 TB M Sport Activeflex 16V 4P,2026,27531,Flex,Automático,Cinza,SP,Guarulhos,Jardim Eugênia,N/A,11,N/A,Não,Não,N/A,https://sp.olx.com.br/sao-paulo-e-regiao/autos-e-pecas/carros-vans-e-utilitarios/bmw-320i-a-2-0-tb-m-sport-activeflex-16v-4p-2026-1527985373
1527986773,BMW X1 Sdrive 20I GP 2.0 TB Aut. 2026,297950,BMW,X1,Sdrive 20I GP 2.0 TB Aut.,2026,138,Gasolina,Automático,Prata,SP,Guarulhos,Jardim Eugênia,N/A,11,N/A,Não,Não,N/A,https://sp.olx.com.br/sao-paulo-e-regiao/autos-e-pecas/carros-vans-e-utilitarios/bmw-x1-sdrive-20i-gp-2-0-tb-aut-2026-1527986773
1515888980,BMW 320I A Modern/sport TB 2.0/a.flex 16V 4P 2023,275900,BMW,320I,A Modern/sport TB 2.0/a.flex 16V 4P,2023,35200,Flex,Automático,Cinza,SP,Sorocaba,Vila Nova Sorocaba,N/A,15,N/A,Não,Não,"air bag, ar condicionado, alarme, bancos de couro, câmera de ré, computador de bordo, conexão usb, controle automático de velocidade, navegador gps, rodas de liga leve, sensor de ré, som, teto solar, trava elétrica, vidro elétrico, volante multifuncional",https://sp.olx.com.br/regiao-de-sorocaba/autos-e-pecas/carros-vans-e-utilitarios/bmw-320i-a-modern-sport-tb-2-0-a-flex-16v-4p-2023-1515888980
1530243792,BMW X1 Sdrive 20I M Sport 2.0 TB Aut. 2024,292900,BMW,X1,Sdrive 20I M Sport 2.0 TB Aut.,2024,46800,Gasolina,,Azul,SP,Sorocaba,Vila Assis,N/A,15,Não,Sim,Não,"air bag, ar condicionado, alarme, bancos de couro, câmera de ré, computador de bordo, conexão usb, controle automático de velocidade, navegador gps, rodas de liga leve, sensor de ré, som, teto solar, trava elétrica, vidro elétrico, volante multifuncional",https://sp.olx.com.br/regiao-de-sorocaba/autos-e-pecas/carros-vans-e-utilitarios/bmw-x1-sdrive-20i-m-sport-2-0-tb-aut-2024-1530243792
1524582414,BMW 320I A 2.0 TB M Sport Activeflex 16V 4P 2022,221990,BMW,320I,A 2.0 TB M Sport Activeflex 16V 4P,2022,0,N/A,Automático,Cinza,SP,Mauá,Jardim Guapituba,N/A,11,Sim,Sim,Não,"air bag, ar condicionado, alarme, câmera de ré, computador de bordo, conexão usb, controle automático de velocidade, interface bluetooth, navegador gps, rodas de liga leve, sensor de ré, som, teto solar, trava elétrica, vidro elétrico, volante multifuncional",https://sp.olx.com.br/sao-paulo-e-regiao/autos-e-pecas/carros-vans-e-utilitarios/bmw-320i-a-2-0-tb-m-sport-activeflex-16v-4p-2022-1524582414
1531226375,BMW 330E M Sport 2.0 Turbo Híbrido AU 2022,229990,BMW,330E,M Sport 2.0 Turbo Híbrido AU,2022,56000,Híbrido,Automático,Branco,SP,São Paulo,Casa Verde,N/A,11,Não,Não,Não,"air bag, ar condicionado, alarme, bancos de couro, câmera de ré, computador de bordo, conexão usb, controle automático de velocidade, navegador gps, rodas de liga leve, sensor de ré, som, teto solar, trava elétrica, vidro elétrico, volante multifuncional",https://sp.olx.com.br/sao-paulo-e-regiao/autos-e-pecas/carros-vans-e-utilitarios/bmw-330e-m-sport-2-0-turbo-hibrido-au-2022-1531226375
1505838593,BMW X1 Sdrive 20I 2.0/2.0 TB Acti.flex Aut. 2022,149900,BMW,X1,Sdrive 20I 2.0/2.0 TB Acti.flex Aut.,2022,39347,Flex,Automático,Branco,SP,São Paulo,Vila das Belezas,N/A,11,Não,Sim,Não,"air bag, air bag, ar condicionado, ar condicionado, alarme, alarme, bancos de couro, câmera de ré, computador de bordo, conexão usb, controle automático de velocidade, navegador gps, rodas de liga leve, sensor de ré, trava elétrica, trava elétrica, vidro elétrico, vidro elétrico, volante multifuncional",https://sp.olx.com.br/sao-paulo-e-regiao/autos-e-pecas/carros-vans-e-utilitarios/bmw-x1-sdrive-20i-2-0-2-0-tb-acti-flex-aut-2022-1505838593
1528574539,BMW X4 Xdrive 30I M-sport 2.0 TB. 252cv AUT 2025,375000,BMW,X4,Xdrive 30I M-sport 2.0 TB. 252cv AUT,2025,60000,Gasolina,Automático,Cinza,SP,Bauru,Residencial Estoril Premium,N/A,14,Sim,Sim,Não,"air bag, ar condicionado, alarme, bancos de couro, câmera de ré, computador de bordo, conexão usb, controle automático de velocidade, interface bluetooth, navegador gps, rodas de liga leve, sensor de ré, som, teto solar, tração 4x4, trava elétrica, vidro elétrico, volante multifuncional",https://sp.olx.com.br/regiao-de-bauru-e-marilia/autos-e-pecas/carros-vans-e-utilitarios/bmw-x4-xdrive-30i-m-sport-2-0-tb-252cv-aut-2025-1528574539
1518891232,BMW X1 Sdrive 20I X-line 2.0 TB Active Flex 2022,174990,BMW,X1,Sdrive 20I X-line 2.0 TB Active Flex,2022,95900,Flex,Automático,Preto,SP,Indaiatuba,Chácara Areal,N/A,19,Não,Não,Não,"air bag, ar condicionado, alarme, bancos de couro, blindado, câmera de ré, computador de bordo, conexão usb, controle automático de velocidade, navegador gps, rodas de liga leve, sensor de ré, teto solar, trava elétrica, vidro elétrico, volante multifuncional",https://sp.olx.com.br/grande-campinas/autos-e-pecas/carros-vans-e-utilitarios/bmw-x1-sdrive-20i-x-line-2-0-tb-active-flex-2022-1518891232
1524789032,BMW 320I 320i 2021,174990,BMW,320I,320i,2021,79500,Flex,Automático,Azul,SP,Indaiatuba,Chácara Areal,N/A,19,Não,Sim,Não,"air bag, ar condicionado, alarme, bancos de couro, rodas de liga leve, trava elétrica, vidro elétrico",https://sp.olx.com.br/grande-campinas/autos-e-pecas/carros-vans-e-utilitarios/bmw-320i-320i-2021-1524789032
1523540222,BMW M M 135i Xdrive 2.0 306cv AUT 2021,219900,BMW,M,M 135i Xdrive 2.0 306cv AUT,2021,28000,Gasolina,Automático,Vermelho,SP,São Paulo,Vila Leopoldina,N/A,11,Não,Sim,Não,"air bag, ar condicionado, alarme, bancos de couro, blindado, câmera de ré, computador de bordo, conexão usb, controle automático de velocidade, navegador gps, rodas de liga leve, sensor de ré, som, teto solar, tração 4x4, trava elétrica, vidro elétrico, volante multifuncional",https://sp.olx.com.br/sao-paulo-e-regiao/autos-e-pecas/carros-vans-e-utilitarios/bmw-m-m-135i-xdrive-2-0-306cv-aut-2021-1523540222
1520807270,BMW X4 Xdrive 30I M-sport 2.0 TB. 252cv AUT 2020,239890,BMW,X4,Xdrive 30I M-sport 2.0 TB. 252cv AUT,2020,69000,Gasolina,Automático,Branco,SP,São Paulo,Jardim Maringá,N/A,11,Não,Sim,Não,"air bag, ar condicionado, alarme, bancos de couro, câmera de ré, computador de bordo, conexão usb, controle automático de velocidade, navegador gps, rodas de liga leve, sensor de ré, som, teto solar, tração 4x4, trava elétrica, vidro elétrico, volante multifuncional",https://sp.olx.com.br/sao-paulo-e-regiao/autos-e-pecas/carros-vans-e-utilitarios/bmw-x4-xdrive-30i-m-sport-2-0-tb-252cv-aut-2020-1520807270
1522608773,BMW X6 Xdrive 40I M Sport 3.0 Bi-TB (hib.) 2024,579890,BMW,X6,Xdrive 40I M Sport 3.0 Bi-TB (hib.),2024,38000,Híbrido,Automático,Cinza,SP,São Paulo,Jardim Maringá,N/A,11,Não,Não,Não,"air bag, ar condicionado, alarme, bancos de couro, câmera de ré, computador de bordo, conexão usb, controle automático de velocidade, navegador gps, rodas de liga leve, sensor de ré, som, teto solar, tração 4x4, trava elétrica, vidro elétrico, volante multifuncional",https://sp.olx.com.br/sao-paulo-e-regiao/autos-e-pecas/carros-vans-e-utilitarios/bmw-x6-xdrive-40i-m-sport-3-0-bi-tb-hib-2024-1522608773
1523393955,BMW X2 M35i Xdrive 2.0 Turbo 317cv Aut. 2025,439890,BMW,X2,M35i Xdrive 2.0 Turbo 317cv Aut.,2025,11000,Gasolina,Automático,Preto,SP,São Paulo,Jardim Maringá,N/A,11,Não,Não,Não,"air bag, ar condicionado, alarme, bancos de couro, câmera de ré, computador de bordo, conexão usb, controle automático de velocidade, navegador gps, rodas de liga leve, sensor de ré, som, teto solar, trava elétrica, vidro elétrico, volante multifuncional",https://sp.olx.com.br/sao-paulo-e-regiao/autos-e-pecas/carros-vans-e-utilitarios/bmw-x2-m35i-xdrive-2-0-turbo-317cv-aut-2025-1523393955
1518402772,BMW 320I 320i 2022,178900,BMW,320I,320i,2022,71277,Flex,Automático,Preto,SP,São Paulo,Imirim,N/A,11,Não,Não,Não,"air bag, alarme, sensor de ré, som, trava elétrica, vidro elétrico",https://sp.olx.com.br/sao-paulo-e-regiao/autos-e-pecas/carros-vans-e-utilitarios/bmw-320i-320i-2022-1518402772
1522787785,BMW 320I 320i 2024,284890,BMW,320I,320i,2024,26500,Flex,Automático,Branco,SP,São Paulo,Imirim,N/A,11,Sim,Sim,Não,"air bag, ar condicionado, alarme, bancos de couro, computador de bordo, controle automático de velocidade, navegador gps, rodas de liga leve, som, teto solar, trava elétrica, vidro elétrico, volante multifuncional",https://sp.olx.com.br/sao-paulo-e-regiao/autos-e-pecas/carros-vans-e-utilitarios/bmw-320i-320i-2024-1522787785
1522751073,BMW M3 Competition M 3.0 Bi-TB 510cv 2025,839800,BMW,M3,Competition M 3.0 Bi-TB 510cv,2025,22817,Gasolina,Automático,Verde,SP,São Paulo,Imirim,N/A,11,Não,Sim,Não,"air bag, ar condicionado, alarme, bancos de couro, blindado, câmera de ré, computador de bordo, conexão usb, controle automático de velocidade, navegador gps, rodas de liga leve, sensor de ré, som, teto solar, trava elétrica, vidro elétrico, volante multifuncional",https://sp.olx.com.br/sao-paulo-e-regiao/autos-e-pecas/carros-vans-e-utilitarios/bmw-m3-competition-m-3-0-bi-tb-510cv-2025-1522751073
1522751083,BMW 320I 320i 2021,235900,BMW,320I,320i,2021,44000,Gasolina,Automático,Cinza,SP,São Paulo,Imirim,N/A,11,Não,Sim,Não,"air bag, ar condicionado, alarme, bancos de couro, blindado, computador de bordo, controle automático de velocidade, rodas de liga leve, teto solar, trava elétrica, vidro elétrico, volante multifuncional",https://sp.olx.com.br/sao-paulo-e-regiao/autos-e-pecas/carros-vans-e-utilitarios/bmw-320i-320i-2021-1522751083
1526980402,BMW X3 Xdrive 20I 2.0/x-line Bi-TB Flex Aut. 2020,179790,BMW,X3,Xdrive 20I 2.0/x-line Bi-TB Flex Aut.,2020,72479,Gasolina,Automático,Cinza,SP,São Paulo,Vila Ema,N/A,11,N/A,Não,Não,"air bag, ar condicionado, alarme, bancos de couro, câmera de ré, computador de bordo, conexão usb, controle automático de velocidade, navegador gps, rodas de liga leve, sensor de ré, teto solar, tração 4x4, trava elétrica, vidro elétrico, volante multifuncional",https://sp.olx.com.br/sao-paulo-e-regiao/autos-e-pecas/carros-vans-e-utilitarios/bmw-x3-xdrive-20i-2-0-x-line-bi-tb-flex-aut-2020-1526980402
1528951143,BMW 320I 320i 2024,281890,BMW,320I,320i,2024,29773,Flex,Automático,Cinza,SP,São Paulo,Vila Leopoldina,N/A,11,N/A,Não,Não,N/A,https://sp.olx.com.br/sao-paulo-e-regiao/autos-e-pecas/carros-vans-e-utilitarios/bmw-320i-320i-2024-1528951143
1528951153,BMW 320I 320i 2024,281890,BMW,320I,320i,2024,29773,Flex,Automático,Cinza,SP,Barueri,Alphaville Centro Industrial e Empresarial/Alphaville.,N/A,11,N/A,Não,Não,N/A,https://sp.olx.com.br/sao-paulo-e-regiao/autos-e-pecas/carros-vans-e-utilitarios/bmw-320i-320i-2024-1528951153
1531039371,BMW X1 Sdrive 18I GP 1.5 TB Aut. 2023,224950,BMW,X1,Sdrive 18I GP 1.5 TB Aut.,2023,13751,Flex,Automático,Prata,SP,São Paulo,Vila Leopoldina,N/A,11,N/A,Não,Não,"air bag, ar condicionado, alarme, bancos de couro, câmera de ré, computador de bordo, conexão usb, controle automático de velocidade, navegador gps, rodas de liga leve, sensor de ré, trava elétrica, vidro elétrico, volante multifuncional",https://sp.olx.com.br/sao-paulo-e-regiao/autos-e-pecas/carros-vans-e-utilitarios/bmw-x1-sdrive-18i-gp-1-5-tb-aut-2023-1531039371
1528951193,BMW 320I 320i 2024,281890,BMW,320I,320i,2024,29773,Flex,Automático,Cinza,SP,Guarulhos,Jardim Eugênia,N/A,11,N/A,Não,Não,N/A,https://sp.olx.com.br/sao-paulo-e-regiao/autos-e-pecas/carros-vans-e-utilitarios/bmw-320i-320i-2024-1528951193
1531038383,BMW X1 Sdrive 18I GP 1.5 TB Aut. 2023,224950,BMW,X1,Sdrive 18I GP 1.5 TB Aut.,2023,13751,Flex,Automático,Prata,SP,Barueri,Alphaville Centro Industrial e Empresarial/Alphaville.,N/A,11,N/A,Não,Não,"air bag, ar condicionado, alarme, bancos de couro, câmera de ré, computador de bordo, conexão usb, controle automático de velocidade, navegador gps, rodas de liga leve, sensor de ré, trava elétrica, vidro elétrico, volante multifuncional",https://sp.olx.com.br/sao-paulo-e-regiao/autos-e-pecas/carros-vans-e-utilitarios/bmw-x1-sdrive-18i-gp-1-5-tb-aut-2023-1531038383
1531039015,BMW X1 Sdrive 18I GP 1.5 TB Aut. 2023,224950,BMW,X1,Sdrive 18I GP 1.5 TB Aut.,2023,13751,Flex,Automático,Prata,SP,Guarulhos,Jardim Eugênia,N/A,11,N/A,Não,Não,"air bag, ar condicionado, alarme, bancos de couro, câmera de ré, computador de bordo, conexão usb, controle automático de velocidade, navegador gps, rodas de liga leve, sensor de ré, trava elétrica, vidro elétrico, volante multifuncional",https://sp.olx.com.br/sao-paulo-e-regiao/autos-e-pecas/carros-vans-e-utilitarios/bmw-x1-sdrive-18i-gp-1-5-tb-aut-2023-1531039015
1529297277,BMW 320I A 2.0 TB M Sport Activeflex 16V 4P 2024,263999,BMW,320I,A 2.0 TB M Sport Activeflex 16V 4P,2024,35600,Flex,Automático,Cinza,SP,Limeira,Vila Primavera,N/A,19,Não,Sim,Não,"air bag, ar condicionado, alarme, bancos de couro, câmera de ré, computador de bordo, conexão usb, controle automático de velocidade, navegador gps, rodas de liga leve, sensor de ré, som, teto solar, trava elétrica, vidro elétrico, volante multifuncional",https://sp.olx.com.br/grande-campinas/autos-e-pecas/carros-vans-e-utilitarios/bmw-320i-a-2-0-tb-m-sport-activeflex-16v-4p-2024-1529297277
1423866817,BMW X5 Xdrive 45E 3.0 M.sport Híbrido AU 2020,305000,BMW,X5,Xdrive 45E 3.0 M.sport Híbrido AU,2020,52700,Híbrido,Automático,Branco,SP,São José do Rio Preto,Centro,N/A,17,Não,Não,Não,"air bag, ar condicionado, alarme, bancos de couro, câmera de ré, computador de bordo, conexão usb, controle automático de velocidade, navegador gps, rodas de liga leve, sensor de ré, teto solar, tração 4x4, trava elétrica, vidro elétrico, volante multifuncional",https://sp.olx.com.br/regiao-de-sao-jose-do-rio-preto/autos-e-pecas/carros-vans-e-utilitarios/bmw-x5-xdrive-45e-3-0-m-sport-hibrido-au-2020-1423866817
1527979620,BMW 320I A 2.0 TB M Sport Activeflex 16V 4P 2026,317890,BMW,320I,A 2.0 TB M Sport Activeflex 16V 4P,2026,27531,Flex,Automático,Cinza,SP,Barueri,Alphaville Centro Industrial e Empresarial/Alphaville.,N/A,11,N/A,Não,Não,N/A,https://sp.olx.com.br/sao-paulo-e-regiao/autos-e-pecas/carros-vans-e-utilitarios/bmw-320i-a-2-0-tb-m-sport-activeflex-16v-4p-2026-1527979620
1527979621,BMW 320I A 2.0 TB M Sport Activeflex 16V 4P 2026,317890,BMW,320I,A 2.0 TB M Sport Activeflex 16V 4P,2026,27531,Flex,Automático,Cinza,SP,Guarulhos,Jardim Eugênia,N/A,11,N/A,Não,Não,N/A,https://sp.olx.com.br/sao-paulo-e-regiao/autos-e-pecas/carros-vans-e-utilitarios/bmw-320i-a-2-0-tb-m-sport-activeflex-16v-4p-2026-1527979621
1522728315,BMW 320I A Modern/sport TB 2.0/a.flex 16V 4P 2024,279900,BMW,320I,A Modern/sport TB 2.0/a.flex 16V 4P,2024,18130,Gasolina,Automático,Azul,SP,São Paulo,Vila das Belezas,N/A,11,Sim,Sim,Não,"air bag, ar condicionado, alarme, bancos de couro, câmera de ré, computador de bordo, conexão usb, controle automático de velocidade, interface bluetooth, navegador gps, rodas de liga leve, sensor de ré, teto solar, trava elétrica, vidro elétrico, volante multifuncional",https://sp.olx.com.br/sao-paulo-e-regiao/autos-e-pecas/carros-vans-e-utilitarios/bmw-320i-a-modern-sport-tb-2-0-a-flex-16v-4p-2024-1522728315
1527681363,BMW 320I A 2.0 TB M Sport Activeflex 16V 4P 2024,294900,BMW,320I,A 2.0 TB M Sport Activeflex 16V 4P,2024,53000,Flex,Automático,Cinza,SP,Sorocaba,Centro,N/A,15,Sim,Sim,Não,"air bag, ar condicionado, alarme, bancos de couro, câmera de ré, computador de bordo, conexão usb, controle automático de velocidade, navegador gps, rodas de liga leve, sensor de ré, som, teto solar, trava elétrica, vidro elétrico, volante multifuncional",https://sp.olx.com.br/regiao-de-sorocaba/autos-e-pecas/carros-vans-e-utilitarios/bmw-320i-a-2-0-tb-m-sport-activeflex-16v-4p-2024-1527681363
1508343666,BMW 320I 320i 2024,299800,BMW,320I,320i,2024,26745,Gasolina,Automático,Preto,SP,São Paulo,Vila Hamburguesa,N/A,11,Sim,Sim,Não,"air bag, ar condicionado, alarme, bancos de couro, blindado, câmera de ré, computador de bordo, conexão usb, controle automático de velocidade, navegador gps, rodas de liga leve, sensor de ré, som, teto solar, trava elétrica, vidro elétrico, volante multifuncional",https://sp.olx.com.br/sao-paulo-e-regiao/autos-e-pecas/carros-vans-e-utilitarios/bmw-320i-320i-2024-1508343666
1514337212,BMW 320I 320i 2020,194900,BMW,320I,320i,2020,62856,Flex,Automático,Cinza,SP,Sorocaba,Jardim Europa,N/A,15,Sim,Não,Não,"air bag, ar condicionado, alarme, sensor de ré, som, trava elétrica, vidro elétrico",https://sp.olx.com.br/regiao-de-sorocaba/autos-e-pecas/carros-vans-e-utilitarios/bmw-320i-320i-2020-1514337212
1501154535,BMW 330I Sport 2.0 TB 16V 4P 2020,194900,BMW,330I,Sport 2.0 TB 16V 4P,2020,62856,Flex,Automático,Cinza,SP,Sorocaba,Jardim Europa,N/A,15,Sim,Sim,Não,"air bag, ar condicionado, alarme, bancos de couro, câmera de ré, computador de bordo, conexão usb, controle automático de velocidade, navegador gps, rodas de liga leve, sensor de ré, som, teto solar, trava elétrica, vidro elétrico, volante multifuncional",https://sp.olx.com.br/regiao-de-sorocaba/autos-e-pecas/carros-vans-e-utilitarios/bmw-330i-sport-2-0-tb-16v-4p-2020-1501154535
1527012332,BMW X1 Sdrive 20I 2.0/2.0 TB Acti.flex Aut. 2020,139900,BMW,X1,Sdrive 20I 2.0/2.0 TB Acti.flex Aut.,2020,110000,Flex,Automático,Branco,SP,Ribeirão Preto,Alto da Boa Vista,N/A,16,Não,Sim,Não,"air bag, ar condicionado, alarme, bancos de couro, câmera de ré, computador de bordo, conexão usb, controle automático de velocidade, interface bluetooth, navegador gps, rodas de liga leve, sensor de ré, som, teto solar, trava elétrica, vidro elétrico, volante multifuncional",https://sp.olx.com.br/regiao-de-ribeirao-preto/autos-e-pecas/carros-vans-e-utilitarios/bmw-x1-sdrive-20i-2-0-2-0-tb-acti-flex-aut-2020-1527012332
1526762171,BMW 320I A Modern/sport TB 2.0/a.flex 16V 4P 2022,209000,BMW,320I,A Modern/sport TB 2.0/a.flex 16V 4P,2022,26000,Flex,Automático,Cinza,SP,Piracicaba,Nova Piracicaba,N/A,19,Não,Sim,Não,"air bag, ar condicionado, alarme, bancos de couro, câmera de ré, computador de bordo, conexão usb, controle automático de velocidade, navegador gps, rodas de liga leve, sensor de ré, teto solar, trava elétrica, vidro elétrico, volante multifuncional",https://sp.olx.com.br/grande-campinas/autos-e-pecas/carros-vans-e-utilitarios/bmw-320i-a-modern-sport-tb-2-0-a-flex-16v-4p-2022-1526762171
1516173211,BMW X1 Sdrive 20I M Sport 2.0 TB Aut. 2026,340000,BMW,X1,Sdrive 20I M Sport 2.0 TB Aut.,2026,3612,Gasolina,Automático,Verde,SP,Votorantim,Alphaville Nova Esplanada,N/A,15,N/A,Não,Não,"air bag, ar condicionado, alarme, trava elétrica, vidro elétrico",https://sp.olx.com.br/regiao-de-sorocaba/autos-e-pecas/carros-vans-e-utilitarios/bmw-x1-sdrive-20i-m-sport-2-0-tb-aut-2026-1516173211
1532402231,BMW X1 Sdrive 20I M Sport 2.0 TB Aut. 2025,283990,BMW,X1,Sdrive 20I M Sport 2.0 TB Aut.,2025,16200,Gasolina,Automático,N/A,SP,Santo André,Campestre,N/A,11,N/A,Não,Não,"air bag, ar condicionado, alarme, bancos de couro, câmera de ré, computador de bordo, conexão usb, controle automático de velocidade, navegador gps, rodas de liga leve, sensor de ré, som, teto solar, trava elétrica, vidro elétrico, volante multifuncional",https://sp.olx.com.br/sao-paulo-e-regiao/autos-e-pecas/carros-vans-e-utilitarios/bmw-x1-sdrive-20i-m-sport-2-0-tb-aut-2025-1532402231
1532403256,BMW 320I A 2.0 Turbo/activeflex 16V 184cv 4P 2024,249950,BMW,320I,A 2.0 Turbo/activeflex 16V 184cv 4P,2024,12940,Flex,Automático,Cinza,SP,São Paulo,Vila Leopoldina,N/A,11,N/A,Não,Não,"air bag, ar condicionado, alarme, bancos de couro, câmera de ré, computador de bordo, conexão usb, controle automático de velocidade, navegador gps, rodas de liga leve, sensor de ré, trava elétrica, vidro elétrico, volante multifuncional",https://sp.olx.com.br/sao-paulo-e-regiao/autos-e-pecas/carros-vans-e-utilitarios/bmw-320i-a-2-0-turbo-activeflex-16v-184cv-4p-2024-1532403256
1532403271,BMW 320I A 2.0 Turbo/activeflex 16V 184cv 4P 2024,249950,BMW,320I,A 2.0 Turbo/activeflex 16V 184cv 4P,2024,12940,Flex,Automático,Cinza,SP,Barueri,Alphaville Centro Industrial e Empresarial/Alphaville.,N/A,11,N/A,Não,Não,"air bag, ar condicionado, alarme, bancos de couro, câmera de ré, computador de bordo, conexão usb, controle automático de velocidade, navegador gps, rodas de liga leve, sensor de ré, trava elétrica, vidro elétrico, volante multifuncional",https://sp.olx.com.br/sao-paulo-e-regiao/autos-e-pecas/carros-vans-e-utilitarios/bmw-320i-a-2-0-turbo-activeflex-16v-184cv-4p-2024-1532403271
1524387624,BMW 320I 320i 2021,174990,BMW,320I,320i,2021,79500,Flex,Automático,Azul,SP,São Paulo,Casa Verde,N/A,11,Não,Sim,Não,"air bag, ar condicionado, alarme, bancos de couro, rodas de liga leve, trava elétrica, vidro elétrico",https://sp.olx.com.br/sao-paulo-e-regiao/autos-e-pecas/carros-vans-e-utilitarios/bmw-320i-320i-2021-1524387624
1493347899,BMW 320I A Modern/sport TB 2.0/a.flex 16V 4P 2024,264990,BMW,320I,A Modern/sport TB 2.0/a.flex 16V 4P,2024,18450,Gasolina,Automático,Preto,SP,Santos,Vila Mathias,N/A,13,Não,Não,Não,"air bag, ar condicionado, alarme, bancos de couro, câmera de ré, computador de bordo, conexão usb, controle automático de velocidade, navegador gps, rodas de liga leve, sensor de ré, teto solar, trava elétrica, vidro elétrico, volante multifuncional",https://sp.olx.com.br/baixada-santista-e-litoral-sul/autos-e-pecas/carros-vans-e-utilitarios/bmw-320i-a-modern-sport-tb-2-0-a-flex-16v-4p-2024-1493347899
1532057142,BMW 320I A Modern/sport TB 2.0/a.flex 16V 4P 2023,260000,BMW,320I,A Modern/sport TB 2.0/a.flex 16V 4P,2023,40600,Flex,Automático,Azul,SP,Itatiba,Loteamento Itatiba Country Club,N/A,11,Não,Sim,Não,"conexão usb, controle automático de velocidade, interface bluetooth, navegador gps, rodas de liga leve, som, tração 4x4",https://sp.olx.com.br/sao-paulo-e-regiao/autos-e-pecas/carros-vans-e-utilitarios/bmw-320i-a-modern-sport-tb-2-0-a-flex-16v-4p-2023-1532057142
1517553861,BMW 320I A 2.0 TB M Sport Activeflex 16V 4P 2024,265900,BMW,320I,A 2.0 TB M Sport Activeflex 16V 4P,2024,31000,Flex,Automático,Cinza,SP,Guarulhos,Vila Hermínia,N/A,11,Não,Sim,Não,"air bag, ar condicionado, alarme, bancos de couro, câmera de ré, computador de bordo, conexão usb, controle automático de velocidade, navegador gps, rodas de liga leve, sensor de ré, som, teto solar, trava elétrica, vidro elétrico, volante multifuncional",https://sp.olx.com.br/sao-paulo-e-regiao/autos-e-pecas/carros-vans-e-utilitarios/bmw-320i-a-2-0-tb-m-sport-activeflex-16v-4p-2024-1517553861
1532938335,BMW 320I A 2.0 Turbo/activeflex 16V 184cv 4P 2024,229990,BMW,320I,A 2.0 Turbo/activeflex 16V 184cv 4P,2024,35000,Flex,Automático,Cinza,SP,Sorocaba,Jardim Isaura,N/A,15,N/A,Não,Não,"air bag, ar condicionado, alarme, bancos de couro, câmera de ré, computador de bordo, conexão usb, controle automático de velocidade, navegador gps, rodas de liga leve, sensor de ré, trava elétrica, vidro elétrico, volante multifuncional",https://sp.olx.com.br/regiao-de-sorocaba/autos-e-pecas/carros-vans-e-utilitarios/bmw-320i-a-2-0-turbo-activeflex-16v-184cv-4p-2024-1532938335
1525053292,BMW 320I A 2.0 TB M Sport Activeflex 16V 4P 2023,239999,BMW,320I,A 2.0 TB M Sport Activeflex 16V 4P,2023,50345,Flex,Automático,Cinza,SP,São Bernardo do Campo,Independência,N/A,11,N/A,Sim,Não,"air bag, ar condicionado, alarme, bancos de couro, câmera de ré, computador de bordo, conexão usb, controle automático de velocidade, interface bluetooth, navegador gps, rodas de liga leve, sensor de ré, som, teto solar, trava elétrica, vidro elétrico, volante multifuncional",https://sp.olx.com.br/sao-paulo-e-regiao/autos-e-pecas/carros-vans-e-utilitarios/bmw-320i-a-2-0-tb-m-sport-activeflex-16v-4p-2023-1525053292
1510998436,BMW 320I A 2.0 TB M Sport Activeflex 16V 4P 2024,289990,BMW,320I,A 2.0 TB M Sport Activeflex 16V 4P,2024,23000,Flex,Automático,Cinza,SP,Campinas,Cambuí,N/A,19,Não,Sim,Não,"air bag, ar condicionado, alarme, bancos de couro, câmera de ré, computador de bordo, conexão usb, controle automático de velocidade, interface bluetooth, navegador gps, rodas de liga leve, sensor de ré, som, teto solar, trava elétrica, vidro elétrico, volante multifuncional",https://sp.olx.com.br/grande-campinas/autos-e-pecas/carros-vans-e-utilitarios/bmw-320i-a-2-0-tb-m-sport-activeflex-16v-4p-2024-1510998436
1527138573,BMW I3 BEV Full 170cv Aut. (elétrico) 2021,137900,BMW,I3,BEV Full 170cv Aut. (elétrico),2021,77323,Elétrico,Automático,Azul,SP,Santo André,Jardim,N/A,11,Não,Não,Não,"air bag, ar condicionado, alarme, bancos de couro, câmera de ré, computador de bordo, conexão usb, controle automático de velocidade, navegador gps, rodas de liga leve, sensor de ré, teto solar, trava elétrica, vidro elétrico, volante multifuncional",https://sp.olx.com.br/sao-paulo-e-regiao/autos-e-pecas/carros-vans-e-utilitarios/bmw-i3-bev-full-170cv-aut-eletrico-2021-1527138573
1525519919,BMW 320I A 2.0 TB M Sport Activeflex 16V 4P 2021,209900,BMW,320I,A 2.0 TB M Sport Activeflex 16V 4P,2021,51000,Gasolina,Automático,Branco,SP,Pilar do Sul,Campo Grande,N/A,15,Não,Sim,Não,"air bag, ar condicionado, alarme, bancos de couro, câmera de ré, computador de bordo, conexão usb, controle automático de velocidade, navegador gps, rodas de liga leve, sensor de ré, som, teto solar, trava elétrica, vidro elétrico, volante multifuncional",https://sp.olx.com.br/regiao-de-sorocaba/autos-e-pecas/carros-vans-e-utilitarios/bmw-320i-a-2-0-tb-m-sport-activeflex-16v-4p-2021-1525519919
1529167421,BMW X1 Sdrive 20I M Sport 2.0 TB Flex Aut. 2022,176900,BMW,X1,Sdrive 20I M Sport 2.0 TB Flex Aut.,2022,47000,Flex,Automático,Cinza,SP,São Paulo,Tatuapé,N/A,11,Sim,Sim,Não,"air bag, ar condicionado, alarme, bancos de couro, câmera de ré, computador de bordo, conexão usb, controle automático de velocidade, interface bluetooth, navegador gps, rodas de liga leve, sensor de ré, som, teto solar, trava elétrica, vidro elétrico, volante multifuncional",https://sp.olx.com.br/sao-paulo-e-regiao/autos-e-pecas/carros-vans-e-utilitarios/bmw-x1-sdrive-20i-m-sport-2-0-tb-flex-aut-2022-1529167421
1531963648,BMW 420I Cabriolet M Sport 2.0 TB 16V 2P. 2025,420000,BMW,420I,Cabriolet M Sport 2.0 TB 16V 2P.,2025,511,Gasolina,Automático,Azul,SP,São Paulo,Vila Progredior,N/A,11,Sim,Sim,Não,"air bag, ar condicionado, alarme, bancos de couro, câmera de ré, computador de bordo, conexão usb, controle automático de velocidade, interface bluetooth, navegador gps, rodas de liga leve, sensor de ré, som, trava elétrica, vidro elétrico, volante multifuncional",https://sp.olx.com.br/sao-paulo-e-regiao/autos-e-pecas/carros-vans-e-utilitarios/bmw-420i-cabriolet-m-sport-2-0-tb-16v-2p-2025-1531963648
1532922142,BMW 320I A 2.0 TB M Sport Activeflex 16V 4P 2022,189000,BMW,320I,A 2.0 TB M Sport Activeflex 16V 4P,2022,69000,Flex,Automático,Preto,SP,São Paulo,Vila Carrão,N/A,11,Não,Sim,Não,"air bag, ar condicionado, alarme, bancos de couro, câmera de ré, computador de bordo, conexão usb, controle automático de velocidade, interface bluetooth, navegador gps, rodas de liga leve, sensor de ré, som, teto solar, trava elétrica, vidro elétrico, volante multifuncional",https://sp.olx.com.br/sao-paulo-e-regiao/autos-e-pecas/carros-vans-e-utilitarios/bmw-320i-a-2-0-tb-m-sport-activeflex-16v-4p-2022-1532922142
1526704814,BMW X1 Sdrive 20I M Sport 2.0 TB Aut. 2023,239990,BMW,X1,Sdrive 20I M Sport 2.0 TB Aut.,2023,24000,Gasolina,Automático,Verde,SP,Indaiatuba,Jardim Residencial Alto de Itaici,N/A,19,Não,Sim,Não,"air bag, ar condicionado, alarme, bancos de couro, câmera de ré, computador de bordo, conexão usb, controle automático de velocidade, interface bluetooth, navegador gps, rodas de liga leve, sensor de ré, som, teto solar, trava elétrica, vidro elétrico, volante multifuncional",https://sp.olx.com.br/grande-campinas/autos-e-pecas/carros-vans-e-utilitarios/bmw-x1-sdrive-20i-m-sport-2-0-tb-aut-2023-1526704814
1526680648,BMW 320I A 2.0 TB M Sport Activeflex 16V 4P 2024,289000,BMW,320I,A 2.0 TB M Sport Activeflex 16V 4P,2024,37900,Flex,Automático,Cinza,SP,Franca,Residencial Olivito,N/A,16,Não,Sim,Não,"air bag, ar condicionado, alarme, bancos de couro, câmera de ré, computador de bordo, conexão usb, controle automático de velocidade, navegador gps, rodas de liga leve, sensor de ré, som, teto solar, trava elétrica, vidro elétrico, volante multifuncional",https://sp.olx.com.br/regiao-de-ribeirao-preto/autos-e-pecas/carros-vans-e-utilitarios/bmw-320i-a-2-0-tb-m-sport-activeflex-16v-4p-2024-1526680648
1530124111,BMW 320I A Modern/sport TB 2.0/a.flex 16V 4P 2020,159000,BMW,320I,A Modern/sport TB 2.0/a.flex 16V 4P,2020,40000,Gasolina,Automático,Cinza,SP,São Paulo,Cidade Satélite Santa Bárbara,N/A,11,Não,Sim,Não,"air bag, ar condicionado, alarme, bancos de couro, câmera de ré, computador de bordo, conexão usb, controle automático de velocidade, interface bluetooth, navegador gps, rodas de liga leve, sensor de ré, som, teto solar, trava elétrica, vidro elétrico, volante multifuncional",https://sp.olx.com.br/sao-paulo-e-regiao/autos-e-pecas/carros-vans-e-utilitarios/bmw-320i-a-modern-sport-tb-2-0-a-flex-16v-4p-2020-1530124111
1527489552,BMW X1 Sdrive 20I X-line 2.0 TB Active Flex 2021,155000,BMW,X1,Sdrive 20I X-line 2.0 TB Active Flex,2021,34000,Flex,Automático,Branco,SP,Santo André,Parque Oratório,N/A,11,Não,Sim,Não,"air bag, ar condicionado, alarme, bancos de couro, câmera de ré, computador de bordo, conexão usb, controle automático de velocidade, navegador gps, rodas de liga leve, sensor de ré, teto solar, trava elétrica, vidro elétrico, volante multifuncional",https://sp.olx.com.br/sao-paulo-e-regiao/autos-e-pecas/carros-vans-e-utilitarios/bmw-x1-sdrive-20i-x-line-2-0-tb-active-flex-2021-1527489552
1518617329,BMW 320I 320i 2024,311290,BMW,320I,320i,2024,21414,Flex,Automático,Azul,SP,São Paulo,Água Branca,N/A,11,Não,Sim,Não,"ar condicionado, alarme, blindado",https://sp.olx.com.br/sao-paulo-e-regiao/autos-e-pecas/carros-vans-e-utilitarios/bmw-320i-320i-2024-1518617329
1530894683,BMW X4 Xdrive 30I M-sport 2.0 TB. 252cv AUT 2024,305900,BMW,X4,Xdrive 30I M-sport 2.0 TB. 252cv AUT,2024,88000,Gasolina,Automático,Cinza,SP,Ribeirão Preto,Residencial e Empresarial Alphaville,N/A,16,Não,Sim,Não,"air bag, ar condicionado, alarme, bancos de couro, câmera de ré, computador de bordo, conexão usb, controle automático de velocidade, navegador gps, rodas de liga leve, sensor de ré, som, teto solar, tração 4x4, trava elétrica, vidro elétrico, volante multifuncional",https://sp.olx.com.br/regiao-de-ribeirao-preto/autos-e-pecas/carros-vans-e-utilitarios/bmw-x4-xdrive-30i-m-sport-2-0-tb-252cv-aut-2024-1530894683
1528382293,BMW 320I A 2.0 Turbo/activeflex 16V 184cv 4P 2023,221900,BMW,320I,A 2.0 Turbo/activeflex 16V 184cv 4P,2023,2683,Flex,Automático,Cinza,SP,São Paulo,Vila Almeida,N/A,11,Não,Sim,Não,"air bag, ar condicionado, alarme, bancos de couro, câmera de ré, computador de bordo, conexão usb, controle automático de velocidade, navegador gps, rodas de liga leve, sensor de ré, trava elétrica, vidro elétrico, volante multifuncional",https://sp.olx.com.br/sao-paulo-e-regiao/autos-e-pecas/carros-vans-e-utilitarios/bmw-320i-a-2-0-turbo-activeflex-16v-184cv-4p-2023-1528382293
1528382284,BMW 320I A 2.0 Turbo/activeflex 16V 184cv 4P 2023,239490,BMW,320I,A 2.0 Turbo/activeflex 16V 184cv 4P,2023,2683,Flex,Automático,Cinza,SP,São Paulo,Saúde,N/A,11,Não,Sim,Não,"air bag, ar condicionado, alarme, bancos de couro, câmera de ré, computador de bordo, conexão usb, controle automático de velocidade, navegador gps, rodas de liga leve, sensor de ré, trava elétrica, vidro elétrico, volante multifuncional",https://sp.olx.com.br/sao-paulo-e-regiao/autos-e-pecas/carros-vans-e-utilitarios/bmw-320i-a-2-0-turbo-activeflex-16v-184cv-4p-2023-1528382284
1528382260,BMW 320I A 2.0 Turbo/activeflex 16V 184cv 4P 2023,239490,BMW,320I,A 2.0 Turbo/activeflex 16V 184cv 4P,2023,2683,Flex,Automático,Cinza,SP,São Paulo,Planalto Paulista,N/A,11,Não,Sim,Não,"air bag, ar condicionado, alarme, bancos de couro, câmera de ré, computador de bordo, conexão usb, controle automático de velocidade, navegador gps, rodas de liga leve, sensor de ré, trava elétrica, vidro elétrico, volante multifuncional",https://sp.olx.com.br/sao-paulo-e-regiao/autos-e-pecas/carros-vans-e-utilitarios/bmw-320i-a-2-0-turbo-activeflex-16v-184cv-4p-2023-1528382260
1522756229,BMW 320I 320i 2023,261090,BMW,320I,320i,2023,16819,Flex,Automático,Branco,SP,São Paulo,Saúde,N/A,11,Não,Sim,Não,"ar condicionado, alarme, rodas de liga leve, sensor de ré, teto solar",https://sp.olx.com.br/sao-paulo-e-regiao/autos-e-pecas/carros-vans-e-utilitarios/bmw-320i-320i-2023-1522756229
1522756237,BMW 320I 320i 2023,261090,BMW,320I,320i,2023,16819,Flex,Automático,Branco,SP,São Paulo,Vila Almeida,N/A,11,Não,Sim,Não,"ar condicionado, alarme, rodas de liga leve, sensor de ré, teto solar",https://sp.olx.com.br/sao-paulo-e-regiao/autos-e-pecas/carros-vans-e-utilitarios/bmw-320i-320i-2023-1522756237
1529084154,BMW 320I A 2.0 Turbo/activeflex 16V 184cv 4P 2022,188590,BMW,320I,A 2.0 Turbo/activeflex 16V 184cv 4P,2022,96276,Flex,Automático,Cinza,SP,São Paulo,Água Branca,N/A,11,Não,Sim,Não,"air bag, ar condicionado, alarme, bancos de couro, câmera de ré, computador de bordo, conexão usb, controle automático de velocidade, navegador gps, rodas de liga leve, sensor de ré, teto solar, trava elétrica, vidro elétrico, volante multifuncional",https://sp.olx.com.br/sao-paulo-e-regiao/autos-e-pecas/carros-vans-e-utilitarios/bmw-320i-a-2-0-turbo-activeflex-16v-184cv-4p-2022-1529084154
1499019121,BMW X3 Xdrive 30E M SP Launch ED. TB Híbrido 2022,242900,BMW,X3,Xdrive 30E M SP Launch ED. TB Híbrido,2022,51000,Híbrido,Automático,Branco,SP,São José dos Campos,Jardim América,N/A,12,Não,Sim,Não,"air bag, ar condicionado, alarme, bancos de couro, câmera de ré, computador de bordo, conexão usb, controle automático de velocidade, interface bluetooth, navegador gps, rodas de liga leve, sensor de ré, som, teto solar, trava elétrica, vidro elétrico, volante multifuncional",https://sp.olx.com.br/vale-do-paraiba-e-litoral-norte/autos-e-pecas/carros-vans-e-utilitarios/bmw-x3-xdrive-30e-m-sp-launch-ed-tb-hibrido-2022-1499019121
1498190513,BMW X4 Xdrive 30I M-sport 2.0 TB. 252cv AUT 2021,259990,BMW,X4,Xdrive 30I M-sport 2.0 TB. 252cv AUT,2021,64100,Gasolina,Automático,Preto,SP,São Caetano do Sul,Santa Paula,N/A,11,N/A,Sim,Não,"air bag, ar condicionado, alarme, bancos de couro, câmera de ré, computador de bordo, conexão usb, controle automático de velocidade, interface bluetooth, navegador gps, rodas de liga leve, sensor de ré, som, teto solar, tração 4x4, trava elétrica, vidro elétrico, volante multifuncional",https://sp.olx.com.br/sao-paulo-e-regiao/autos-e-pecas/carros-vans-e-utilitarios/bmw-x4-xdrive-30i-m-sport-2-0-tb-252cv-aut-2021-1498190513
1506086865,BMW 320I A 2.0 TB M Sport Activeflex 16V 4P 2023,295990,BMW,320I,A 2.0 TB M Sport Activeflex 16V 4P,2023,20998,Flex,Automático,Azul,SP,São Caetano do Sul,Santa Paula,N/A,11,N/A,Sim,Não,"air bag, ar condicionado, alarme, bancos de couro, blindado, câmera de ré, computador de bordo, conexão usb, controle automático de velocidade, navegador gps, rodas de liga leve, sensor de ré, som, teto solar, trava elétrica, vidro elétrico, volante multifuncional",https://sp.olx.com.br/sao-paulo-e-regiao/autos-e-pecas/carros-vans-e-utilitarios/bmw-320i-a-2-0-tb-m-sport-activeflex-16v-4p-2023-1506086865
1485297190,BMW X4 Xdrive 30I M-sport 2.0 TB. 252cv AUT 2023,325990,BMW,X4,Xdrive 30I M-sport 2.0 TB. 252cv AUT,2023,59800,Gasolina,Automático,Preto,SP,São Caetano do Sul,Santa Paula,N/A,11,N/A,Sim,Não,"air bag, ar condicionado, alarme, bancos de couro, câmera de ré, computador de bordo, conexão usb, controle automático de velocidade, interface bluetooth, navegador gps, rodas de liga leve, sensor de ré, som, teto solar, tração 4x4, trava elétrica, vidro elétrico, volante multifuncional",https://sp.olx.com.br/sao-paulo-e-regiao/autos-e-pecas/carros-vans-e-utilitarios/bmw-x4-xdrive-30i-m-sport-2-0-tb-252cv-aut-2023-1485297190
1505121733,BMW 320I A 2.0 TB M Sport Activeflex 16V 4P 2022,221900,BMW,320I,A 2.0 TB M Sport Activeflex 16V 4P,2022,89000,Flex,Automático,Azul,SP,São José do Rio Preto,Jardim Conceição,N/A,17,Não,Sim,Não,"air bag, ar condicionado, alarme, bancos de couro, câmera de ré, computador de bordo, conexão usb, controle automático de velocidade, navegador gps, rodas de liga leve, sensor de ré, som, teto solar, trava elétrica, vidro elétrico, volante multifuncional",https://sp.olx.com.br/regiao-de-sao-jose-do-rio-preto/autos-e-pecas/carros-vans-e-utilitarios/bmw-320i-a-2-0-tb-m-sport-activeflex-16v-4p-2022-1505121733
1531738766,BMW X1 Sdrive 20I M Sport 2.0 TB Flex Aut. 2022,197900,BMW,X1,Sdrive 20I M Sport 2.0 TB Flex Aut.,2022,34830,Flex,Automático,Branco,SP,São Paulo,Jardim Maracanã,N/A,11,N/A,Não,Não,"air bag, ar condicionado, alarme, bancos de couro, câmera de ré, computador de bordo, conexão usb, controle automático de velocidade, navegador gps, rodas de liga leve, sensor de ré, teto solar, trava elétrica, vidro elétrico, volante multifuncional",https://sp.olx.com.br/sao-paulo-e-regiao/autos-e-pecas/carros-vans-e-utilitarios/bmw-x1-sdrive-20i-m-sport-2-0-tb-flex-aut-2022-1531738766
1395475740,BMW 330E M Sport 2.0 Turbo Híbrido AU 2022,229990,BMW,330E,M Sport 2.0 Turbo Híbrido AU,2022,40000,Híbrido,Automático,Cinza,SP,Campinas,Vila Teixeira,N/A,19,Sim,Não,Não,"air bag, ar condicionado, alarme, bancos de couro, câmera de ré, computador de bordo, conexão usb, controle automático de velocidade, interface bluetooth, navegador gps, rodas de liga leve, sensor de ré, som, teto solar, trava elétrica, vidro elétrico, volante multifuncional",https://sp.olx.com.br/grande-campinas/autos-e-pecas/carros-vans-e-utilitarios/bmw-330e-m-sport-2-0-turbo-hibrido-au-2022-1395475740
1528293572,BMW 320I A Modern/sport TB 2.0/a.flex 16V 4P 2025,304900,BMW,320I,A Modern/sport TB 2.0/a.flex 16V 4P,2025,7000,N/A,,Branco,SP,Taubaté,Jardim Continental II,N/A,12,Sim,Sim,Não,"air bag, ar condicionado, alarme, bancos de couro, câmera de ré, computador de bordo, conexão usb, controle automático de velocidade, interface bluetooth, navegador gps, rodas de liga leve, sensor de ré, som, teto solar, trava elétrica, vidro elétrico, volante multifuncional",https://sp.olx.com.br/vale-do-paraiba-e-litoral-norte/autos-e-pecas/carros-vans-e-utilitarios/bmw-320i-a-modern-sport-tb-2-0-a-flex-16v-4p-2025-1528293572
1489156377,BMW 320I A 2.0 Turbo/activeflex 16V 184cv 4P 2021,215900,BMW,320I,A 2.0 Turbo/activeflex 16V 184cv 4P,2021,31117,Gasolina,Automático,Preto,SP,São Paulo,Imirim,N/A,11,N/A,Não,Não,"air bag, ar condicionado, alarme, bancos de couro, blindado, câmera de ré, computador de bordo, conexão usb, controle automático de velocidade, navegador gps, rodas de liga leve, sensor de ré, trava elétrica, vidro elétrico, volante multifuncional",https://sp.olx.com.br/sao-paulo-e-regiao/autos-e-pecas/carros-vans-e-utilitarios/bmw-320i-a-2-0-turbo-activeflex-16v-184cv-4p-2021-1489156377
1512539049,BMW 320I A Modern/sport TB 2.0/a.flex 16V 4P 2020,189900,BMW,320I,A Modern/sport TB 2.0/a.flex 16V 4P,2020,108000,Gasolina,Automático,Cinza,SP,Sorocaba,Vila Nova Sorocaba,N/A,15,N/A,Não,Não,"air bag, ar condicionado, alarme, bancos de couro, câmera de ré, computador de bordo, conexão usb, controle automático de velocidade, rodas de liga leve, sensor de ré, som, trava elétrica, vidro elétrico, volante multifuncional",https://sp.olx.com.br/regiao-de-sorocaba/autos-e-pecas/carros-vans-e-utilitarios/bmw-320i-a-modern-sport-tb-2-0-a-flex-16v-4p-2020-1512539049
1528366480,BMW X5 Xdrive 45E 3.0 M.sport Híbrido AU 2021,319990,BMW,X5,Xdrive 45E 3.0 M.sport Híbrido AU,2021,41000,Híbrido,Automático,Cinza,SP,Votorantim,Alphaville Nova Esplanada 3,N/A,15,Não,Sim,Não,"air bag, ar condicionado, alarme, bancos de couro, câmera de ré, computador de bordo, conexão usb, controle automático de velocidade, navegador gps, rodas de liga leve, sensor de ré, som, teto solar, tração 4x4, trava elétrica, vidro elétrico, volante multifuncional",https://sp.olx.com.br/regiao-de-sorocaba/autos-e-pecas/carros-vans-e-utilitarios/bmw-x5-xdrive-45e-3-0-m-sport-hibrido-au-2021-1528366480
1449573779,BMW X6 Xdrive 40I M Sport 3.0 Bi-TB (hib.) 2025,879900,BMW,X6,Xdrive 40I M Sport 3.0 Bi-TB (hib.),2025,9610,Híbrido,Automático,Cinza,SP,São Paulo,Saúde,N/A,11,N/A,Não,Não,"air bag, ar condicionado, alarme, bancos de couro, blindado, câmera de ré, computador de bordo, conexão usb, controle automático de velocidade, navegador gps, rodas de liga leve, sensor de ré, som, teto solar, tração 4x4, trava elétrica, vidro elétrico, volante multifuncional",https://sp.olx.com.br/sao-paulo-e-regiao/autos-e-pecas/carros-vans-e-utilitarios/bmw-x6-xdrive-40i-m-sport-3-0-bi-tb-hib-2025-1449573779
1531839823,BMW 320I A 2.0 TB M Sport Activeflex 16V 4P 2023,287990,BMW,320I,A 2.0 TB M Sport Activeflex 16V 4P,2023,56082,Flex,Automático,Cinza,SP,São Paulo,Vila Almeida,N/A,11,Não,Sim,Não,"air bag, ar condicionado, alarme, bancos de couro, blindado, câmera de ré, computador de bordo, conexão usb, controle automático de velocidade, navegador gps, rodas de liga leve, sensor de ré, som, teto solar, trava elétrica, vidro elétrico, volante multifuncional",https://sp.olx.com.br/sao-paulo-e-regiao/autos-e-pecas/carros-vans-e-utilitarios/bmw-320i-a-2-0-tb-m-sport-activeflex-16v-4p-2023-1531839823
1531839806,BMW 320I A 2.0 TB M Sport Activeflex 16V 4P 2023,310790,BMW,320I,A 2.0 TB M Sport Activeflex 16V 4P,2023,56082,Flex,Automático,Cinza,SP,São Paulo,Saúde,N/A,11,Não,Sim,Não,"air bag, ar condicionado, alarme, bancos de couro, blindado, câmera de ré, computador de bordo, conexão usb, controle automático de velocidade, navegador gps, rodas de liga leve, sensor de ré, som, teto solar, trava elétrica, vidro elétrico, volante multifuncional",https://sp.olx.com.br/sao-paulo-e-regiao/autos-e-pecas/carros-vans-e-utilitarios/bmw-320i-a-2-0-tb-m-sport-activeflex-16v-4p-2023-1531839806
1531839627,BMW 320I A 2.0 TB M Sport Activeflex 16V 4P 2023,310790,BMW,320I,A 2.0 TB M Sport Activeflex 16V 4P,2023,56082,Flex,Automático,Cinza,SP,São Paulo,Planalto Paulista,N/A,11,Não,Sim,Não,"air bag, ar condicionado, alarme, bancos de couro, blindado, câmera de ré, computador de bordo, conexão usb, controle automático de velocidade, navegador gps, rodas de liga leve, sensor de ré, som, teto solar, trava elétrica, vidro elétrico, volante multifuncional",https://sp.olx.com.br/sao-paulo-e-regiao/autos-e-pecas/carros-vans-e-utilitarios/bmw-320i-a-2-0-tb-m-sport-activeflex-16v-4p-2023-1531839627
1516181054,BMW 320I A 2.0 Turbo/activeflex 16V 184cv 4P 2023,226090,BMW,320I,A 2.0 Turbo/activeflex 16V 184cv 4P,2023,44818,Gasolina,Automático,Cinza,SP,São Paulo,Água Branca,N/A,11,Não,Sim,Não,"air bag, ar condicionado, alarme, bancos de couro, câmera de ré, computador de bordo, conexão usb, controle automático de velocidade, navegador gps, rodas de liga leve, sensor de ré, trava elétrica, vidro elétrico, volante multifuncional",https://sp.olx.com.br/sao-paulo-e-regiao/autos-e-pecas/carros-vans-e-utilitarios/bmw-320i-a-2-0-turbo-activeflex-16v-184cv-4p-2023-1516181054
1528313248,BMW X1 Sdrive 18I GP 1.5 TB Aut. 2022,198790,BMW,X1,Sdrive 18I GP 1.5 TB Aut.,2022,54632,Flex,Automático,Preto,SP,São Paulo,Água Branca,N/A,11,Não,Sim,Não,"ar condicionado, alarme, blindado, rodas de liga leve, sensor de ré",https://sp.olx.com.br/sao-paulo-e-regiao/autos-e-pecas/carros-vans-e-utilitarios/bmw-x1-sdrive-18i-gp-1-5-tb-aut-2022-1528313248
1511528515,BMW X3 Xdrive 30E Turbo Híbrido AUT 2021,215890,BMW,X3,Xdrive 30E Turbo Híbrido AUT,2021,48000,Híbrido,Automático,Preto,SP,São Paulo,Vila Regente Feijó,N/A,11,Não,Não,Não,"air bag, ar condicionado, alarme, bancos de couro, câmera de ré, computador de bordo, conexão usb, controle automático de velocidade, navegador gps, rodas de liga leve, sensor de ré, som, teto solar, tração 4x4, trava elétrica, vidro elétrico, volante multifuncional",https://sp.olx.com.br/sao-paulo-e-regiao/autos-e-pecas/carros-vans-e-utilitarios/bmw-x3-xdrive-30e-turbo-hibrido-aut-2021-1511528515
1502590955,BMW 320I A 2.0 TB M Sport Activeflex 16V 4P 2023,259800,BMW,320I,A 2.0 TB M Sport Activeflex 16V 4P,2023,33500,Flex,Automático,Preto,SP,São Paulo,Mooca,N/A,11,Sim,Sim,Não,"air bag, ar condicionado, alarme, bancos de couro, câmera de ré, computador de bordo, conexão usb, controle automático de velocidade, interface bluetooth, navegador gps, rodas de liga leve, sensor de ré, som, teto solar, trava elétrica, vidro elétrico, volante multifuncional",https://sp.olx.com.br/sao-paulo-e-regiao/autos-e-pecas/carros-vans-e-utilitarios/bmw-320i-a-2-0-tb-m-sport-activeflex-16v-4p-2023-1502590955
1528427047,BMW X2 Xdrive20i M Sport 2025,355900,BMW,X2,Xdrive20i M Sport,2025,28700,Flex,Automático,Azul,SP,Barueri,Parque dos Camargos,N/A,11,Sim,Sim,Não,"air bag, volante multifuncional",https://sp.olx.com.br/sao-paulo-e-regiao/autos-e-pecas/carros-vans-e-utilitarios/bmw-x2-xdrive20i-m-sport-2025-1528427047
1522973043,BMW 320I 320i 2024,285190,BMW,320I,320i,2024,34342,Flex,Automático,Branco,SP,São José dos Campos,Jardim das Indústrias,N/A,12,Não,Sim,Não,"ar condicionado, bancos de couro, teto solar",https://sp.olx.com.br/vale-do-paraiba-e-litoral-norte/autos-e-pecas/carros-vans-e-utilitarios/bmw-320i-320i-2024-1522973043
1522973060,BMW 320I 320i 2024,285190,BMW,320I,320i,2024,34342,Flex,Automático,Branco,SP,São José dos Campos,Jardim Satélite,N/A,12,Não,Sim,Não,"ar condicionado, bancos de couro, teto solar",https://sp.olx.com.br/vale-do-paraiba-e-litoral-norte/autos-e-pecas/carros-vans-e-utilitarios/bmw-320i-320i-2024-1522973060
1532816973,BMW X1 Sdrive 20I M Sport 2.0 TB Aut. 2025,314900,BMW,X1,Sdrive 20I M Sport 2.0 TB Aut.,2025,28837,Gasolina,Automático,Prata,SP,Jundiaí,Vila Angélica,N/A,11,N/A,Não,Não,"air bag, ar condicionado, alarme, bancos de couro, câmera de ré, computador de bordo, conexão usb, controle automático de velocidade, navegador gps, rodas de liga leve, sensor de ré, som, teto solar, trava elétrica, vidro elétrico, volante multifuncional",https://sp.olx.com.br/sao-paulo-e-regiao/autos-e-pecas/carros-vans-e-utilitarios/bmw-x1-sdrive-20i-m-sport-2-0-tb-aut-2025-1532816973
1519168500,BMW 320I 320i 2023,224990,BMW,320I,320i,2023,102501,Flex,Automático,Cinza,SP,Campinas,Jardim Flamboyant,N/A,19,Não,Sim,Não,"ar condicionado, alarme, teto solar",https://sp.olx.com.br/grande-campinas/autos-e-pecas/carros-vans-e-utilitarios/bmw-320i-320i-2023-1519168500
1518899827,BMW 320I 320i 2023,224990,BMW,320I,320i,2023,102501,Flex,Automático,Cinza,SP,Campinas,Jardim Guanabara,N/A,19,Não,Sim,Não,"ar condicionado, alarme, teto solar",https://sp.olx.com.br/grande-campinas/autos-e-pecas/carros-vans-e-utilitarios/bmw-320i-320i-2023-1518899827
1518899836,BMW 320I 320i 2023,224990,BMW,320I,320i,2023,102501,Flex,Automático,Cinza,SP,Campinas,Jardim Nossa Senhora Auxiliadora,N/A,19,Não,Sim,Não,"ar condicionado, alarme, teto solar",https://sp.olx.com.br/grande-campinas/autos-e-pecas/carros-vans-e-utilitarios/bmw-320i-320i-2023-1518899836
1508841300,BMW 320I A 2.0 Turbo/activeflex 16V 184cv 4P 2025,276490,BMW,320I,A 2.0 Turbo/activeflex 16V 184cv 4P,2025,5208,Flex,Automático,Preto,SP,São Paulo,Vila Almeida,N/A,11,Não,Sim,Não,"ar condicionado, alarme",https://sp.olx.com.br/sao-paulo-e-regiao/autos-e-pecas/carros-vans-e-utilitarios/bmw-320i-a-2-0-turbo-activeflex-16v-184cv-4p-2025-1508841300
1515369681,BMW 320I 320i 2024,272890,BMW,320I,320i,2024,15202,Flex,Automático,Preto,SP,São Paulo,Água Branca,N/A,11,Não,Sim,Não,"ar condicionado, teto solar",https://sp.olx.com.br/sao-paulo-e-regiao/autos-e-pecas/carros-vans-e-utilitarios/bmw-320i-320i-2024-1515369681
1509741481,BMW 320I 320i 2024,338990,BMW,320I,320i,2024,60536,Flex,Automático,Cinza,SP,São Paulo,Água Branca,N/A,11,Não,Sim,Não,"ar condicionado, bancos de couro, blindado, teto solar",https://sp.olx.com.br/sao-paulo-e-regiao/autos-e-pecas/carros-vans-e-utilitarios/bmw-320i-320i-2024-1509741481
1531798601,BMW 530E M Sport 2.0 Turbo Híbrido Aut. 2023,292890,BMW,530E,M Sport 2.0 Turbo Híbrido Aut.,2023,40098,Híbrido,Automático,Branco,SP,São Paulo,Água Branca,N/A,11,Não,Sim,Não,"air bag, ar condicionado, alarme, bancos de couro, câmera de ré, computador de bordo, conexão usb, controle automático de velocidade, navegador gps, rodas de liga leve, sensor de ré, som, teto solar, trava elétrica, vidro elétrico, volante multifuncional",https://sp.olx.com.br/sao-paulo-e-regiao/autos-e-pecas/carros-vans-e-utilitarios/bmw-530e-m-sport-2-0-turbo-hibrido-aut-2023-1531798601
1531798610,BMW X5 Xdrive 50E 3.0 M Sport Aut. (hibrido) 2025,740290,BMW,X5,Xdrive 50E 3.0 M Sport Aut. (hibrido),2025,17040,Híbrido,Automático,Preto,SP,São Paulo,Água Branca,N/A,11,Não,Sim,Não,"air bag, ar condicionado, alarme, bancos de couro, blindado, câmera de ré, computador de bordo, conexão usb, controle automático de velocidade, navegador gps, rodas de liga leve, sensor de ré, som, teto solar, tração 4x4, trava elétrica, vidro elétrico, volante multifuncional",https://sp.olx.com.br/sao-paulo-e-regiao/autos-e-pecas/carros-vans-e-utilitarios/bmw-x5-xdrive-50e-3-0-m-sport-aut-hibrido-2025-1531798610
1522973036,BMW 320I 320i 2024,285190,BMW,320I,320i,2024,34342,Flex,Automático,Branco,SP,Taubaté,Parque Senhor do Bonfim,N/A,12,Não,Sim,Não,"ar condicionado, bancos de couro, teto solar",https://sp.olx.com.br/vale-do-paraiba-e-litoral-norte/autos-e-pecas/carros-vans-e-utilitarios/bmw-320i-320i-2024-1522973036
1518899814,BMW 320I 320i 2023,224990,BMW,320I,320i,2023,102501,Flex,Automático,Cinza,SP,Campinas,Jardim do Lago,N/A,19,Não,Sim,Não,"ar condicionado, alarme, teto solar",https://sp.olx.com.br/grande-campinas/autos-e-pecas/carros-vans-e-utilitarios/bmw-320i-320i-2023-1518899814
1508841299,BMW 320I A 2.0 Turbo/activeflex 16V 184cv 4P 2025,292790,BMW,320I,A 2.0 Turbo/activeflex 16V 184cv 4P,2025,5208,Flex,Automático,Preto,SP,São Paulo,Planalto Paulista,N/A,11,Não,Sim,Não,"ar condicionado, alarme",https://sp.olx.com.br/sao-paulo-e-regiao/autos-e-pecas/carros-vans-e-utilitarios/bmw-320i-a-2-0-turbo-activeflex-16v-184cv-4p-2025-1508841299
1518899820,BMW 320I 320i 2023,224990,BMW,320I,320i,2023,102501,Flex,Automático,Cinza,SP,Mogi Mirim,Saúde,N/A,19,Não,Sim,Não,"ar condicionado, alarme, teto solar",https://sp.olx.com.br/grande-campinas/autos-e-pecas/carros-vans-e-utilitarios/bmw-320i-320i-2023-1518899820
1518899831,BMW 320I 320i 2023,224990,BMW,320I,320i,2023,102501,Flex,Automático,Cinza,SP,Valinhos,Vila Bissoto,N/A,19,Não,Sim,Não,"ar condicionado, alarme, teto solar",https://sp.olx.com.br/grande-campinas/autos-e-pecas/carros-vans-e-utilitarios/bmw-320i-320i-2023-1518899831
1522727060,BMW 320I 320i 2023,242190,BMW,320I,320i,2023,42438,Flex,Automático,Preto,SP,São Paulo,Água Branca,N/A,11,Não,Sim,Não,"ar condicionado, alarme, rodas de liga leve, sensor de ré, teto solar",https://sp.olx.com.br/sao-paulo-e-regiao/autos-e-pecas/carros-vans-e-utilitarios/bmw-320i-320i-2023-1522727060
1522973042,BMW 320I 320i 2024,285190,BMW,320I,320i,2024,34342,Flex,Automático,Branco,SP,São José dos Campos,Jardim Augusta,N/A,12,Não,Sim,Não,"ar condicionado, bancos de couro, teto solar",https://sp.olx.com.br/vale-do-paraiba-e-litoral-norte/autos-e-pecas/carros-vans-e-utilitarios/bmw-320i-320i-2024-1522973042
1519446479,BMW X5 Xdrive 50E 3.0 M Sport Aut. (hibrido) 2025,689900,BMW,X5,Xdrive 50E 3.0 M Sport Aut. (hibrido),2025,24800,Híbrido,Automático,Preto,SP,Vinhedo,Centro,N/A,19,Não,Sim,Não,"air bag, ar condicionado, alarme, bancos de couro, câmera de ré, computador de bordo, conexão usb, controle automático de velocidade, navegador gps, rodas de liga leve, sensor de ré, som, teto solar, tração 4x4, trava elétrica, vidro elétrico, volante multifuncional",https://sp.olx.com.br/grande-campinas/autos-e-pecas/carros-vans-e-utilitarios/bmw-x5-xdrive-50e-3-0-m-sport-aut-hibrido-2025-1519446479
1519449467,BMW M2 BMW Competition 3.0 Bi-turbo 410cv 2024,568900,BMW,M2,BMW Competition 3.0 Bi-turbo 410cv,2024,6490,Gasolina,Automático,Preto,SP,Vinhedo,Centro,N/A,19,Não,Sim,Não,N/A,https://sp.olx.com.br/grande-campinas/autos-e-pecas/carros-vans-e-utilitarios/bmw-m2-bmw-competition-3-0-bi-turbo-410cv-2024-1519449467
1527222482,BMW 320I A 2.0 TB M Sport Activeflex 16V 4P 2022,219900,BMW,320I,A 2.0 TB M Sport Activeflex 16V 4P,2022,73000,Gasolina,Automático,Preto,SP,Diadema,Centro,N/A,11,Não,Sim,Não,"air bag, ar condicionado, alarme, câmera de ré, computador de bordo, conexão usb, controle automático de velocidade, navegador gps, rodas de liga leve, sensor de ré, teto solar, trava elétrica, vidro elétrico, volante multifuncional",https://sp.olx.com.br/sao-paulo-e-regiao/autos-e-pecas/carros-vans-e-utilitarios/bmw-320i-a-2-0-tb-m-sport-activeflex-16v-4p-2022-1527222482
1527086740,BMW 320I A GT Sport 2.0 Turbo 16V 184cv 5P 2020,184890,BMW,320I,A GT Sport 2.0 Turbo 16V 184cv 5P,2020,56000,Gasolina,Automático,Preto,SP,Campinas,Taquaral,N/A,19,Não,Sim,Não,"air bag, trava elétrica, vidro elétrico",https://sp.olx.com.br/grande-campinas/autos-e-pecas/carros-vans-e-utilitarios/bmw-320i-a-gt-sport-2-0-turbo-16v-184cv-5p-2020-1527086740
1525750228,BMW 320I A 2.0 Turbo/activeflex 16V 184cv 4P 2022,181990,BMW,320I,A 2.0 Turbo/activeflex 16V 184cv 4P,2022,58000,Flex,Automático,Cinza,SP,Santo André,Jardim,N/A,11,Não,Sim,Não,"air bag, ar condicionado, alarme, bancos de couro, câmera de ré, computador de bordo, conexão usb, controle automático de velocidade, navegador gps, rodas de liga leve, sensor de ré, trava elétrica, vidro elétrico, volante multifuncional",https://sp.olx.com.br/sao-paulo-e-regiao/autos-e-pecas/carros-vans-e-utilitarios/bmw-320i-a-2-0-turbo-activeflex-16v-184cv-4p-2022-1525750228
1516709576,BMW 218I Gran Coupe Sport GP 1.5 Bi-turbo 2022,149900,BMW,218I,Gran Coupe Sport GP 1.5 Bi-turbo,2022,72000,Gasolina,Automático,Preto,SP,São Caetano do Sul,Cerâmica,N/A,11,Não,Sim,Não,"air bag, ar condicionado, alarme, blindado, câmera de ré, computador de bordo, conexão usb, controle automático de velocidade, navegador gps, rodas de liga leve, sensor de ré, teto solar, trava elétrica, vidro elétrico, volante multifuncional",https://sp.olx.com.br/sao-paulo-e-regiao/autos-e-pecas/carros-vans-e-utilitarios/bmw-218i-gran-coupe-sport-gp-1-5-bi-turbo-2022-1516709576
1526435387,BMW 320I A 2.0 Turbo/activeflex 16V 184cv 4P 2022,199900,BMW,320I,A 2.0 Turbo/activeflex 16V 184cv 4P,2022,32000,Flex,Automático,Cinza,SP,São José dos Campos,Parque Industrial,N/A,12,Não,Não,Não,"air bag, ar condicionado, alarme, bancos de couro, câmera de ré, computador de bordo, conexão usb, controle automático de velocidade, navegador gps, rodas de liga leve, sensor de ré, som, teto solar, trava elétrica, vidro elétrico, volante multifuncional",https://sp.olx.com.br/vale-do-paraiba-e-litoral-norte/autos-e-pecas/carros-vans-e-utilitarios/bmw-320i-a-2-0-turbo-activeflex-16v-184cv-4p-2022-1526435387
1532416759,BMW X1 Sdrive 20I M Sport 2.0 TB Flex Aut. 2022,188900,BMW,X1,Sdrive 20I M Sport 2.0 TB Flex Aut.,2022,34200,Flex,Automático,Branco,SP,São Paulo,Vila Albertina,N/A,11,Sim,Sim,Não,"air bag, ar condicionado, alarme, bancos de couro, câmera de ré, computador de bordo, conexão usb, controle automático de velocidade, interface bluetooth, navegador gps, rodas de liga leve, sensor de ré, som, teto solar, trava elétrica, vidro elétrico, volante multifuncional",https://sp.olx.com.br/sao-paulo-e-regiao/autos-e-pecas/carros-vans-e-utilitarios/bmw-x1-sdrive-20i-m-sport-2-0-tb-flex-aut-2022-1532416759
1517908228,BMW X5 Xdrive 50E 3.0 M Sport Aut. (hibrido) 2026,714990,BMW,X5,Xdrive 50E 3.0 M Sport Aut. (hibrido),2026,8000,Híbrido,Automático,Preto,SP,São Joaquim da Barra,,N/A,16,Sim,Sim,Não,"air bag, ar condicionado, alarme, bancos de couro, câmera de ré, computador de bordo, conexão usb, controle automático de velocidade, interface bluetooth, navegador gps, rodas de liga leve, sensor de ré, som, teto solar, tração 4x4, trava elétrica, vidro elétrico, volante multifuncional",https://sp.olx.com.br/regiao-de-ribeirao-preto/autos-e-pecas/carros-vans-e-utilitarios/bmw-x5-xdrive-50e-3-0-m-sport-aut-hibrido-2026-1517908228
1532782556,BMW 320I A Modern/sport TB 2.0/a.flex 16V 4P 2021,226900,BMW,320I,A Modern/sport TB 2.0/a.flex 16V 4P,2021,23000,Gasolina,Automático,Preto,SP,Votuporanga,Patrimônio Velho,N/A,17,Não,Sim,Não,"air bag, ar condicionado, alarme, bancos de couro, câmera de ré, computador de bordo, conexão usb, controle automático de velocidade, navegador gps, rodas de liga leve, sensor de ré, teto solar, trava elétrica, vidro elétrico, volante multifuncional",https://sp.olx.com.br/regiao-de-sao-jose-do-rio-preto/autos-e-pecas/carros-vans-e-utilitarios/bmw-320i-a-modern-sport-tb-2-0-a-flex-16v-4p-2021-1532782556
1484210183,BMW 320I A 2.0 TB M Sport Activeflex 16V 4P 2021,172900,BMW,320I,A 2.0 TB M Sport Activeflex 16V 4P,2021,72000,Flex,Automático,Branco,SP,Mogi das Cruzes,Centro,N/A,11,Sim,Não,Não,"air bag, ar condicionado, alarme, câmera de ré, computador de bordo, conexão usb, controle automático de velocidade, navegador gps, rodas de liga leve, sensor de ré, som, teto solar, trava elétrica, vidro elétrico, volante multifuncional",https://sp.olx.com.br/sao-paulo-e-regiao/autos-e-pecas/carros-vans-e-utilitarios/bmw-320i-a-2-0-tb-m-sport-activeflex-16v-4p-2021-1484210183
1532774461,BMW 530E M Sport 2.0 Turbo Híbrido Aut. 2020,242700,BMW,530E,M Sport 2.0 Turbo Híbrido Aut.,2020,31106,Híbrido,Automático,Preto,SP,São Paulo,Jardim Dom Bosco,N/A,11,Não,Sim,Não,"air bag, ar condicionado, alarme, bancos de couro, blindado, câmera de ré, computador de bordo, conexão usb, controle automático de velocidade, navegador gps, sensor de ré, som, teto solar, trava elétrica, vidro elétrico, volante multifuncional",https://sp.olx.com.br/sao-paulo-e-regiao/autos-e-pecas/carros-vans-e-utilitarios/bmw-530e-m-sport-2-0-turbo-hibrido-aut-2020-1532774461
1532773810,BMW X6 Xdrive 40I M Sport 3.0 Bi-turbo 2022,469800,BMW,X6,Xdrive 40I M Sport 3.0 Bi-turbo,2022,42000,Gasolina,Automático,Branco,SP,São Paulo,Imirim,N/A,11,Não,Sim,Não,"air bag, ar condicionado, alarme, bancos de couro, câmera de ré, computador de bordo, conexão usb, controle automático de velocidade, interface bluetooth, navegador gps, rodas de liga leve, sensor de ré, som, teto solar, tração 4x4, trava elétrica, vidro elétrico, volante multifuncional",https://sp.olx.com.br/sao-paulo-e-regiao/autos-e-pecas/carros-vans-e-utilitarios/bmw-x6-xdrive-40i-m-sport-3-0-bi-turbo-2022-1532773810
1525730275,BMW X1 Sdrive 20I X-line 2.0 TB Active Flex 2021,169990,BMW,X1,Sdrive 20I X-line 2.0 TB Active Flex,2021,77594,Flex,Automático,Prata,SP,Taubaté,Jardim das Nações,N/A,12,Sim,Não,Não,"air bag, ar condicionado, alarme, bancos de couro, câmera de ré, computador de bordo, conexão usb, controle automático de velocidade, navegador gps, rodas de liga leve, sensor de ré, teto solar, trava elétrica, vidro elétrico, volante multifuncional",https://sp.olx.com.br/vale-do-paraiba-e-litoral-norte/autos-e-pecas/carros-vans-e-utilitarios/bmw-x1-sdrive-20i-x-line-2-0-tb-active-flex-2021-1525730275
1530781781,BMW X2 Sdrive 18I 1.5 Activeflex 136cv Aut. 2020,165000,BMW,X2,Sdrive 18I 1.5 Activeflex 136cv Aut.,2020,79000,Flex,Automático,Azul,SP,Santana de Parnaíba,Morada dos Pinheiros (Aldeia da Serra),N/A,11,Não,Sim,Não,"air bag, ar condicionado, alarme, bancos de couro, blindado, câmera de ré, computador de bordo, conexão usb, controle automático de velocidade, interface bluetooth, navegador gps, rodas de liga leve, sensor de ré, som, trava elétrica, vidro elétrico, volante multifuncional",https://sp.olx.com.br/sao-paulo-e-regiao/autos-e-pecas/carros-vans-e-utilitarios/bmw-x2-sdrive-18i-1-5-activeflex-136cv-aut-2020-1530781781
1532434586,BMW X1 Sdrive 20I X-line 2.0 TB Aut. 2025,295900,BMW,X1,Sdrive 20I X-line 2.0 TB Aut.,2025,22000,Gasolina,Automático,Prata,SP,Bauru,Vila Aviação,N/A,14,N/A,Sim,Não,"air bag, ar condicionado, alarme, bancos de couro, câmera de ré, computador de bordo, conexão usb, controle automático de velocidade, interface bluetooth, navegador gps, rodas de liga leve, sensor de ré, som, teto solar, trava elétrica, vidro elétrico, volante multifuncional",https://sp.olx.com.br/regiao-de-bauru-e-marilia/autos-e-pecas/carros-vans-e-utilitarios/bmw-x1-sdrive-20i-x-line-2-0-tb-aut-2025-1532434586
1528256822,BMW 320I 320i 2023,227590,BMW,320I,320i,2023,62382,Flex,Automático,Branco,SP,São Paulo,Água Branca,N/A,11,Não,Sim,Não,"ar condicionado, alarme, rodas de liga leve, sensor de ré, teto solar",https://sp.olx.com.br/sao-paulo-e-regiao/autos-e-pecas/carros-vans-e-utilitarios/bmw-320i-320i-2023-1528256822
1532769140,BMW X1 Sdrive 20I X-line 2.0 TB Aut. 2024,264799,BMW,X1,Sdrive 20I X-line 2.0 TB Aut.,2024,13000,Gasolina,Automático,N/A,SP,São Paulo,Ipiranga,N/A,11,N/A,Não,Não,"air bag, ar condicionado, alarme, bancos de couro, câmera de ré, computador de bordo, conexão usb, controle automático de velocidade, navegador gps, rodas de liga leve, sensor de ré, teto solar, trava elétrica, vidro elétrico, volante multifuncional",https://sp.olx.com.br/sao-paulo-e-regiao/autos-e-pecas/carros-vans-e-utilitarios/bmw-x1-sdrive-20i-x-line-2-0-tb-aut-2024-1532769140
1513798876,BMW M2 Coupe Track 3.0 Bi-turbo 24V 460cv 3P 2024,589900,BMW,M2,Coupe Track 3.0 Bi-turbo 24V 460cv 3P,2024,5000,Gasolina,Automático,Branco,SP,Santo André,Tamanduateí 8,N/A,11,Não,Não,Não,"air bag, ar condicionado, alarme, bancos de couro, câmera de ré, computador de bordo, conexão usb, controle automático de velocidade, interface bluetooth, navegador gps, rodas de liga leve, sensor de ré, som, trava elétrica, vidro elétrico, volante multifuncional",https://sp.olx.com.br/sao-paulo-e-regiao/autos-e-pecas/carros-vans-e-utilitarios/bmw-m2-coupe-track-3-0-bi-turbo-24v-460cv-3p-2024-1513798876
1517771542,BMW 320I A 2.0 TB M Sport Activeflex 16V 4P 2024,254600,BMW,320I,A 2.0 TB M Sport Activeflex 16V 4P,2024,41000,Flex,Automático,Azul,SP,Sorocaba,Jardim Isaura,N/A,15,N/A,Não,Não,"air bag, ar condicionado, alarme, bancos de couro, câmera de ré, computador de bordo, conexão usb, controle automático de velocidade, interface bluetooth, navegador gps, rodas de liga leve, sensor de ré, som, teto solar, trava elétrica, vidro elétrico, volante multifuncional",https://sp.olx.com.br/regiao-de-sorocaba/autos-e-pecas/carros-vans-e-utilitarios/bmw-320i-a-2-0-tb-m-sport-activeflex-16v-4p-2024-1517771542
1504171923,BMW 118I Sport 1.5 TB 12V Aut. 5P 2020,148900,BMW,118I,Sport 1.5 TB 12V Aut. 5P,2020,59935,Gasolina,Automático,Branco,SP,São Paulo,Saúde,N/A,11,N/A,Não,Não,"air bag, ar condicionado, alarme, blindado, trava elétrica, vidro elétrico",https://sp.olx.com.br/sao-paulo-e-regiao/autos-e-pecas/carros-vans-e-utilitarios/bmw-118i-sport-1-5-tb-12v-aut-5p-2020-1504171923
1525822160,BMW 320I A 2.0 TB M Sport Activeflex 16V 4P 2026,319900,BMW,320I,A 2.0 TB M Sport Activeflex 16V 4P,2026,14000,Flex,Automático,N/A,SP,Santo André,Jardim Santo Antônio,N/A,11,N/A,Não,Não,"air bag, air bag, ar condicionado, alarme, trava elétrica, vidro elétrico",https://sp.olx.com.br/sao-paulo-e-regiao/autos-e-pecas/carros-vans-e-utilitarios/bmw-320i-a-2-0-tb-m-sport-activeflex-16v-4p-2026-1525822160
1528964240,BMW 330E M Sport 2.0 Turbo Híbrido AU 2024,294900,BMW,330E,M Sport 2.0 Turbo Híbrido AU,2024,16500,Híbrido,Automático,Preto,SP,Mairiporã,São Vicente,N/A,11,Sim,Sim,Não,"air bag, ar condicionado, alarme, bancos de couro, câmera de ré, computador de bordo, conexão usb, controle automático de velocidade, navegador gps, rodas de liga leve, sensor de ré, som, teto solar, trava elétrica, vidro elétrico, volante multifuncional",https://sp.olx.com.br/sao-paulo-e-regiao/autos-e-pecas/carros-vans-e-utilitarios/bmw-330e-m-sport-2-0-turbo-hibrido-au-2024-1528964240
1532761986,BMW X1 Sdrive 20I M S. 2.0 25 Anos TB Flex 2024,265990,BMW,X1,Sdrive 20I M S. 2.0 25 Anos TB Flex,2024,35091,Gasolina,Automático,Branco,SP,Ribeirão Preto,Jardim América,N/A,16,N/A,Não,Não,"air bag, ar condicionado, alarme, trava elétrica, vidro elétrico",https://sp.olx.com.br/regiao-de-ribeirao-preto/autos-e-pecas/carros-vans-e-utilitarios/bmw-x1-sdrive-20i-m-s-2-0-25-anos-tb-flex-2024-1532761986
1532761104,BMW X1 Sdrive 20I M Sport 2.0 TB Aut. 2024,380900,BMW,X1,Sdrive 20I M Sport 2.0 TB Aut.,2024,18000,Gasolina,Automático,Branco,SP,Campinas,Jardim Nossa Senhora Auxiliadora,N/A,19,N/A,Não,Não,"air bag, ar condicionado, alarme, bancos de couro, câmera de ré, computador de bordo, conexão usb, controle automático de velocidade, navegador gps, rodas de liga leve, sensor de ré, som, teto solar, trava elétrica, vidro elétrico, volante multifuncional",https://sp.olx.com.br/grande-campinas/autos-e-pecas/carros-vans-e-utilitarios/bmw-x1-sdrive-20i-m-sport-2-0-tb-aut-2024-1532761104
1474873118,BMW 320I A 2.0 TB M Sport Activeflex 16V 4P 2024,279900,BMW,320I,A 2.0 TB M Sport Activeflex 16V 4P,2024,20000,Flex,Automático,Preto,SP,Santa Bárbara D'Oeste,Jardim Mollon,N/A,19,Não,Não,Não,"air bag, ar condicionado, ar condicionado, alarme, bancos de couro, câmera de ré, computador de bordo, conexão usb, controle automático de velocidade, navegador gps, rodas de liga leve, sensor de ré, som, teto solar, trava elétrica, vidro elétrico, volante multifuncional",https://sp.olx.com.br/grande-campinas/autos-e-pecas/carros-vans-e-utilitarios/bmw-320i-a-2-0-tb-m-sport-activeflex-16v-4p-2024-1474873118
1526018446,BMW 320I A 2.0 TB M Sport Activeflex 16V 4P 2024,279900,BMW,320I,A 2.0 TB M Sport Activeflex 16V 4P,2024,61000,Flex,Automático,Cinza,SP,Guarulhos,Ponte Grande,N/A,11,N/A,Não,Não,"air bag, ar condicionado, alarme, bancos de couro, câmera de ré, computador de bordo, conexão usb, controle automático de velocidade, navegador gps, rodas de liga leve, sensor de ré, som, teto solar, trava elétrica, vidro elétrico, volante multifuncional",https://sp.olx.com.br/sao-paulo-e-regiao/autos-e-pecas/carros-vans-e-utilitarios/bmw-320i-a-2-0-tb-m-sport-activeflex-16v-4p-2024-1526018446
1532757718,BMW 320I A GT Sport 2.0 Turbo 16V 184cv 5P 2023,279900,BMW,320I,A GT Sport 2.0 Turbo 16V 184cv 5P,2023,4900,Flex,Automático,Azul,SP,São Paulo,Imirim,N/A,11,N/A,Não,Não,"ar condicionado, alarme, câmera de ré, sensor de ré, som, trava elétrica, vidro elétrico",https://sp.olx.com.br/sao-paulo-e-regiao/autos-e-pecas/carros-vans-e-utilitarios/bmw-320i-a-gt-sport-2-0-turbo-16v-184cv-5p-2023-1532757718
1521843112,BMW 320I A 2.0 TB M Sport Activeflex 16V 4P 2022,210900,BMW,320I,A 2.0 TB M Sport Activeflex 16V 4P,2022,67000,Flex,Automático,Preto,SP,Ribeirão Preto,Santa Cruz do José Jacques,N/A,16,Não,Não,Não,"air bag, ar condicionado, alarme, câmera de ré, computador de bordo, conexão usb, controle automático de velocidade, navegador gps, rodas de liga leve, sensor de ré, teto solar, trava elétrica, vidro elétrico, volante multifuncional",https://sp.olx.com.br/regiao-de-ribeirao-preto/autos-e-pecas/carros-vans-e-utilitarios/bmw-320i-a-2-0-tb-m-sport-activeflex-16v-4p-2022-1521843112
1501512924,BMW X1 Sdrive 20I M Sport 2.0 TB Aut. 2026,368990,BMW,X1,Sdrive 20I M Sport 2.0 TB Aut.,2026,0,Gasolina,Automático,Preto,SP,São Caetano do Sul,Santa Paula,N/A,11,Sim,Sim,Não,"air bag, ar condicionado, alarme, bancos de couro, câmera de ré, computador de bordo, conexão usb, controle automático de velocidade, navegador gps, rodas de liga leve, sensor de ré, som, teto solar, trava elétrica, vidro elétrico, volante multifuncional",https://sp.olx.com.br/sao-paulo-e-regiao/autos-e-pecas/carros-vans-e-utilitarios/bmw-x1-sdrive-20i-m-sport-2-0-tb-aut-2026-1501512924
1506349405,BMW X5 Xdrive 50E 3.0 M Sport Aut. (hibrido) 2024,579890,BMW,X5,Xdrive 50E 3.0 M Sport Aut. (hibrido),2024,41435,Elétrico,Automático,Cinza,SP,São Caetano do Sul,Cerâmica,N/A,11,N/A,Não,Não,"air bag, ar condicionado, alarme, bancos de couro, blindado, câmera de ré, computador de bordo, conexão usb, controle automático de velocidade, navegador gps, rodas de liga leve, sensor de ré, som, teto solar, tração 4x4, trava elétrica, vidro elétrico, volante multifuncional",https://sp.olx.com.br/sao-paulo-e-regiao/autos-e-pecas/carros-vans-e-utilitarios/bmw-x5-xdrive-50e-3-0-m-sport-aut-hibrido-2024-1506349405
1532739147,BMW 320I A Modern/sport TB 2.0/a.flex 16V 4P 2021,185900,BMW,320I,A Modern/sport TB 2.0/a.flex 16V 4P,2021,38000,Flex,Automático,Branco,SP,Santos,Boqueirão,N/A,13,Não,Sim,Não,"air bag, ar condicionado, alarme, bancos de couro, câmera de ré, computador de bordo, conexão usb, controle automático de velocidade, interface bluetooth, navegador gps, rodas de liga leve, sensor de ré, som, teto solar, trava elétrica, vidro elétrico, volante multifuncional",https://sp.olx.com.br/baixada-santista-e-litoral-sul/autos-e-pecas/carros-vans-e-utilitarios/bmw-320i-a-modern-sport-tb-2-0-a-flex-16v-4p-2021-1532739147
1417993981,BMW 320I A 2.0 TB M Sport Activeflex 16V 4P 2021,190000,BMW,320I,A 2.0 TB M Sport Activeflex 16V 4P,2021,80500,Gasolina,Automático,Branco,SP,São Paulo,Saúde,N/A,11,Não,Sim,Não,"air bag, ar condicionado, alarme, bancos de couro, câmera de ré, computador de bordo, conexão usb, controle automático de velocidade, interface bluetooth, navegador gps, rodas de liga leve, sensor de ré, som, teto solar, trava elétrica, vidro elétrico, volante multifuncional",https://sp.olx.com.br/sao-paulo-e-regiao/autos-e-pecas/carros-vans-e-utilitarios/bmw-320i-a-2-0-tb-m-sport-activeflex-16v-4p-2021-1417993981
1528210044,BMW 320I 320i 2024,267090,BMW,320I,320i,2024,35893,Flex,Automático,Cinza,SP,São Bernardo do Campo,Centro,N/A,11,Não,Sim,Não,"ar condicionado, teto solar",https://sp.olx.com.br/sao-paulo-e-regiao/autos-e-pecas/carros-vans-e-utilitarios/bmw-320i-320i-2024-1528210044
1528210045,BMW 320I 320i 2024,267090,BMW,320I,320i,2024,35893,Flex,Automático,Cinza,SP,Americana,Loteamento Israel,N/A,19,Não,Sim,Não,"ar condicionado, teto solar",https://sp.olx.com.br/grande-campinas/autos-e-pecas/carros-vans-e-utilitarios/bmw-320i-320i-2024-1528210045
1528209984,BMW 320I 320i 2024,267090,BMW,320I,320i,2024,35893,Flex,Automático,Cinza,SP,Limeira,Jardim Nereide,N/A,19,Não,Sim,Não,"ar condicionado, teto solar",https://sp.olx.com.br/grande-campinas/autos-e-pecas/carros-vans-e-utilitarios/bmw-320i-320i-2024-1528209984
1532679757,BMW X1 Sdrive 20I X-line 2.0 TB Active Flex 2021,163900,BMW,X1,Sdrive 20I X-line 2.0 TB Active Flex,2021,29000,Flex,Automático,Cinza,SP,São Paulo,Vila Graciosa,N/A,11,Não,Não,Não,"air bag, ar condicionado, alarme, bancos de couro, câmera de ré, computador de bordo, conexão usb, controle automático de velocidade, navegador gps, rodas de liga leve, sensor de ré, teto solar, trava elétrica, vidro elétrico, volante multifuncional",https://sp.olx.com.br/sao-paulo-e-regiao/autos-e-pecas/carros-vans-e-utilitarios/bmw-x1-sdrive-20i-x-line-2-0-tb-active-flex-2021-1532679757
1522354956,BMW 320I A 2.0 TB M Sport Activeflex 16V 4P 2024,254900,BMW,320I,A 2.0 TB M Sport Activeflex 16V 4P,2024,68000,Flex,Automático,Cinza,SP,Sorocaba,Jardim Santa Rosália,N/A,15,Sim,Sim,Não,"air bag, ar condicionado, alarme, bancos de couro, câmera de ré, computador de bordo, conexão usb, controle automático de velocidade, navegador gps, rodas de liga leve, sensor de ré, som, teto solar, trava elétrica, vidro elétrico, volante multifuncional",https://sp.olx.com.br/regiao-de-sorocaba/autos-e-pecas/carros-vans-e-utilitarios/bmw-320i-a-2-0-tb-m-sport-activeflex-16v-4p-2024-1522354956
1532647758,BMW 320I A Modern/sport TB 2.0/a.flex 16V 4P 2024,250000,BMW,320I,A Modern/sport TB 2.0/a.flex 16V 4P,2024,25800,Flex,Automático,Cinza,SP,São Paulo,Jardim Matarazzo,N/A,11,Não,Não,Não,"air bag, ar condicionado, alarme, bancos de couro, câmera de ré, computador de bordo, conexão usb, controle automático de velocidade, interface bluetooth, navegador gps, rodas de liga leve, sensor de ré, som, teto solar, trava elétrica, vidro elétrico, volante multifuncional",https://sp.olx.com.br/sao-paulo-e-regiao/autos-e-pecas/carros-vans-e-utilitarios/bmw-320i-a-modern-sport-tb-2-0-a-flex-16v-4p-2024-1532647758
1529059362,BMW X1 Sdrive 20I X-line 2.0 TB Aut. 2023,254990,BMW,X1,Sdrive 20I X-line 2.0 TB Aut.,2023,70000,Gasolina,Automático,Branco,SP,Campinas,Jardim Chapadão,N/A,19,Não,Não,Não,"air bag, ar condicionado, alarme, bancos de couro, câmera de ré, computador de bordo, conexão usb, controle automático de velocidade, navegador gps, rodas de liga leve, sensor de ré, teto solar, trava elétrica, vidro elétrico, volante multifuncional",https://sp.olx.com.br/grande-campinas/autos-e-pecas/carros-vans-e-utilitarios/bmw-x1-sdrive-20i-x-line-2-0-tb-aut-2023-1529059362
1525620445,BMW X6 Xdrive 40I M Sport 3.0 Bi-TB (hib.) 2024,539900,BMW,X6,Xdrive 40I M Sport 3.0 Bi-TB (hib.),2024,27000,Híbrido,Automático,Branco,SP,São Paulo,Santana,N/A,11,Sim,Sim,Não,"air bag, ar condicionado, alarme, bancos de couro, câmera de ré, computador de bordo, conexão usb, controle automático de velocidade, interface bluetooth, navegador gps, rodas de liga leve, sensor de ré, som, teto solar, tração 4x4, trava elétrica, vidro elétrico",https://sp.olx.com.br/sao-paulo-e-regiao/autos-e-pecas/carros-vans-e-utilitarios/bmw-x6-xdrive-40i-m-sport-3-0-bi-tb-hib-2024-1525620445
1532438688,BMW X4 M40i 3.0 Turbo V6 360cv Aut. 2025,464900,BMW,X4,M40i 3.0 Turbo V6 360cv Aut.,2025,27000,Gasolina,Automático,Preto,SP,Mauá,Jardim Haydee,N/A,11,Sim,Sim,Não,"air bag, ar condicionado, alarme, bancos de couro, câmera de ré, computador de bordo, conexão usb, controle automático de velocidade, interface bluetooth, navegador gps, rodas de liga leve, sensor de ré, som, teto solar, tração 4x4, trava elétrica, vidro elétrico, volante multifuncional",https://sp.olx.com.br/sao-paulo-e-regiao/autos-e-pecas/carros-vans-e-utilitarios/bmw-x4-m40i-3-0-turbo-v6-360cv-aut-2025-1532438688
1510081907,BMW 320I A Modern/sport TB 2.0/a.flex 16V 4P 2022,229900,BMW,320I,A Modern/sport TB 2.0/a.flex 16V 4P,2022,49000,Flex,Automático,Preto,SP,São José dos Campos,Jardim Satélite,N/A,12,Sim,Sim,Não,"air bag, ar condicionado, alarme, bancos de couro, câmera de ré, computador de bordo, conexão usb, controle automático de velocidade, interface bluetooth, navegador gps, rodas de liga leve, sensor de ré, som, teto solar, trava elétrica, vidro elétrico, volante multifuncional",https://sp.olx.com.br/vale-do-paraiba-e-litoral-norte/autos-e-pecas/carros-vans-e-utilitarios/bmw-320i-a-modern-sport-tb-2-0-a-flex-16v-4p-2022-1510081907
1524884932,BMW X5 Xdrive 45E 3.0 M.sport Híbrido AU 2023,418000,BMW,X5,Xdrive 45E 3.0 M.sport Híbrido AU,2023,69000,Híbrido,Automático,Preto,SP,São Paulo,Higienópolis,N/A,11,Sim,Sim,Não,"air bag, ar condicionado, alarme, bancos de couro, câmera de ré, computador de bordo, conexão usb, controle automático de velocidade, navegador gps, rodas de liga leve, sensor de ré, som, teto solar, tração 4x4, trava elétrica, vidro elétrico, volante multifuncional",https://sp.olx.com.br/sao-paulo-e-regiao/autos-e-pecas/carros-vans-e-utilitarios/bmw-x5-xdrive-45e-3-0-m-sport-hibrido-au-2023-1524884932
1524879314,BMW 320I A Modern/sport TB 2.0/a.flex 16V 4P 2022,199500,BMW,320I,A Modern/sport TB 2.0/a.flex 16V 4P,2022,54000,Flex,Automático,Cinza,SP,São Bernardo do Campo,Rudge Ramos,N/A,11,Não,Sim,Não,"air bag, ar condicionado, alarme, bancos de couro, câmera de ré, computador de bordo, conexão usb, controle automático de velocidade, navegador gps, rodas de liga leve, sensor de ré, teto solar, trava elétrica, vidro elétrico, volante multifuncional",https://sp.olx.com.br/sao-paulo-e-regiao/autos-e-pecas/carros-vans-e-utilitarios/bmw-320i-a-modern-sport-tb-2-0-a-flex-16v-4p-2022-1524879314
1523749390,BMW X3 Xdrive 30E M Sport Turbo Híbrido Aut. 2024,355900,BMW,X3,Xdrive 30E M Sport Turbo Híbrido Aut.,2024,28000,Híbrido,Automático,Cinza,SP,Barueri,Alphaville Centro Industrial e Empresarial/Alphaville.,N/A,11,N/A,Não,Não,"air bag, ar condicionado, alarme, bancos de couro, câmera de ré, computador de bordo, conexão usb, controle automático de velocidade, interface bluetooth, navegador gps, rodas de liga leve, sensor de ré, som, teto solar, tração 4x4, trava elétrica, vidro elétrico, volante multifuncional",https://sp.olx.com.br/sao-paulo-e-regiao/autos-e-pecas/carros-vans-e-utilitarios/bmw-x3-xdrive-30e-m-sport-turbo-hibrido-aut-2024-1523749390
1527157031,BMW 530E M Sport 2.0 Turbo Híbrido Aut. 2021,295000,BMW,530E,M Sport 2.0 Turbo Híbrido Aut.,2021,72000,Híbrido,Automático,Preto,SP,Barueri,Green Valley Alphaville,N/A,11,Não,Sim,Não,"air bag, ar condicionado, alarme, bancos de couro, blindado, câmera de ré, computador de bordo, conexão usb, controle automático de velocidade, navegador gps, rodas de liga leve, sensor de ré, som, teto solar, trava elétrica, vidro elétrico, volante multifuncional",https://sp.olx.com.br/sao-paulo-e-regiao/autos-e-pecas/carros-vans-e-utilitarios/bmw-530e-m-sport-2-0-turbo-hibrido-aut-2021-1527157031
1527157054,BMW 330E M Sport 2.0 Turbo Híbrido AU 2022,224900,BMW,330E,M Sport 2.0 Turbo Híbrido AU,2022,69700,Híbrido,Automático,Cinza,SP,Barueri,Green Valley Alphaville,N/A,11,Não,Sim,Não,"air bag, ar condicionado, alarme, bancos de couro, câmera de ré, computador de bordo, conexão usb, controle automático de velocidade, interface bluetooth, navegador gps, rodas de liga leve, sensor de ré, som, teto solar, trava elétrica, vidro elétrico, volante multifuncional",https://sp.olx.com.br/sao-paulo-e-regiao/autos-e-pecas/carros-vans-e-utilitarios/bmw-330e-m-sport-2-0-turbo-hibrido-au-2022-1527157054
1532610885,BMW 320I A 2.0 TB M Sport Activeflex 16V 4P 2023,266800,BMW,320I,A 2.0 TB M Sport Activeflex 16V 4P,2023,6850,Flex,Automático,Branco,SP,Jacareí,Loteamento Villa Branca,N/A,12,Não,Sim,Não,"air bag, ar condicionado, alarme, bancos de couro, câmera de ré, computador de bordo, conexão usb, controle automático de velocidade, navegador gps, rodas de liga leve, sensor de ré, som, teto solar, trava elétrica, vidro elétrico, volante multifuncional",https://sp.olx.com.br/vale-do-paraiba-e-litoral-norte/autos-e-pecas/carros-vans-e-utilitarios/bmw-320i-a-2-0-tb-m-sport-activeflex-16v-4p-2023-1532610885
1532608050,BMW X4 Xdrive 30I M-sport 2.0 TB. 252cv AUT 2022,305000,BMW,X4,Xdrive 30I M-sport 2.0 TB. 252cv AUT,2022,53000,Gasolina,Automático,Vermelho,SP,São Paulo,Vila Guarani (Z Sul),N/A,11,Sim,Sim,Não,"air bag, ar condicionado, alarme, bancos de couro, câmera de ré, computador de bordo, conexão usb, controle automático de velocidade, navegador gps, rodas de liga leve, sensor de ré, som, teto solar, tração 4x4, trava elétrica, vidro elétrico, volante multifuncional",https://sp.olx.com.br/sao-paulo-e-regiao/autos-e-pecas/carros-vans-e-utilitarios/bmw-x4-xdrive-30i-m-sport-2-0-tb-252cv-aut-2022-1532608050
1522832217,BMW 320I A Modern/sport TB 2.0/a.flex 16V 4P 2020,176990,BMW,320I,A Modern/sport TB 2.0/a.flex 16V 4P,2020,91000,Gasolina,Automático,Preto,SP,Campinas,Jardim Flamboyant,N/A,19,N/A,Sim,Não,"air bag, ar condicionado, alarme, bancos de couro, câmera de ré, computador de bordo, conexão usb, controle automático de velocidade, rodas de liga leve, sensor de ré, som, teto solar, trava elétrica, vidro elétrico, volante multifuncional",https://sp.olx.com.br/grande-campinas/autos-e-pecas/carros-vans-e-utilitarios/bmw-320i-a-modern-sport-tb-2-0-a-flex-16v-4p-2020-1522832217
1532602693,BMW 330E M Sport 2.0 Turbo Híbrido AU 2022,214900,BMW,330E,M Sport 2.0 Turbo Híbrido AU,2022,69340,Híbrido,Automático,Cinza,SP,Assis,Renascence Residencial,N/A,18,Não,Sim,Não,"air bag, ar condicionado, alarme, bancos de couro, câmera de ré, computador de bordo, conexão usb, controle automático de velocidade, navegador gps, rodas de liga leve, sensor de ré, som, teto solar, trava elétrica, vidro elétrico, volante multifuncional",https://sp.olx.com.br/regiao-de-presidente-prudente/autos-e-pecas/carros-vans-e-utilitarios/bmw-330e-m-sport-2-0-turbo-hibrido-au-2022-1532602693
1529709437,BMW 330E M Sport 2.0 Turbo Híbrido AU 2022,225900,BMW,330E,M Sport 2.0 Turbo Híbrido AU,2022,49319,Híbrido,Automático,Cinza,SP,São Paulo,Saúde,N/A,11,N/A,Não,Não,"air bag, ar condicionado, alarme, bancos de couro, câmera de ré, computador de bordo, conexão usb, controle automático de velocidade, navegador gps, rodas de liga leve, sensor de ré, som, teto solar, trava elétrica, vidro elétrico, volante multifuncional",https://sp.olx.com.br/sao-paulo-e-regiao/autos-e-pecas/carros-vans-e-utilitarios/bmw-330e-m-sport-2-0-turbo-hibrido-au-2022-1529709437
1522262979,BMW 330I M Sport 2.0 TB 16V 4P 2020,195900,BMW,330I,M Sport 2.0 TB 16V 4P,2020,91926,Gasolina,Automático,Branco,SP,Jundiaí,Vila Angélica,N/A,11,N/A,Não,Não,"air bag, ar condicionado, alarme, bancos de couro, câmera de ré, computador de bordo, conexão usb, controle automático de velocidade, navegador gps, rodas de liga leve, sensor de ré, teto solar, trava elétrica, vidro elétrico, volante multifuncional",https://sp.olx.com.br/sao-paulo-e-regiao/autos-e-pecas/carros-vans-e-utilitarios/bmw-330i-m-sport-2-0-tb-16v-4p-2020-1522262979
1531545419,BMW 320I 320i 2024,257490,BMW,320I,320i,2024,20159,Flex,Automático,Branco,SP,São Paulo,Vila Almeida,N/A,11,Não,Sim,Não,"ar condicionado, teto solar",https://sp.olx.com.br/sao-paulo-e-regiao/autos-e-pecas/carros-vans-e-utilitarios/bmw-320i-320i-2024-1531545419
1531545442,BMW 320I 320i 2024,273990,BMW,320I,320i,2024,20159,Flex,Automático,Branco,SP,São Paulo,Saúde,N/A,11,Não,Sim,Não,"ar condicionado, teto solar",https://sp.olx.com.br/sao-paulo-e-regiao/autos-e-pecas/carros-vans-e-utilitarios/bmw-320i-320i-2024-1531545442
1531545412,BMW 320I 320i 2024,273990,BMW,320I,320i,2024,20159,Flex,Automático,Branco,SP,São Paulo,Planalto Paulista,N/A,11,Não,Sim,Não,"ar condicionado, teto solar",https://sp.olx.com.br/sao-paulo-e-regiao/autos-e-pecas/carros-vans-e-utilitarios/bmw-320i-320i-2024-1531545412
1523158404,BMW X1 Sdrive 20I M Sport 2.0 TB Aut. 2023,267990,BMW,X1,Sdrive 20I M Sport 2.0 TB Aut.,2023,29000,Gasolina,Automático,Prata,SP,São Paulo,Cidade Monções,N/A,11,Não,Sim,Não,"air bag, ar condicionado, alarme, bancos de couro, câmera de ré, computador de bordo, conexão usb, controle automático de velocidade, interface bluetooth, navegador gps, rodas de liga leve, sensor de ré, som, teto solar, trava elétrica, vidro elétrico, volante multifuncional",https://sp.olx.com.br/sao-paulo-e-regiao/autos-e-pecas/carros-vans-e-utilitarios/bmw-x1-sdrive-20i-m-sport-2-0-tb-aut-2023-1523158404
1532597807,BMW X1 Sdrive 20I 2.0/2.0 TB Acti.flex Aut. 2020,123990,BMW,X1,Sdrive 20I 2.0/2.0 TB Acti.flex Aut.,2020,64900,Flex,Automático,Preto,SP,Ribeirão Preto,Jardim Botânico,N/A,16,Não,Não,Não,"air bag, ar condicionado, alarme, bancos de couro, câmera de ré, computador de bordo, conexão usb, controle automático de velocidade, navegador gps, rodas de liga leve, sensor de ré, teto solar, trava elétrica, vidro elétrico, volante multifuncional",https://sp.olx.com.br/regiao-de-ribeirao-preto/autos-e-pecas/carros-vans-e-utilitarios/bmw-x1-sdrive-20i-2-0-2-0-tb-acti-flex-aut-2020-1532597807
1442321422,BMW X2 Sdrive 20I 2.0 TB 16V 192cv AUT 2022,179890,BMW,X2,Sdrive 20I 2.0 TB 16V 192cv AUT,2022,39000,Flex,Automático,Preto,SP,Lençóis Paulista,Parque Residencial São José,N/A,14,N/A,Não,Não,"air bag, ar condicionado, alarme, bancos de couro, câmera de ré, computador de bordo, conexão usb, controle automático de velocidade, interface bluetooth, navegador gps, rodas de liga leve, sensor de ré, som, trava elétrica, vidro elétrico, volante multifuncional",https://sp.olx.com.br/regiao-de-bauru-e-marilia/autos-e-pecas/carros-vans-e-utilitarios/bmw-x2-sdrive-20i-2-0-tb-16v-192cv-aut-2022-1442321422
1532596425,BMW I3 REX E Drive Full 170cv Aut.(eletrico) 2021,139790,BMW,I3,REX E Drive Full 170cv Aut.(eletrico),2021,74000,Gasolina,Automático,N/A,SP,São Paulo,Santo Amaro,N/A,11,N/A,Não,Não,"air bag, ar condicionado, alarme, bancos de couro, câmera de ré, computador de bordo, conexão usb, controle automático de velocidade, navegador gps, rodas de liga leve, sensor de ré, teto solar, trava elétrica, vidro elétrico, volante multifuncional",https://sp.olx.com.br/sao-paulo-e-regiao/autos-e-pecas/carros-vans-e-utilitarios/bmw-i3-rex-e-drive-full-170cv-aut-eletrico-2021-1532596425
1508793091,BMW X3 Xdrive 30E X-line Turbo Híbrido AU 2021,219000,BMW,X3,Xdrive 30E X-line Turbo Híbrido AU,2021,130000,Híbrido,Automático,Preto,SP,São José dos Campos,Bosque dos Eucaliptos,N/A,12,Sim,Sim,Não,"air bag, ar condicionado, alarme, bancos de couro, câmera de ré, computador de bordo, conexão usb, controle automático de velocidade, interface bluetooth, navegador gps, rodas de liga leve, sensor de ré, som, teto solar, tração 4x4, trava elétrica, vidro elétrico, volante multifuncional",https://sp.olx.com.br/vale-do-paraiba-e-litoral-norte/autos-e-pecas/carros-vans-e-utilitarios/bmw-x3-xdrive-30e-x-line-turbo-hibrido-au-2021-1508793091
1532595375,BMW 320I A 2.0 TB M Sport Activeflex 16V 4P 2023,255900,BMW,320I,A 2.0 TB M Sport Activeflex 16V 4P,2023,43300,Flex,Automático,Branco,SP,Barueri,Parque dos Camargos,N/A,11,Sim,Sim,Não,"air bag, ar condicionado, alarme, bancos de couro, câmera de ré, computador de bordo, conexão usb, controle automático de velocidade, navegador gps, rodas de liga leve, sensor de ré, som, teto solar, trava elétrica, vidro elétrico, volante multifuncional",https://sp.olx.com.br/sao-paulo-e-regiao/autos-e-pecas/carros-vans-e-utilitarios/bmw-320i-a-2-0-tb-m-sport-activeflex-16v-4p-2023-1532595375
1532592619,BMW X3 Xdrive 30E M Sport Turbo Híbrido Aut. 2022,349000,BMW,X3,Xdrive 30E M Sport Turbo Híbrido Aut.,2022,33000,Híbrido,Automático,Branco,SP,São Caetano do Sul,Santo Antônio,N/A,11,Não,Sim,Não,"air bag, ar condicionado, alarme, bancos de couro, blindado, câmera de ré, computador de bordo, conexão usb, controle automático de velocidade, navegador gps, rodas de liga leve, sensor de ré, som, teto solar, tração 4x4, trava elétrica, vidro elétrico, volante multifuncional",https://sp.olx.com.br/sao-paulo-e-regiao/autos-e-pecas/carros-vans-e-utilitarios/bmw-x3-xdrive-30e-m-sport-turbo-hibrido-aut-2022-1532592619
1524289522,BMW i4 M50 (elétrico) 2024,454900,BMW,i4,M50 (elétrico),2024,13000,Elétrico,Automático,Azul,SP,São Paulo,Mooca,N/A,11,Sim,Sim,Não,"air bag, ar condicionado, alarme, bancos de couro, blindado, câmera de ré, computador de bordo, conexão usb, controle automático de velocidade, navegador gps, rodas de liga leve, sensor de ré, som, teto solar, tração 4x4, trava elétrica, vidro elétrico, volante multifuncional",https://sp.olx.com.br/sao-paulo-e-regiao/autos-e-pecas/carros-vans-e-utilitarios/bmw-i4-m50-eletrico-2024-1524289522
1527019038,BMW 320I A 2.0 Turbo/activeflex 16V 184cv 4P 2023,196490,BMW,320I,A 2.0 Turbo/activeflex 16V 184cv 4P,2023,91807,Flex,Automático,Cinza,SP,São Paulo,Vila Almeida,N/A,11,Não,Sim,Não,"air bag, ar condicionado, alarme, bancos de couro, câmera de ré, computador de bordo, conexão usb, controle automático de velocidade, navegador gps, rodas de liga leve, sensor de ré, trava elétrica, vidro elétrico, volante multifuncional",https://sp.olx.com.br/sao-paulo-e-regiao/autos-e-pecas/carros-vans-e-utilitarios/bmw-320i-a-2-0-turbo-activeflex-16v-184cv-4p-2023-1527019038
1527019042,BMW 320I A 2.0 Turbo/activeflex 16V 184cv 4P 2023,212790,BMW,320I,A 2.0 Turbo/activeflex 16V 184cv 4P,2023,91807,Flex,Automático,Cinza,SP,São Paulo,Saúde,N/A,11,Não,Sim,Não,"air bag, ar condicionado, alarme, bancos de couro, câmera de ré, computador de bordo, conexão usb, controle automático de velocidade, navegador gps, rodas de liga leve, sensor de ré, trava elétrica, vidro elétrico, volante multifuncional",https://sp.olx.com.br/sao-paulo-e-regiao/autos-e-pecas/carros-vans-e-utilitarios/bmw-320i-a-2-0-turbo-activeflex-16v-184cv-4p-2023-1527019042
1527333419,BMW X3 M50 Xdrive 3.0 V6 Aut. (híbrido) 2026,574900,BMW,X3,M50 Xdrive 3.0 V6 Aut. (híbrido),2026,6000,Híbrido,Automático,Cinza,SP,São Paulo,Mooca,N/A,11,Sim,Sim,Não,"air bag, ar condicionado, alarme, bancos de couro, câmera de ré, computador de bordo, conexão usb, controle automático de velocidade, interface bluetooth, navegador gps, rodas de liga leve, sensor de ré, som, teto solar, tração 4x4, trava elétrica, vidro elétrico, volante multifuncional",https://sp.olx.com.br/sao-paulo-e-regiao/autos-e-pecas/carros-vans-e-utilitarios/bmw-x3-m50-xdrive-3-0-v6-aut-hibrido-2026-1527333419
1531522389,BMW 320I A 2.0 Turbo/activeflex 16V 184cv 4P 2025,292790,BMW,320I,A 2.0 Turbo/activeflex 16V 184cv 4P,2025,5208,Flex,Automático,Preto,SP,São Paulo,Saúde,N/A,11,Não,Sim,Não,"ar condicionado, alarme",https://sp.olx.com.br/sao-paulo-e-regiao/autos-e-pecas/carros-vans-e-utilitarios/bmw-320i-a-2-0-turbo-activeflex-16v-184cv-4p-2025-1531522389
1531471619,BMW 320I 320i 2023,256790,BMW,320I,320i,2023,46329,Flex,Automático,Azul,SP,São Paulo,Água Branca,N/A,11,Não,Sim,Não,"ar condicionado, alarme, teto solar",https://sp.olx.com.br/sao-paulo-e-regiao/autos-e-pecas/carros-vans-e-utilitarios/bmw-320i-320i-2023-1531471619
1532586543,BMW X5 Xdrive 50E 3.0 X-line Aut. (hibrido) 2024,477000,BMW,X5,Xdrive 50E 3.0 X-line Aut. (hibrido),2024,33000,Flex,Automático,Preto,SP,São José do Rio Preto,Jardim Maracanã,N/A,17,N/A,Não,Não,"air bag, ar condicionado, alarme, bancos de couro, câmera de ré, computador de bordo, conexão usb, controle automático de velocidade, navegador gps, rodas de liga leve, sensor de ré, som, teto solar, tração 4x4, trava elétrica, vidro elétrico, volante multifuncional",https://sp.olx.com.br/regiao-de-sao-jose-do-rio-preto/autos-e-pecas/carros-vans-e-utilitarios/bmw-x5-xdrive-50e-3-0-x-line-aut-hibrido-2024-1532586543
1531382542,BMW 320I 320i 2023,232990,BMW,320I,320i,2023,83311,Flex,Automático,Preto,SP,Araçatuba,Vila Santa Maria,N/A,18,Não,Sim,Não,"ar condicionado, alarme, teto solar",https://sp.olx.com.br/regiao-de-presidente-prudente/autos-e-pecas/carros-vans-e-utilitarios/bmw-320i-320i-2023-1531382542
1531382540,BMW 320I 320i 2023,232990,BMW,320I,320i,2023,83311,Flex,Automático,Preto,SP,Presidente Prudente,Vila Santa Helena,N/A,18,Não,Sim,Não,"ar condicionado, alarme, teto solar",https://sp.olx.com.br/regiao-de-presidente-prudente/autos-e-pecas/carros-vans-e-utilitarios/bmw-320i-320i-2023-1531382540
1527019411,BMW 320I A 2.0 Turbo/activeflex 16V 184cv 4P 2023,212790,BMW,320I,A 2.0 Turbo/activeflex 16V 184cv 4P,2023,91807,Flex,Automático,Cinza,SP,São Paulo,Planalto Paulista,N/A,11,Não,Sim,Não,"air bag, ar condicionado, alarme, bancos de couro, câmera de ré, computador de bordo, conexão usb, controle automático de velocidade, navegador gps, rodas de liga leve, sensor de ré, trava elétrica, vidro elétrico, volante multifuncional",https://sp.olx.com.br/sao-paulo-e-regiao/autos-e-pecas/carros-vans-e-utilitarios/bmw-320i-a-2-0-turbo-activeflex-16v-184cv-4p-2023-1527019411
1514337097,BMW 320I 320i 2023,281290,BMW,320I,320i,2023,35283,Flex,Automático,Preto,SP,São Paulo,Água Branca,N/A,11,Não,Sim,Não,"ar condicionado, alarme, blindado, rodas de liga leve, sensor de ré, teto solar",https://sp.olx.com.br/sao-paulo-e-regiao/autos-e-pecas/carros-vans-e-utilitarios/bmw-320i-320i-2023-1514337097
1532581001,BMW M3 Competition M 3.0 Bi-TB 510cv 2024,649900,BMW,M3,Competition M 3.0 Bi-TB 510cv,2024,8331,Gasolina,Automático,Cinza,SP,São Bernardo do Campo,Demarchi,N/A,11,Sim,Sim,Não,"air bag, ar condicionado, alarme, bancos de couro, câmera de ré, computador de bordo, conexão usb, controle automático de velocidade, navegador gps, rodas de liga leve, sensor de ré, som, trava elétrica, vidro elétrico, volante multifuncional",https://sp.olx.com.br/sao-paulo-e-regiao/autos-e-pecas/carros-vans-e-utilitarios/bmw-m3-competition-m-3-0-bi-tb-510cv-2024-1532581001
1532585795,BMW 320I A 2.0 TB M Sport Activeflex 16V 4P 2022,209999,BMW,320I,A 2.0 TB M Sport Activeflex 16V 4P,2022,68000,Flex,Automático,Cinza,SP,São Paulo,Tatuapé,N/A,11,Não,Sim,Não,"air bag, ar condicionado, alarme, bancos de couro, câmera de ré, computador de bordo, conexão usb, controle automático de velocidade, interface bluetooth, navegador gps, rodas de liga leve, sensor de ré, som, teto solar, trava elétrica, vidro elétrico, volante multifuncional",https://sp.olx.com.br/sao-paulo-e-regiao/autos-e-pecas/carros-vans-e-utilitarios/bmw-320i-a-2-0-tb-m-sport-activeflex-16v-4p-2022-1532585795
1532577639,BMW X3 Xdrive 20I 2.0/x-line Bi-TB Flex Aut. 2021,199900,BMW,X3,Xdrive 20I 2.0/x-line Bi-TB Flex Aut.,2021,65200,Híbrido,Automático,Preto,SP,Catanduva,Parque Iracema,N/A,17,Não,Não,Não,"air bag, ar condicionado, alarme, bancos de couro, câmera de ré, computador de bordo, controle automático de velocidade, navegador gps, rodas de liga leve, sensor de ré, som, teto solar, tração 4x4, trava elétrica, vidro elétrico, volante multifuncional",https://sp.olx.com.br/regiao-de-sao-jose-do-rio-preto/autos-e-pecas/carros-vans-e-utilitarios/bmw-x3-xdrive-20i-2-0-x-line-bi-tb-flex-aut-2021-1532577639
1520774009,BMW 330E M Sport 2.0 Turbo Híbrido AU 2022,229990,BMW,330E,M Sport 2.0 Turbo Híbrido AU,2022,27000,Híbrido,Automático,Branco,SP,São Paulo,Várzea da Barra Funda,N/A,11,Não,Não,Não,"air bag, ar condicionado, alarme, bancos de couro, câmera de ré, computador de bordo, conexão usb, controle automático de velocidade, navegador gps, rodas de liga leve, sensor de ré, som, teto solar, trava elétrica, vidro elétrico, volante multifuncional",https://sp.olx.com.br/sao-paulo-e-regiao/autos-e-pecas/carros-vans-e-utilitarios/bmw-330e-m-sport-2-0-turbo-hibrido-au-2022-1520774009
1532572785,BMW 218I Gran Coupe Sport GP 1.5 Bi-turbo 2020,152790,BMW,218I,Gran Coupe Sport GP 1.5 Bi-turbo,2020,49000,Gasolina,Automático,N/A,SP,São Paulo,Ipiranga,N/A,11,N/A,Não,Não,N/A,https://sp.olx.com.br/sao-paulo-e-regiao/autos-e-pecas/carros-vans-e-utilitarios/bmw-218i-gran-coupe-sport-gp-1-5-bi-turbo-2020-1532572785
1532579593,BMW 320I A 2.0 TB M Sport Activeflex 16V 4P 2024,270660,BMW,320I,A 2.0 TB M Sport Activeflex 16V 4P,2024,59000,Flex,Automático,Cinza,SP,Leme,Área Rural de Leme,N/A,19,N/A,Sim,Não,"air bag, ar condicionado, alarme, bancos de couro, câmera de ré, computador de bordo, conexão usb, controle automático de velocidade, navegador gps, rodas de liga leve, sensor de ré, som, teto solar, trava elétrica, vidro elétrico, volante multifuncional",https://sp.olx.com.br/grande-campinas/autos-e-pecas/carros-vans-e-utilitarios/bmw-320i-a-2-0-tb-m-sport-activeflex-16v-4p-2024-1532579593
1528007273,BMW 320I A GT Sport 2.0 Turbo 16V 184cv 5P 2025,289990,BMW,320I,A GT Sport 2.0 Turbo 16V 184cv 5P,2025,9700,Flex,Automático,Cinza,SP,São Paulo,Vila Regente Feijó,N/A,11,Sim,Sim,Não,"air bag, ar condicionado, alarme, sensor de ré, trava elétrica, vidro elétrico",https://sp.olx.com.br/sao-paulo-e-regiao/autos-e-pecas/carros-vans-e-utilitarios/bmw-320i-a-gt-sport-2-0-turbo-16v-184cv-5p-2025-1528007273
1529339878,BMW 320I A 2024,269990,BMW,320I,A,2024,29500,Flex,Automático,Preto,SP,São Paulo,Vila Regente Feijó,N/A,11,N/A,Não,Não,"air bag, ar condicionado, alarme, sensor de ré, som, trava elétrica",https://sp.olx.com.br/sao-paulo-e-regiao/autos-e-pecas/carros-vans-e-utilitarios/bmw-320i-a-2024-1529339878
1526366528,BMW 320I A 2.0 TB M Sport Activeflex 16V 4P 2025,275000,BMW,320I,A 2.0 TB M Sport Activeflex 16V 4P,2025,8566,Flex,Automático,Preto,SP,Santana de Parnaíba,Aldeia da Serra,N/A,11,N/A,Não,Não,N/A,https://sp.olx.com.br/sao-paulo-e-regiao/autos-e-pecas/carros-vans-e-utilitarios/bmw-320i-a-2-0-tb-m-sport-activeflex-16v-4p-2025-1526366528
1507382381,BMW X1 Sdrive 18I GP 1.5 TB Aut. 2022,154990,BMW,X1,Sdrive 18I GP 1.5 TB Aut.,2022,29480,Flex,Automático,Cinza,SP,São Paulo,Vila Carrão,N/A,11,Não,Sim,Não,"air bag, ar condicionado, alarme, bancos de couro, câmera de ré, computador de bordo, conexão usb, controle automático de velocidade, navegador gps, rodas de liga leve, sensor de ré, som, trava elétrica, vidro elétrico, volante multifuncional",https://sp.olx.com.br/sao-paulo-e-regiao/autos-e-pecas/carros-vans-e-utilitarios/bmw-x1-sdrive-18i-gp-1-5-tb-aut-2022-1507382381
1458061273,BMW X4 Xdrive 30I M-sport 2.0 TB. 252cv AUT 2023,361390,BMW,X4,Xdrive 30I M-sport 2.0 TB. 252cv AUT,2023,31420,Flex,Manual,Preto,SP,São Paulo,Jardim Helena,N/A,11,Não,Sim,Não,"air bag, ar condicionado, alarme, bancos de couro, câmera de ré, computador de bordo, conexão usb, controle automático de velocidade, navegador gps, rodas de liga leve, sensor de ré, som, teto solar, tração 4x4, trava elétrica, vidro elétrico, volante multifuncional",https://sp.olx.com.br/sao-paulo-e-regiao/autos-e-pecas/carros-vans-e-utilitarios/bmw-x4-xdrive-30i-m-sport-2-0-tb-252cv-aut-2023-1458061273
1528829358,BMW X1 Sdrive 20I 2.0/2.0 TB Acti.flex Aut. 2022,149500,BMW,X1,Sdrive 20I 2.0/2.0 TB Acti.flex Aut.,2022,25000,Flex,Automático,Azul,SP,Jundiaí,Jardim Flórida,N/A,11,Não,Sim,Não,"air bag, ar condicionado, alarme, bancos de couro, câmera de ré, computador de bordo, conexão usb, controle automático de velocidade, navegador gps, rodas de liga leve, sensor de ré, trava elétrica, vidro elétrico, volante multifuncional",https://sp.olx.com.br/sao-paulo-e-regiao/autos-e-pecas/carros-vans-e-utilitarios/bmw-x1-sdrive-20i-2-0-2-0-tb-acti-flex-aut-2022-1528829358
1524619368,BMW X5 Xdrive 50E 3.0 M Sport Aut. (hibrido) 2024,469790,BMW,X5,Xdrive 50E 3.0 M Sport Aut. (hibrido),2024,62892,Híbrido,Automático,Preto,SP,Ribeirão Preto,Jardim América,N/A,16,N/A,Não,Não,"air bag, ar condicionado, alarme, bancos de couro, câmera de ré, computador de bordo, conexão usb, controle automático de velocidade, navegador gps, rodas de liga leve, sensor de ré, som, teto solar, tração 4x4, trava elétrica, vidro elétrico, volante multifuncional",https://sp.olx.com.br/regiao-de-ribeirao-preto/autos-e-pecas/carros-vans-e-utilitarios/bmw-x5-xdrive-50e-3-0-m-sport-aut-hibrido-2024-1524619368
1532541314,BMW M M 135i Xdrive 2.0 306cv AUT 2021,263000,BMW,M,M 135i Xdrive 2.0 306cv AUT,2021,38757,Gasolina,Automático,Branco,SP,Barueri,Tamboré,N/A,11,Sim,Sim,Sim,"air bag, ar condicionado, alarme, bancos de couro, câmera de ré, computador de bordo, conexão usb, controle automático de velocidade, interface bluetooth, navegador gps, rodas de liga leve, sensor de ré, som, teto solar, tração 4x4, trava elétrica, vidro elétrico, volante multifuncional",https://sp.olx.com.br/sao-paulo-e-regiao/autos-e-pecas/carros-vans-e-utilitarios/bmw-m-m-135i-xdrive-2-0-306cv-aut-2021-1532541314
1532548328,BMW X1 Sdrive 20I X-line 2.0 TB Active Flex 2023,244900,BMW,X1,Sdrive 20I X-line 2.0 TB Active Flex,2023,57200,Gasolina,Automático,Branco,SP,Jundiaí,Jardim Bonfiglioli,N/A,11,N/A,Não,Não,"ar condicionado, som",https://sp.olx.com.br/sao-paulo-e-regiao/autos-e-pecas/carros-vans-e-utilitarios/bmw-x1-sdrive-20i-x-line-2-0-tb-active-flex-2023-1532548328
1514416644,BMW 320I A 2.0 TB M Sport Activeflex 16V 4P 2024,289900,BMW,320I,A 2.0 TB M Sport Activeflex 16V 4P,2024,39623,Flex,Automático,Preto,SP,Praia Grande,Boqueirão,N/A,13,Não,Não,Não,"air bag, ar condicionado, alarme, bancos de couro, câmera de ré, computador de bordo, conexão usb, controle automático de velocidade, navegador gps, rodas de liga leve, sensor de ré, som, teto solar, trava elétrica, vidro elétrico, volante multifuncional",https://sp.olx.com.br/baixada-santista-e-litoral-sul/autos-e-pecas/carros-vans-e-utilitarios/bmw-320i-a-2-0-tb-m-sport-activeflex-16v-4p-2024-1514416644
1529616397,BMW X3 Xdrive 30E X-line Turbo Híbrido AU 2023,328790,BMW,X3,Xdrive 30E X-line Turbo Híbrido AU,2023,23000,Híbrido,Automático,Cinza,SP,São José dos Campos,Parque Residencial Aquarius,N/A,12,Não,Sim,Não,"air bag, ar condicionado, alarme, bancos de couro, blindado, câmera de ré, computador de bordo, conexão usb, controle automático de velocidade, navegador gps, rodas de liga leve, sensor de ré, som, teto solar, tração 4x4, trava elétrica, vidro elétrico, volante multifuncional",https://sp.olx.com.br/vale-do-paraiba-e-litoral-norte/autos-e-pecas/carros-vans-e-utilitarios/bmw-x3-xdrive-30e-x-line-turbo-hibrido-au-2023-1529616397
1529700322,BMW 320I 320i 2024,269990,BMW,320I,320i,2024,34229,Flex,Automático,Preto,SP,São Paulo,Água Branca,N/A,11,Não,Sim,Não,"ar condicionado, teto solar",https://sp.olx.com.br/sao-paulo-e-regiao/autos-e-pecas/carros-vans-e-utilitarios/bmw-320i-320i-2024-1529700322
1526340579,BMW 320I A 2.0 Turbo/activeflex 16V 184cv 4P 2023,260790,BMW,320I,A 2.0 Turbo/activeflex 16V 184cv 4P,2023,53734,Flex,Automático,Preto,SP,São Paulo,Água Branca,N/A,11,Não,Sim,Não,"air bag, ar condicionado, alarme, bancos de couro, blindado, câmera de ré, computador de bordo, conexão usb, controle automático de velocidade, navegador gps, rodas de liga leve, sensor de ré, trava elétrica, vidro elétrico, volante multifuncional",https://sp.olx.com.br/sao-paulo-e-regiao/autos-e-pecas/carros-vans-e-utilitarios/bmw-320i-a-2-0-turbo-activeflex-16v-184cv-4p-2023-1526340579
1530631998,BMW X1 Sdrive 20I X-line 2.0 TB Aut. 2025,312000,BMW,X1,Sdrive 20I X-line 2.0 TB Aut.,2025,21000,Gasolina,,Prata,SP,São Paulo,Cerqueira César,N/A,11,Sim,Sim,Não,"air bag, ar condicionado, alarme, bancos de couro, câmera de ré, computador de bordo, conexão usb, controle automático de velocidade, navegador gps, rodas de liga leve, sensor de ré, teto solar, trava elétrica, vidro elétrico, volante multifuncional",https://sp.olx.com.br/sao-paulo-e-regiao/autos-e-pecas/carros-vans-e-utilitarios/bmw-x1-sdrive-20i-x-line-2-0-tb-aut-2025-1530631998
1524830118,BMW 320I A 2.0 TB M Sport Activeflex 16V 4P 2025,309990,BMW,320I,A 2.0 TB M Sport Activeflex 16V 4P,2025,13000,N/A,,Branco,SP,Paulínia,Jardim Flamboyant,N/A,19,Sim,Sim,Não,"air bag, ar condicionado, alarme, bancos de couro, câmera de ré, computador de bordo, conexão usb, controle automático de velocidade, interface bluetooth, navegador gps, rodas de liga leve, sensor de ré, som, teto solar, trava elétrica, vidro elétrico, volante multifuncional",https://sp.olx.com.br/grande-campinas/autos-e-pecas/carros-vans-e-utilitarios/bmw-320i-a-2-0-tb-m-sport-activeflex-16v-4p-2025-1524830118
1526357171,BMW 320I A Modern/sport TB 2.0/a.flex 16V 4P 2024,248800,BMW,320I,A Modern/sport TB 2.0/a.flex 16V 4P,2024,16000,Flex,Automático,Cinza,SP,Arujá,Centro,N/A,11,Não,Sim,Sim,"air bag, ar condicionado, alarme, bancos de couro, câmera de ré, computador de bordo, conexão usb, controle automático de velocidade, navegador gps, rodas de liga leve, sensor de ré, teto solar, trava elétrica, vidro elétrico, volante multifuncional",https://sp.olx.com.br/sao-paulo-e-regiao/autos-e-pecas/carros-vans-e-utilitarios/bmw-320i-a-modern-sport-tb-2-0-a-flex-16v-4p-2024-1526357171
1501521973,BMW X6 Xdrive 35I 3.0 306cv Bi-turbo 2021,449999,BMW,X6,Xdrive 35I 3.0 306cv Bi-turbo,2021,48000,Gasolina,Automático,Preto,SP,Santos,Vila Mathias,N/A,13,Não,Sim,Não,"air bag, ar condicionado, teto solar, trava elétrica",https://sp.olx.com.br/baixada-santista-e-litoral-sul/autos-e-pecas/carros-vans-e-utilitarios/bmw-x6-xdrive-35i-3-0-306cv-bi-turbo-2021-1501521973
1464172352,BMW X1 Sdrive 20I M Sport 2.0 TB Aut. 2023,359990,BMW,X1,Sdrive 20I M Sport 2.0 TB Aut.,2023,33882,Gasolina,Automático,Branco,SP,São Caetano do Sul,Cerâmica,N/A,11,N/A,Não,Não,"air bag, ar condicionado, alarme, bancos de couro, blindado, câmera de ré, computador de bordo, conexão usb, controle automático de velocidade, navegador gps, rodas de liga leve, sensor de ré, som, teto solar, trava elétrica, vidro elétrico, volante multifuncional",https://sp.olx.com.br/sao-paulo-e-regiao/autos-e-pecas/carros-vans-e-utilitarios/bmw-x1-sdrive-20i-m-sport-2-0-tb-aut-2023-1464172352
1507721883,BMW IX Xdrive 50 Sport Aut. (elétrico) 2023,329990,BMW,IX,Xdrive 50 Sport Aut. (elétrico),2023,12000,Elétrico,Automático,Branco,SP,Santos,Vila Mathias,N/A,13,Não,Não,Não,"air bag, ar condicionado, alarme, bancos de couro, câmera de ré, computador de bordo, conexão usb, controle automático de velocidade, navegador gps, rodas de liga leve, sensor de ré, som, teto solar, tração 4x4, trava elétrica, vidro elétrico, volante multifuncional",https://sp.olx.com.br/baixada-santista-e-litoral-sul/autos-e-pecas/carros-vans-e-utilitarios/bmw-ix-xdrive-50-sport-aut-eletrico-2023-1507721883
1495444712,BMW 320I A Modern/sport TB 2.0/a.flex 16V 4P 2021,175000,BMW,320I,A Modern/sport TB 2.0/a.flex 16V 4P,2021,72500,Flex,Automático,Cinza,SP,Lençóis Paulista,Centro,N/A,14,Não,Sim,Não,"air bag, ar condicionado, alarme, bancos de couro, câmera de ré, computador de bordo, conexão usb, controle automático de velocidade, navegador gps, rodas de liga leve, sensor de ré, trava elétrica, vidro elétrico, volante multifuncional",https://sp.olx.com.br/regiao-de-bauru-e-marilia/autos-e-pecas/carros-vans-e-utilitarios/bmw-320i-a-modern-sport-tb-2-0-a-flex-16v-4p-2021-1495444712
1525481803,BMW 330E M Sport 2.0 Turbo Híbrido AU 2022,229900,BMW,330E,M Sport 2.0 Turbo Híbrido AU,2022,69700,Híbrido,Automático,Cinza,SP,Barueri,Green Valley Alphaville,N/A,11,Não,Sim,Não,"air bag, ar condicionado, alarme, bancos de couro, câmera de ré, computador de bordo, conexão usb, controle automático de velocidade, interface bluetooth, navegador gps, rodas de liga leve, sensor de ré, som, teto solar, trava elétrica, vidro elétrico, volante multifuncional",https://sp.olx.com.br/sao-paulo-e-regiao/autos-e-pecas/carros-vans-e-utilitarios/bmw-330e-m-sport-2-0-turbo-hibrido-au-2022-1525481803
1497683496,BMW 320I A 2.0 TB M Sport Activeflex 16V 4P 2022,231990,BMW,320I,A 2.0 TB M Sport Activeflex 16V 4P,2022,60000,Gasolina,Automático,Preto,SP,Santo André,Vila Guiomar,N/A,11,Não,Sim,Não,"air bag, ar condicionado, alarme, bancos de couro, blindado, câmera de ré, computador de bordo, conexão usb, controle automático de velocidade, interface bluetooth, navegador gps, rodas de liga leve, sensor de ré, som, teto solar, trava elétrica, vidro elétrico, volante multifuncional",https://sp.olx.com.br/sao-paulo-e-regiao/autos-e-pecas/carros-vans-e-utilitarios/bmw-320i-a-2-0-tb-m-sport-activeflex-16v-4p-2022-1497683496
1532513619,BMW 320I A Modern/sport TB 2.0/a.flex 16V 4P 2021,185900,BMW,320I,A Modern/sport TB 2.0/a.flex 16V 4P,2021,80000,Flex,Automático,Preto,SP,Ribeirão Preto,Jardim Botânico,N/A,16,N/A,Não,Não,"air bag, ar condicionado, alarme, bancos de couro, câmera de ré, computador de bordo, conexão usb, controle automático de velocidade, navegador gps, rodas de liga leve, sensor de ré, teto solar, trava elétrica, vidro elétrico, volante multifuncional",https://sp.olx.com.br/regiao-de-ribeirao-preto/autos-e-pecas/carros-vans-e-utilitarios/bmw-320i-a-modern-sport-tb-2-0-a-flex-16v-4p-2021-1532513619
1529669956,BMW 320I A 2.0 TB M Sport Activeflex 16V 4P 2025,283990,BMW,320I,A 2.0 TB M Sport Activeflex 16V 4P,2025,38000,Flex,Automático,Cinza,SP,Ribeirão Preto,Centro,N/A,16,Sim,Sim,Não,"air bag, controle automático de velocidade, rodas de liga leve",https://sp.olx.com.br/regiao-de-ribeirao-preto/autos-e-pecas/carros-vans-e-utilitarios/bmw-320i-a-2-0-tb-m-sport-activeflex-16v-4p-2025-1529669956
1515887793,BMW 320I 320i 2024,270890,BMW,320I,320i,2024,23083,Flex,Automático,Cinza,SP,São Paulo,Água Branca,N/A,11,Não,Sim,Não,"ar condicionado, alarme, rodas de liga leve, sensor de ré, teto solar",https://sp.olx.com.br/sao-paulo-e-regiao/autos-e-pecas/carros-vans-e-utilitarios/bmw-320i-320i-2024-1515887793
1524009465,BMW 320I A 2.0 TB M Sport Activeflex 16V 4P 2025,319990,BMW,320I,A 2.0 TB M Sport Activeflex 16V 4P,2025,38830,Flex,Automático,Preto,SP,Ribeirão Preto,Ribeirânia,N/A,16,Não,Sim,Não,"ar condicionado, alarme, bancos de couro, teto solar",https://sp.olx.com.br/regiao-de-ribeirao-preto/autos-e-pecas/carros-vans-e-utilitarios/bmw-320i-a-2-0-tb-m-sport-activeflex-16v-4p-2025-1524009465
1524009619,BMW 320I A 2.0 TB M Sport Activeflex 16V 4P 2025,319990,BMW,320I,A 2.0 TB M Sport Activeflex 16V 4P,2025,38830,Flex,Automático,Preto,SP,Ribeirão Preto,Campos Elíseos,N/A,16,Não,Sim,Não,"ar condicionado, alarme, bancos de couro, teto solar",https://sp.olx.com.br/regiao-de-ribeirao-preto/autos-e-pecas/carros-vans-e-utilitarios/bmw-320i-a-2-0-tb-m-sport-activeflex-16v-4p-2025-1524009619
1524009844,BMW 320I A 2.0 TB M Sport Activeflex 16V 4P 2025,319990,BMW,320I,A 2.0 TB M Sport Activeflex 16V 4P,2025,38830,Flex,Automático,Preto,SP,Franca,Centro,N/A,16,Não,Sim,Não,"ar condicionado, alarme, bancos de couro, teto solar",https://sp.olx.com.br/regiao-de-ribeirao-preto/autos-e-pecas/carros-vans-e-utilitarios/bmw-320i-a-2-0-tb-m-sport-activeflex-16v-4p-2025-1524009844
1518911961,BMW X2 Sdrive 20I 2.0 TB 16V 192cv AUT 2020,162000,BMW,X2,Sdrive 20I 2.0 TB 16V 192cv AUT,2020,92000,Flex,Automático,Preto,SP,Ribeirão Preto,City Ribeirão,N/A,16,Não,Sim,Não,"air bag, ar condicionado, alarme, bancos de couro, câmera de ré, computador de bordo, conexão usb, controle automático de velocidade, navegador gps, rodas de liga leve, sensor de ré, trava elétrica, vidro elétrico, volante multifuncional",https://sp.olx.com.br/regiao-de-ribeirao-preto/autos-e-pecas/carros-vans-e-utilitarios/bmw-x2-sdrive-20i-2-0-tb-16v-192cv-aut-2020-1518911961
1512428627,BMW X4 Xdrive 30I M-sport 2.0 TB. 252cv AUT 2020,234900,BMW,X4,Xdrive 30I M-sport 2.0 TB. 252cv AUT,2020,90000,Gasolina,Automático,Preto,SP,Ribeirão Preto,Jardim Botânico,N/A,16,N/A,Não,Não,"air bag, ar condicionado, alarme, bancos de couro, câmera de ré, computador de bordo, conexão usb, controle automático de velocidade, navegador gps, rodas de liga leve, sensor de ré, teto solar, tração 4x4, trava elétrica, vidro elétrico, volante multifuncional",https://sp.olx.com.br/regiao-de-ribeirao-preto/autos-e-pecas/carros-vans-e-utilitarios/bmw-x4-xdrive-30i-m-sport-2-0-tb-252cv-aut-2020-1512428627
1526337110,BMW X3 M40i 3.0 M Sport Edit. V6 Turbo Aut. 2022,368900,BMW,X3,M40i 3.0 M Sport Edit. V6 Turbo Aut.,2022,35400,Gasolina,Automático,Cinza,SP,Taubaté,Parque Santo Antônio,N/A,12,N/A,Não,Não,"air bag, ar condicionado, alarme, bancos de couro, câmera de ré, computador de bordo, conexão usb, controle automático de velocidade, navegador gps, rodas de liga leve, sensor de ré, som, teto solar, tração 4x4, trava elétrica, vidro elétrico, volante multifuncional",https://sp.olx.com.br/vale-do-paraiba-e-litoral-norte/autos-e-pecas/carros-vans-e-utilitarios/bmw-x3-m40i-3-0-m-sport-edit-v6-turbo-aut-2022-1526337110
1532297566,BMW X1 Sdrive 20I 2.0/2.0 TB Acti.flex Aut. 2021,187900,BMW,X1,Sdrive 20I 2.0/2.0 TB Acti.flex Aut.,2021,26421,Flex,Automático,Branco,SP,São Paulo,Saúde,N/A,11,N/A,Não,Não,"air bag, ar condicionado, alarme, bancos de couro, blindado, câmera de ré, computador de bordo, conexão usb, controle automático de velocidade, navegador gps, rodas de liga leve, sensor de ré, trava elétrica, vidro elétrico, volante multifuncional",https://sp.olx.com.br/sao-paulo-e-regiao/autos-e-pecas/carros-vans-e-utilitarios/bmw-x1-sdrive-20i-2-0-2-0-tb-acti-flex-aut-2021-1532297566
1525507193,BMW X1 Sdrive 20I M Sport 2.0 TB Aut. 2025,292900,BMW,X1,Sdrive 20I M Sport 2.0 TB Aut.,2025,26000,Gasolina,Automático,Prata,SP,Ribeirão Preto,Alto da Boa Vista,N/A,16,Não,Não,Não,"air bag, ar condicionado, alarme, bancos de couro, câmera de ré, computador de bordo, conexão usb, controle automático de velocidade, interface bluetooth, navegador gps, rodas de liga leve, sensor de ré, som, teto solar, trava elétrica, vidro elétrico, volante multifuncional",https://sp.olx.com.br/regiao-de-ribeirao-preto/autos-e-pecas/carros-vans-e-utilitarios/bmw-x1-sdrive-20i-m-sport-2-0-tb-aut-2025-1525507193
1528395240,BMW 320I A 2.0 TB M Sport Activeflex 16V 4P 2026,355790,BMW,320I,A 2.0 TB M Sport Activeflex 16V 4P,2026,3841,Gasolina,Automático,Azul,SP,Santos,Vila Mathias,N/A,13,Sim,Sim,Não,"air bag, controle automático de velocidade, rodas de liga leve",https://sp.olx.com.br/baixada-santista-e-litoral-sul/autos-e-pecas/carros-vans-e-utilitarios/bmw-320i-a-2-0-tb-m-sport-activeflex-16v-4p-2026-1528395240
1512417989,BMW 330E M Sport 2.0 Turbo Híbrido AU 2023,269000,BMW,330E,M Sport 2.0 Turbo Híbrido AU,2023,25580,Híbrido,Automático,Azul,SP,Cotia,Jardim Lambreta,N/A,11,Sim,Sim,Não,"air bag, ar condicionado, alarme, bancos de couro, câmera de ré, computador de bordo, conexão usb, controle automático de velocidade, interface bluetooth, navegador gps, rodas de liga leve, sensor de ré, som, teto solar, trava elétrica, vidro elétrico, volante multifuncional",https://sp.olx.com.br/sao-paulo-e-regiao/autos-e-pecas/carros-vans-e-utilitarios/bmw-330e-m-sport-2-0-turbo-hibrido-au-2023-1512417989
1508364580,BMW 320I 320i 2022,208990,BMW,320I,320i,2022,58810,Flex,Automático,Cinza,SP,Botucatu,Vila dos Lavradores,N/A,14,N/A,Não,Não,N/A,https://sp.olx.com.br/regiao-de-bauru-e-marilia/autos-e-pecas/carros-vans-e-utilitarios/bmw-320i-320i-2022-1508364580
1527813150,BMW 220i GRAN COUPE M SPORT 2.0 TB AUT. 2026,279990,BMW,220i,GRAN COUPE M SPORT 2.0 TB AUT.,2026,21462,Gasolina,Automático,Preto,SP,Ribeirão Preto,Jardim América,N/A,16,N/A,Não,Não,"air bag, ar condicionado, alarme, trava elétrica, vidro elétrico",https://sp.olx.com.br/regiao-de-ribeirao-preto/autos-e-pecas/carros-vans-e-utilitarios/bmw-220i-gran-coupe-m-sport-2-0-tb-aut-2026-1527813150
1523376516,BMW 330I Sport 2.0 TB 16V 4P 2020,211900,BMW,330I,Sport 2.0 TB 16V 4P,2020,97000,Gasolina,Automático,Preto,SP,São José dos Campos,Parque Industrial,N/A,12,N/A,Sim,Não,"air bag, ar condicionado, alarme, bancos de couro, câmera de ré, computador de bordo, conexão usb, controle automático de velocidade, interface bluetooth, navegador gps, rodas de liga leve, sensor de ré, som, teto solar, trava elétrica, vidro elétrico, volante multifuncional",https://sp.olx.com.br/vale-do-paraiba-e-litoral-norte/autos-e-pecas/carros-vans-e-utilitarios/bmw-330i-sport-2-0-tb-16v-4p-2020-1523376516
1529155063,BMW 320I A 2.0 TB M Sport Activeflex 16V 4P 2023,248990,BMW,320I,A 2.0 TB M Sport Activeflex 16V 4P,2023,48000,Flex,Automático,Cinza,SP,Ribeirão Preto,Jardim Botânico,N/A,16,Não,Sim,Não,"air bag, ar condicionado, alarme, bancos de couro, câmera de ré, computador de bordo, conexão usb, controle automático de velocidade, interface bluetooth, navegador gps, rodas de liga leve, sensor de ré, som, teto solar, trava elétrica, vidro elétrico, volante multifuncional",https://sp.olx.com.br/regiao-de-ribeirao-preto/autos-e-pecas/carros-vans-e-utilitarios/bmw-320i-a-2-0-tb-m-sport-activeflex-16v-4p-2023-1529155063
1528600195,BMW 320I A Modern/sport TB 2.0/a.flex 16V 4P 2023,235000,BMW,320I,A Modern/sport TB 2.0/a.flex 16V 4P,2023,45000,Flex,Automático,Cinza,SP,Campinas,Parque Alto Taquaral,N/A,19,Não,Sim,Não,"air bag, ar condicionado, alarme, bancos de couro, câmera de ré, computador de bordo, conexão usb, controle automático de velocidade, navegador gps, rodas de liga leve, sensor de ré, teto solar, trava elétrica, vidro elétrico, volante multifuncional",https://sp.olx.com.br/grande-campinas/autos-e-pecas/carros-vans-e-utilitarios/bmw-320i-a-modern-sport-tb-2-0-a-flex-16v-4p-2023-1528600195
1526311144,BMW X1 Sdrive 20I M Sport 2.0 TB Aut. 2025,326900,BMW,X1,Sdrive 20I M Sport 2.0 TB Aut.,2025,18000,Gasolina,,Azul,SP,São Paulo,Limão,N/A,11,Sim,Sim,Não,"air bag, ar condicionado, alarme, bancos de couro, câmera de ré, computador de bordo, conexão usb, controle automático de velocidade, navegador gps, rodas de liga leve, sensor de ré, som, teto solar, trava elétrica, vidro elétrico, volante multifuncional",https://sp.olx.com.br/sao-paulo-e-regiao/autos-e-pecas/carros-vans-e-utilitarios/bmw-x1-sdrive-20i-m-sport-2-0-tb-aut-2025-1526311144
1490996803,BMW X3 M40i 3.0 Turbo V6 360cv Aut. 2023,399990,BMW,X3,M40i 3.0 Turbo V6 360cv Aut.,2023,43900,Gasolina,Automático,Branco,SP,Indaiatuba,Chácara Areal,N/A,19,Não,Não,Não,"air bag, ar condicionado, alarme, bancos de couro, câmera de ré, computador de bordo, conexão usb, controle automático de velocidade, navegador gps, rodas de liga leve, sensor de ré, som, teto solar, tração 4x4, trava elétrica, vidro elétrico, volante multifuncional",https://sp.olx.com.br/grande-campinas/autos-e-pecas/carros-vans-e-utilitarios/bmw-x3-m40i-3-0-turbo-v6-360cv-aut-2023-1490996803
1532435291,BMW 330I Sport 2.0 TB 16V 4P 2020,199900,BMW,330I,Sport 2.0 TB 16V 4P,2020,62000,Flex,Automático,Preto,SP,Barueri,Parque dos Camargos,N/A,11,Sim,Sim,Não,"air bag, ar condicionado, alarme, bancos de couro, câmera de ré, computador de bordo, conexão usb, controle automático de velocidade, navegador gps, rodas de liga leve, sensor de ré, som, teto solar, trava elétrica, vidro elétrico, volante multifuncional",https://sp.olx.com.br/sao-paulo-e-regiao/autos-e-pecas/carros-vans-e-utilitarios/bmw-330i-sport-2-0-tb-16v-4p-2020-1532435291
1532435060,BMW X1 Sdrive 20I X-line 2.0 TB Active Flex 2022,159800,BMW,X1,Sdrive 20I X-line 2.0 TB Active Flex,2022,74123,Flex,Automático,Cinza,SP,São José do Rio Preto,Parque Industrial,N/A,17,Não,Não,Não,"air bag, ar condicionado, alarme, bancos de couro, câmera de ré, computador de bordo, conexão usb, controle automático de velocidade, navegador gps, rodas de liga leve, sensor de ré, teto solar, trava elétrica, vidro elétrico, volante multifuncional",https://sp.olx.com.br/regiao-de-sao-jose-do-rio-preto/autos-e-pecas/carros-vans-e-utilitarios/bmw-x1-sdrive-20i-x-line-2-0-tb-active-flex-2022-1532435060
1532435071,BMW 320I 320i 2026,314900,BMW,320I,320i,2026,1160,Flex,Automático,Preto,SP,Campinas,Jardim Nossa Senhora Auxiliadora,N/A,19,N/A,Não,Não,"air bag, ar condicionado, câmera de ré, rodas de liga leve, sensor de ré",https://sp.olx.com.br/grande-campinas/autos-e-pecas/carros-vans-e-utilitarios/bmw-320i-320i-2026-1532435071
1522825086,BMW 330E M Sport 2.0 Turbo Híbrido AU 2022,228999,BMW,330E,M Sport 2.0 Turbo Híbrido AU,2022,42000,Gasolina,Automático,N/A,SP,São Paulo,Água Branca,N/A,11,N/A,Não,Não,"air bag, ar condicionado, alarme, bancos de couro, câmera de ré, computador de bordo, conexão usb, controle automático de velocidade, navegador gps, rodas de liga leve, sensor de ré, som, teto solar, trava elétrica, vidro elétrico, volante multifuncional",https://sp.olx.com.br/sao-paulo-e-regiao/autos-e-pecas/carros-vans-e-utilitarios/bmw-330e-m-sport-2-0-turbo-hibrido-au-2022-1522825086
1532433286,BMW X1 Sdrive 20I 2.0/2.0 TB Acti.flex Aut. 2020,129900,BMW,X1,Sdrive 20I 2.0/2.0 TB Acti.flex Aut.,2020,64000,Flex,Automático,Preto,SP,Jundiaí,Vila Loureiro,N/A,11,Sim,Sim,Não,"air bag, ar condicionado, alarme, bancos de couro, câmera de ré, computador de bordo, conexão usb, controle automático de velocidade, navegador gps, rodas de liga leve, sensor de ré, trava elétrica, vidro elétrico, volante multifuncional",https://sp.olx.com.br/sao-paulo-e-regiao/autos-e-pecas/carros-vans-e-utilitarios/bmw-x1-sdrive-20i-2-0-2-0-tb-acti-flex-aut-2020-1532433286
1507849191,BMW 320I A 2.0 Turbo/activeflex 16V 184cv 4P 2023,217890,BMW,320I,A 2.0 Turbo/activeflex 16V 184cv 4P,2023,39353,Flex,Automático,Cinza,SP,Bauru,Vila Regina,N/A,14,Sim,Sim,Não,"air bag, ar condicionado, alarme, bancos de couro, câmera de ré, computador de bordo, conexão usb, controle automático de velocidade, navegador gps, rodas de liga leve, sensor de ré, som, trava elétrica, vidro elétrico, volante multifuncional",https://sp.olx.com.br/regiao-de-bauru-e-marilia/autos-e-pecas/carros-vans-e-utilitarios/bmw-320i-a-2-0-turbo-activeflex-16v-184cv-4p-2023-1507849191
1526304052,BMW 320I A Modern/sport TB 2.0/a.flex 16V 4P 2022,187720,BMW,320I,A Modern/sport TB 2.0/a.flex 16V 4P,2022,57000,Flex,Automático,Preto,SP,São Bernardo do Campo,Anchieta,N/A,11,N/A,Sim,Não,"air bag, ar condicionado, alarme, bancos de couro, câmera de ré, computador de bordo, conexão usb, controle automático de velocidade, interface bluetooth, navegador gps, rodas de liga leve, sensor de ré, som, teto solar, trava elétrica, vidro elétrico, volante multifuncional",https://sp.olx.com.br/sao-paulo-e-regiao/autos-e-pecas/carros-vans-e-utilitarios/bmw-320i-a-modern-sport-tb-2-0-a-flex-16v-4p-2022-1526304052
1522405832,BMW 320I A Modern/sport TB 2.0/a.flex 16V 4P 2020,170000,BMW,320I,A Modern/sport TB 2.0/a.flex 16V 4P,2020,112000,Gasolina,Automático,Branco,SP,Serrana,Jardim Iara,N/A,16,Não,Sim,Não,"air bag, ar condicionado, alarme, bancos de couro, câmera de ré, computador de bordo, conexão usb, controle automático de velocidade, rodas de liga leve, sensor de ré, trava elétrica, vidro elétrico, volante multifuncional",https://sp.olx.com.br/regiao-de-ribeirao-preto/autos-e-pecas/carros-vans-e-utilitarios/bmw-320i-a-modern-sport-tb-2-0-a-flex-16v-4p-2020-1522405832
1524780972,BMW 330E M Sport 2.0 Turbo Híbrido AU 2022,235900,BMW,330E,M Sport 2.0 Turbo Híbrido AU,2022,48000,Híbrido,Automático,Azul,SP,São Paulo,Vila Andrade,N/A,11,Não,Sim,Não,"air bag, ar condicionado, alarme, bancos de couro, câmera de ré, computador de bordo, conexão usb, controle automático de velocidade, navegador gps, rodas de liga leve, sensor de ré, som, teto solar, trava elétrica, vidro elétrico, volante multifuncional",https://sp.olx.com.br/sao-paulo-e-regiao/autos-e-pecas/carros-vans-e-utilitarios/bmw-330e-m-sport-2-0-turbo-hibrido-au-2022-1524780972
1532423775,BMW 320I A 2.0 Turbo/activeflex 16V 184cv 4P 2022,189900,BMW,320I,A 2.0 Turbo/activeflex 16V 184cv 4P,2022,59000,Flex,Automático,Preto,SP,Presidente Prudente,Jardim Cambuy,N/A,18,Não,Sim,Não,"air bag, ar condicionado, alarme, bancos de couro, câmera de ré, computador de bordo, conexão usb, controle automático de velocidade, navegador gps, rodas de liga leve, sensor de ré, som, trava elétrica, vidro elétrico, volante multifuncional",https://sp.olx.com.br/regiao-de-presidente-prudente/autos-e-pecas/carros-vans-e-utilitarios/bmw-320i-a-2-0-turbo-activeflex-16v-184cv-4p-2022-1532423775
1524334354,BMW X1 Sdrive 20I M Sport 2.0 TB Aut. 2023,259900,BMW,X1,Sdrive 20I M Sport 2.0 TB Aut.,2023,46000,Gasolina,Automático,Prata,SP,Ribeirão Preto,Jardim Macedo,N/A,16,Não,Não,Não,"air bag, ar condicionado, alarme, bancos de couro, câmera de ré, computador de bordo, conexão usb, controle automático de velocidade, navegador gps, rodas de liga leve, sensor de ré, som, teto solar, trava elétrica, vidro elétrico, volante multifuncional",https://sp.olx.com.br/regiao-de-ribeirao-preto/autos-e-pecas/carros-vans-e-utilitarios/bmw-x1-sdrive-20i-m-sport-2-0-tb-aut-2023-1524334354
1388689686,BMW X5 Xdrive 50E 3.0 M Sport Aut. (hibrido) 2024,470000,BMW,X5,Xdrive 50E 3.0 M Sport Aut. (hibrido),2024,37000,Híbrido,Automático,Preto,SP,Limeira,Centro,N/A,19,Não,Não,Não,"air bag, ar condicionado, alarme, bancos de couro, câmera de ré, computador de bordo, conexão usb, controle automático de velocidade, navegador gps, rodas de liga leve, sensor de ré, som, teto solar, tração 4x4, trava elétrica, vidro elétrico, volante multifuncional",https://sp.olx.com.br/grande-campinas/autos-e-pecas/carros-vans-e-utilitarios/bmw-x5-xdrive-50e-3-0-m-sport-aut-hibrido-2024-1388689686
1529918412,BMW 218I Gran Coupe Sport GP 1.5 Bi-turbo 2023,188900,BMW,218I,Gran Coupe Sport GP 1.5 Bi-turbo,2023,42000,Gasolina,Automático,Preto,SP,Sorocaba,Jardim Faculdade,N/A,15,N/A,Sim,Não,"air bag, ar condicionado, alarme, câmera de ré, computador de bordo, conexão usb, controle automático de velocidade, navegador gps, rodas de liga leve, sensor de ré, teto solar, trava elétrica, vidro elétrico, volante multifuncional",https://sp.olx.com.br/regiao-de-sorocaba/autos-e-pecas/carros-vans-e-utilitarios/bmw-218i-gran-coupe-sport-gp-1-5-bi-turbo-2023-1529918412
1471490705,BMW 320I A 2.0 TB M Sport Activeflex 16V 4P 2024,285000,BMW,320I,A 2.0 TB M Sport Activeflex 16V 4P,2024,40646,Flex,Automático,Branco,SP,Marília,Jardim Acapulco,N/A,14,Não,Não,Não,"air bag, ar condicionado, alarme, bancos de couro, câmera de ré, computador de bordo, conexão usb, controle automático de velocidade, navegador gps, rodas de liga leve, sensor de ré, som, teto solar, trava elétrica, vidro elétrico, volante multifuncional",https://sp.olx.com.br/regiao-de-bauru-e-marilia/autos-e-pecas/carros-vans-e-utilitarios/bmw-320i-a-2-0-tb-m-sport-activeflex-16v-4p-2024-1471490705
1532414137,BMW X6 M Competition 4.4 V8 Bi-TB 625cv AUT 2023,630000,BMW,X6,M Competition 4.4 V8 Bi-TB 625cv AUT,2023,41000,Gasolina,Automático,Cinza,SP,Araçoiaba da Serra,,N/A,15,Não,Não,Não,"air bag, ar condicionado, alarme, bancos de couro, câmera de ré, computador de bordo, conexão usb, controle automático de velocidade, navegador gps, rodas de liga leve, sensor de ré, som, teto solar, tração 4x4, trava elétrica, vidro elétrico, volante multifuncional",https://sp.olx.com.br/regiao-de-sorocaba/autos-e-pecas/carros-vans-e-utilitarios/bmw-x6-m-competition-4-4-v8-bi-tb-625cv-aut-2023-1532414137
1518636213,BMW X3 M40i 3.0 Turbo V6 360cv Aut. 2022,339000,BMW,X3,M40i 3.0 Turbo V6 360cv Aut.,2022,76000,Gasolina,Automático,Preto,SP,São José do Rio Preto,Pinheiros,N/A,17,N/A,Sim,Não,"air bag, ar condicionado, alarme, bancos de couro, câmera de ré, computador de bordo, conexão usb, controle automático de velocidade, navegador gps, rodas de liga leve, sensor de ré, som, teto solar, tração 4x4, trava elétrica, vidro elétrico, volante multifuncional",https://sp.olx.com.br/regiao-de-sao-jose-do-rio-preto/autos-e-pecas/carros-vans-e-utilitarios/bmw-x3-m40i-3-0-turbo-v6-360cv-aut-2022-1518636213
1523879148,BMW 320I A 2.0 TB M Sport Activeflex 16V 4P 2022,205990,BMW,320I,A 2.0 TB M Sport Activeflex 16V 4P,2022,77000,Flex,Automático,Azul,SP,Campinas,Jardim Leonor,N/A,19,Sim,Sim,Não,"air bag, ar condicionado, alarme, bancos de couro, câmera de ré, computador de bordo, conexão usb, controle automático de velocidade, interface bluetooth, navegador gps, rodas de liga leve, sensor de ré, teto solar, trava elétrica, vidro elétrico, volante multifuncional",https://sp.olx.com.br/grande-campinas/autos-e-pecas/carros-vans-e-utilitarios/bmw-320i-a-2-0-tb-m-sport-activeflex-16v-4p-2022-1523879148
1529001159,BMW X1 Sdrive 20I 2.0/2.0 TB Acti.flex Aut. 2022,146000,BMW,X1,Sdrive 20I 2.0/2.0 TB Acti.flex Aut.,2022,80000,Flex,Automático,Preto,SP,Sorocaba,Parque Campolim,N/A,15,Sim,Sim,Não,"air bag, ar condicionado, alarme, bancos de couro, câmera de ré, computador de bordo, conexão usb, controle automático de velocidade, navegador gps, rodas de liga leve, sensor de ré, trava elétrica, vidro elétrico, volante multifuncional",https://sp.olx.com.br/regiao-de-sorocaba/autos-e-pecas/carros-vans-e-utilitarios/bmw-x1-sdrive-20i-2-0-2-0-tb-acti-flex-aut-2022-1529001159
1496582679,BMW X1 Sdrive 20I M S. 2.0 25 Anos TB Flex 2021,183900,BMW,X1,Sdrive 20I M S. 2.0 25 Anos TB Flex,2021,79900,Flex,Automático,Preto,SP,Taubaté,Bel Recanto,N/A,12,Sim,Sim,Não,"air bag, ar condicionado, alarme, bancos de couro, câmera de ré, computador de bordo, conexão usb, controle automático de velocidade, navegador gps, rodas de liga leve, sensor de ré, teto solar, trava elétrica, vidro elétrico, volante multifuncional",https://sp.olx.com.br/vale-do-paraiba-e-litoral-norte/autos-e-pecas/carros-vans-e-utilitarios/bmw-x1-sdrive-20i-m-s-2-0-25-anos-tb-flex-2021-1496582679
1526305930,BMW 320I A Modern/sport TB 2.0/a.flex 16V 4P 2021,235000,BMW,320I,A Modern/sport TB 2.0/a.flex 16V 4P,2021,30000,Flex,Automático,Preto,SP,São Paulo,Vila Regente Feijó,N/A,11,Sim,Sim,Não,"air bag, ar condicionado, alarme, bancos de couro, blindado, câmera de ré, computador de bordo, conexão usb, controle automático de velocidade, interface bluetooth, navegador gps, rodas de liga leve, sensor de ré, som, teto solar, trava elétrica, vidro elétrico, volante multifuncional",https://sp.olx.com.br/sao-paulo-e-regiao/autos-e-pecas/carros-vans-e-utilitarios/bmw-320i-a-modern-sport-tb-2-0-a-flex-16v-4p-2021-1526305930
1455574812,BMW X3 Xdrive 30E X-line Turbo Híbrido AU 2024,319900,BMW,X3,Xdrive 30E X-line Turbo Híbrido AU,2024,59000,Híbrido,Automático,Azul,SP,São José dos Campos,Cidade Vista Verde,N/A,12,Sim,Não,Não,"air bag, ar condicionado, alarme, bancos de couro, câmera de ré, computador de bordo, conexão usb, controle automático de velocidade, navegador gps, rodas de liga leve, sensor de ré, som, teto solar, tração 4x4, trava elétrica, vidro elétrico, volante multifuncional",https://sp.olx.com.br/vale-do-paraiba-e-litoral-norte/autos-e-pecas/carros-vans-e-utilitarios/bmw-x3-xdrive-30e-x-line-turbo-hibrido-au-2024-1455574812
1522818381,BMW X4 Xdrive 30I M-sport 2.0 TB. 252cv AUT 2021,289900,BMW,X4,Xdrive 30I M-sport 2.0 TB. 252cv AUT,2021,54992,Gasolina,Automático,Branco,SP,São Paulo,Saúde,N/A,11,N/A,Não,Não,"air bag, ar condicionado, alarme, bancos de couro, blindado, câmera de ré, computador de bordo, conexão usb, controle automático de velocidade, navegador gps, rodas de liga leve, sensor de ré, teto solar, tração 4x4, trava elétrica, vidro elétrico, volante multifuncional",https://sp.olx.com.br/sao-paulo-e-regiao/autos-e-pecas/carros-vans-e-utilitarios/bmw-x4-xdrive-30i-m-sport-2-0-tb-252cv-aut-2021-1522818381
1530492744,BMW 320I A 2.0 Turbo/activeflex 16V 184cv 4P 2023,233790,BMW,320I,A 2.0 Turbo/activeflex 16V 184cv 4P,2023,16911,Gasolina,Automático,Azul,SP,São Paulo,Água Branca,N/A,11,Não,Sim,Não,"air bag, ar condicionado, alarme, bancos de couro, câmera de ré, computador de bordo, conexão usb, controle automático de velocidade, navegador gps, rodas de liga leve, sensor de ré, trava elétrica, vidro elétrico, volante multifuncional",https://sp.olx.com.br/sao-paulo-e-regiao/autos-e-pecas/carros-vans-e-utilitarios/bmw-320i-a-2-0-turbo-activeflex-16v-184cv-4p-2023-1530492744
1529487401,BMW 320I A 2.0 TB M Sport Activeflex 16V 4P 2025,325970,BMW,320I,A 2.0 TB M Sport Activeflex 16V 4P,2025,19000,Flex,Automático,Cinza,SP,São Paulo,Indianópolis,N/A,11,Sim,Sim,Não,"air bag, ar condicionado, alarme, bancos de couro, câmera de ré, computador de bordo, conexão usb, controle automático de velocidade, interface bluetooth, navegador gps, rodas de liga leve, sensor de ré, som, teto solar, trava elétrica, vidro elétrico, volante multifuncional",https://sp.olx.com.br/sao-paulo-e-regiao/autos-e-pecas/carros-vans-e-utilitarios/bmw-320i-a-2-0-tb-m-sport-activeflex-16v-4p-2025-1529487401
1525327295,BMW X4 Xdrive 30I M-sport 2.0 TB. 252cv AUT 2024,360990,BMW,X4,Xdrive 30I M-sport 2.0 TB. 252cv AUT,2024,47000,Gasolina,Automático,Branco,SP,São José do Rio Preto,Quinta do Lago Residence,N/A,17,Não,Sim,Não,"air bag, ar condicionado, alarme, bancos de couro, câmera de ré, computador de bordo, conexão usb, controle automático de velocidade, navegador gps, rodas de liga leve, sensor de ré, som, teto solar, tração 4x4, trava elétrica, vidro elétrico, volante multifuncional",https://sp.olx.com.br/regiao-de-sao-jose-do-rio-preto/autos-e-pecas/carros-vans-e-utilitarios/bmw-x4-xdrive-30i-m-sport-2-0-tb-252cv-aut-2024-1525327295
1528737056,BMW X1 Sdrive 20I X-line 2.0 TB Active Flex 2020,154500,BMW,X1,Sdrive 20I X-line 2.0 TB Active Flex,2020,59500,Flex,Automático,Preto,SP,São Paulo,Perdizes,N/A,11,Não,Sim,Não,"air bag, ar condicionado, alarme, bancos de couro, câmera de ré, computador de bordo, conexão usb, controle automático de velocidade, interface bluetooth, navegador gps, rodas de liga leve, sensor de ré, som, teto solar, trava elétrica, vidro elétrico, volante multifuncional",https://sp.olx.com.br/sao-paulo-e-regiao/autos-e-pecas/carros-vans-e-utilitarios/bmw-x1-sdrive-20i-x-line-2-0-tb-active-flex-2020-1528737056
1532321487,BMW 320I A 2.0 TB M Sport Activeflex 16V 4P 2026,339900,BMW,320I,A 2.0 TB M Sport Activeflex 16V 4P,2026,5400,Flex,Automático,Preto,SP,Vinhedo,Centro,N/A,19,N/A,Não,Não,N/A,https://sp.olx.com.br/grande-campinas/autos-e-pecas/carros-vans-e-utilitarios/bmw-320i-a-2-0-tb-m-sport-activeflex-16v-4p-2026-1532321487
1520565028,BMW 320I A Modern/sport TB 2.0/a.flex 16V 4P 2020,177900,BMW,320I,A Modern/sport TB 2.0/a.flex 16V 4P,2020,46000,Gasolina,Automático,Branco,SP,Sorocaba,Parque Campolim,N/A,15,Não,Sim,Não,"air bag, ar condicionado, alarme, bancos de couro, câmera de ré, computador de bordo, conexão usb, controle automático de velocidade, interface bluetooth, rodas de liga leve, sensor de ré, som, teto solar, trava elétrica, vidro elétrico, volante multifuncional",https://sp.olx.com.br/regiao-de-sorocaba/autos-e-pecas/carros-vans-e-utilitarios/bmw-320i-a-modern-sport-tb-2-0-a-flex-16v-4p-2020-1520565028
1530885513,BMW 320I A Modern/sport TB 2.0/a.flex 16V 4P 2021,164990,BMW,320I,A Modern/sport TB 2.0/a.flex 16V 4P,2021,77000,Flex,Automático,Cinza,SP,Campinas,São Bernardo,N/A,19,Não,Sim,Não,"air bag, ar condicionado, alarme, bancos de couro, câmera de ré, computador de bordo, conexão usb, controle automático de velocidade, interface bluetooth, navegador gps, rodas de liga leve, sensor de ré, som, teto solar, trava elétrica, vidro elétrico, volante multifuncional",https://sp.olx.com.br/grande-campinas/autos-e-pecas/carros-vans-e-utilitarios/bmw-320i-a-modern-sport-tb-2-0-a-flex-16v-4p-2021-1530885513
1529821507,BMW X3 Xdrive 30E X-line Turbo Híbrido AU 2022,239900,BMW,X3,Xdrive 30E X-line Turbo Híbrido AU,2022,70000,Híbrido,Automático,Cinza,SP,São Paulo,Água Fria,N/A,11,Não,Sim,Não,"air bag, ar condicionado, alarme, bancos de couro, câmera de ré, computador de bordo, conexão usb, controle automático de velocidade, navegador gps, rodas de liga leve, sensor de ré, som, teto solar, tração 4x4, trava elétrica, vidro elétrico, volante multifuncional",https://sp.olx.com.br/sao-paulo-e-regiao/autos-e-pecas/carros-vans-e-utilitarios/bmw-x3-xdrive-30e-x-line-turbo-hibrido-au-2022-1529821507
1492837845,BMW M3 Competition M 3.0 Bi-TB 510cv 2022,560000,BMW,M3,Competition M 3.0 Bi-TB 510cv,2022,48000,Gasolina,Automático,Preto,SP,São Paulo,Vila Nova Conceição,N/A,11,Não,Sim,Não,"air bag, ar condicionado, alarme, bancos de couro, blindado, câmera de ré, computador de bordo, conexão usb, controle automático de velocidade, interface bluetooth, navegador gps, rodas de liga leve, sensor de ré, som, trava elétrica, vidro elétrico, volante multifuncional",https://sp.olx.com.br/sao-paulo-e-regiao/autos-e-pecas/carros-vans-e-utilitarios/bmw-m3-competition-m-3-0-bi-tb-510cv-2022-1492837845
1532301643,BMW X4 M40i 3.0 M Sport Edit V6 Turbo Aut. 2022,407900,BMW,X4,M40i 3.0 M Sport Edit V6 Turbo Aut.,2022,48000,Gasolina,Automático,Cinza,SP,São Paulo,Vila Leopoldina,N/A,11,Não,Sim,Não,"air bag, ar condicionado, alarme, bancos de couro, blindado, câmera de ré, computador de bordo, conexão usb, controle automático de velocidade, navegador gps, rodas de liga leve, sensor de ré, som, teto solar, tração 4x4, trava elétrica, vidro elétrico, volante multifuncional",https://sp.olx.com.br/sao-paulo-e-regiao/autos-e-pecas/carros-vans-e-utilitarios/bmw-x4-m40i-3-0-m-sport-edit-v6-turbo-aut-2022-1532301643
1532296066,BMW 320I A 2.0 TB M Sport Activeflex 16V 4P 2023,254000,BMW,320I,A 2.0 TB M Sport Activeflex 16V 4P,2023,36525,Flex,Automático,Branco,SP,Barra Bonita,Centro,N/A,14,Sim,Sim,Não,"air bag, ar condicionado, alarme, bancos de couro, câmera de ré, computador de bordo, conexão usb, controle automático de velocidade, interface bluetooth, navegador gps, rodas de liga leve, sensor de ré, som, teto solar, trava elétrica, vidro elétrico, volante multifuncional",https://sp.olx.com.br/regiao-de-bauru-e-marilia/autos-e-pecas/carros-vans-e-utilitarios/bmw-320i-a-2-0-tb-m-sport-activeflex-16v-4p-2023-1532296066
1532287468,BMW X1 Sdrive 20I 2.0/2.0 TB Acti.flex Aut. 2020,129900,BMW,X1,Sdrive 20I 2.0/2.0 TB Acti.flex Aut.,2020,85000,Flex,Automático,N/A,SP,Campinas,Centro,N/A,19,Não,Sim,Sim,"air bag, ar condicionado, alarme, bancos de couro, câmera de ré, computador de bordo, conexão usb, controle automático de velocidade, interface bluetooth, navegador gps, rodas de liga leve, sensor de ré, som, trava elétrica, vidro elétrico, volante multifuncional",https://sp.olx.com.br/grande-campinas/autos-e-pecas/carros-vans-e-utilitarios/bmw-x1-sdrive-20i-2-0-2-0-tb-acti-flex-aut-2020-1532287468
1489122451,BMW X1 Sdrive 20I 2.0/2.0 TB Acti.flex Aut. 2022,162890,BMW,X1,Sdrive 20I 2.0/2.0 TB Acti.flex Aut.,2022,54000,Flex,Automático,Branco,SP,São José dos Campos,Jardim Satélite,N/A,12,N/A,Não,Não,"air bag, ar condicionado, alarme, bancos de couro, câmera de ré, computador de bordo, conexão usb, controle automático de velocidade, interface bluetooth, navegador gps, rodas de liga leve, sensor de ré, som, trava elétrica, vidro elétrico, volante multifuncional",https://sp.olx.com.br/vale-do-paraiba-e-litoral-norte/autos-e-pecas/carros-vans-e-utilitarios/bmw-x1-sdrive-20i-2-0-2-0-tb-acti-flex-aut-2022-1489122451
1532261613,BMW X3 Xdrive 30E M Sport Turbo Híbrido Aut. 2024,310000,BMW,X3,Xdrive 30E M Sport Turbo Híbrido Aut.,2024,47000,Gasolina,Automático,Cinza,SP,Ribeirão Preto,Condomínio Itamaraty,N/A,16,N/A,Não,Não,"air bag, ar condicionado, alarme, bancos de couro, câmera de ré, computador de bordo, conexão usb, controle automático de velocidade, navegador gps, rodas de liga leve, sensor de ré, som, teto solar, tração 4x4, trava elétrica, vidro elétrico, volante multifuncional",https://sp.olx.com.br/regiao-de-ribeirao-preto/autos-e-pecas/carros-vans-e-utilitarios/bmw-x3-xdrive-30e-m-sport-turbo-hibrido-aut-2024-1532261613
1532258755,BMW X1 Sdrive 20I M Sport 2.0 TB Aut. 2026,338800,BMW,X1,Sdrive 20I M Sport 2.0 TB Aut.,2026,1000,Gasolina,Automático,N/A,SP,São Paulo,Mooca,N/A,11,N/A,Não,Não,"air bag, air bag, ar condicionado, trava elétrica, vidro elétrico",https://sp.olx.com.br/sao-paulo-e-regiao/autos-e-pecas/carros-vans-e-utilitarios/bmw-x1-sdrive-20i-m-sport-2-0-tb-aut-2026-1532258755
1532251441,BMW X5 Xdrive 30D 3.0 258cv Diesel 2020,324990,BMW,X5,Xdrive 30D 3.0 258cv Diesel,2020,76552,Diesel,Automático,Preto,SP,São Paulo,Vila Regente Feijó,N/A,11,N/A,Não,Não,"air bag, ar condicionado, alarme, bancos de couro, câmera de ré, computador de bordo, conexão usb, controle automático de velocidade, navegador gps, rodas de liga leve, sensor de ré, teto solar, tração 4x4, trava elétrica, vidro elétrico, volante multifuncional",https://sp.olx.com.br/sao-paulo-e-regiao/autos-e-pecas/carros-vans-e-utilitarios/bmw-x5-xdrive-30d-3-0-258cv-diesel-2020-1532251441
1532249517,BMW 218I Gran Coupe Sport GP 1.5 Bi-turbo 2023,187900,BMW,218I,Gran Coupe Sport GP 1.5 Bi-turbo,2023,42000,Gasolina,,Preto,SP,Sorocaba,Jardim Vergueiro,N/A,15,Não,Não,Não,"air bag, ar condicionado, alarme, câmera de ré, computador de bordo, conexão usb, controle automático de velocidade, navegador gps, rodas de liga leve, sensor de ré, som, teto solar, trava elétrica, vidro elétrico, volante multifuncional",https://sp.olx.com.br/regiao-de-sorocaba/autos-e-pecas/carros-vans-e-utilitarios/bmw-218i-gran-coupe-sport-gp-1-5-bi-turbo-2023-1532249517
1532247475,BMW 320I A 2.0 TB M Sport Activeflex 16V 4P 2023,269900,BMW,320I,A 2.0 TB M Sport Activeflex 16V 4P,2023,26384,Flex,Automático,Cinza,SP,Jundiaí,Recanto Quarto Centenário,N/A,11,N/A,Não,Não,"air bag, ar condicionado, alarme, bancos de couro, câmera de ré, computador de bordo, conexão usb, controle automático de velocidade, navegador gps, rodas de liga leve, sensor de ré, som, teto solar, trava elétrica, vidro elétrico, volante multifuncional",https://sp.olx.com.br/sao-paulo-e-regiao/autos-e-pecas/carros-vans-e-utilitarios/bmw-320i-a-2-0-tb-m-sport-activeflex-16v-4p-2023-1532247475
1532245259,BMW X2 Sdrive 20I 2.0 TB 16V 192cv AUT 2020,169900,BMW,X2,Sdrive 20I 2.0 TB 16V 192cv AUT,2020,22000,Flex,Automático,Azul,SP,São Paulo,Vila Graciosa,N/A,11,Não,Não,Não,"air bag, ar condicionado, alarme, bancos de couro, câmera de ré, computador de bordo, conexão usb, controle automático de velocidade, navegador gps, rodas de liga leve, sensor de ré, teto solar, trava elétrica, vidro elétrico, volante multifuncional",https://sp.olx.com.br/sao-paulo-e-regiao/autos-e-pecas/carros-vans-e-utilitarios/bmw-x2-sdrive-20i-2-0-tb-16v-192cv-aut-2020-1532245259
1499601715,BMW X1 Sdrive 20I X-line 2.0 TB Active Flex 2022,174990,BMW,X1,Sdrive 20I X-line 2.0 TB Active Flex,2022,67041,Flex,Automático,Azul,SP,São Paulo,Vila Nancy,N/A,11,Não,Sim,Não,"air bag, ar condicionado, alarme, bancos de couro, câmera de ré, computador de bordo, conexão usb, controle automático de velocidade, interface bluetooth, navegador gps, rodas de liga leve, sensor de ré, som, teto solar, trava elétrica, vidro elétrico, volante multifuncional",https://sp.olx.com.br/sao-paulo-e-regiao/autos-e-pecas/carros-vans-e-utilitarios/bmw-x1-sdrive-20i-x-line-2-0-tb-active-flex-2022-1499601715
1532219484,BMW X5 Xdrive 45E 3.0 M.sport Híbrido AU 2023,429000,BMW,X5,Xdrive 45E 3.0 M.sport Híbrido AU,2023,45000,Híbrido,Automático,Branco,SP,São Caetano do Sul,Santo Antônio,N/A,11,Não,Sim,Não,"air bag, ar condicionado, alarme, bancos de couro, blindado, câmera de ré, computador de bordo, conexão usb, controle automático de velocidade, navegador gps, rodas de liga leve, sensor de ré, som, teto solar, tração 4x4, trava elétrica, vidro elétrico, volante multifuncional",https://sp.olx.com.br/sao-paulo-e-regiao/autos-e-pecas/carros-vans-e-utilitarios/bmw-x5-xdrive-45e-3-0-m-sport-hibrido-au-2023-1532219484
1532207974,BMW 320I A Modern/sport TB 2.0/a.flex 16V 4P 2024,264999,BMW,320I,A Modern/sport TB 2.0/a.flex 16V 4P,2024,37350,Flex,Automático,Cinza,SP,Santana de Parnaíba,Tarumã,N/A,11,Não,N/A,N/A,"air bag, ar condicionado, alarme, bancos de couro, câmera de ré, computador de bordo, conexão usb, controle automático de velocidade, navegador gps, rodas de liga leve, sensor de ré, teto solar, trava elétrica, vidro elétrico, volante multifuncional",https://sp.olx.com.br/sao-paulo-e-regiao/autos-e-pecas/carros-vans-e-utilitarios/bmw-320i-a-modern-sport-tb-2-0-a-flex-16v-4p-2024-1532207974
1532201359,BMW 320I A 2.0 TB M Sport Activeflex 16V 4P 2025,315990,BMW,320I,A 2.0 TB M Sport Activeflex 16V 4P,2025,21850,Flex,Automático,Branco,SP,São Caetano do Sul,Santa Paula,N/A,11,Sim,Sim,Não,"air bag, ar condicionado, alarme, bancos de couro, câmera de ré, computador de bordo, conexão usb, controle automático de velocidade, interface bluetooth, navegador gps, rodas de liga leve, sensor de ré, som, teto solar, trava elétrica, vidro elétrico, volante multifuncional",https://sp.olx.com.br/sao-paulo-e-regiao/autos-e-pecas/carros-vans-e-utilitarios/bmw-320i-a-2-0-tb-m-sport-activeflex-16v-4p-2025-1532201359
1532200209,BMW 320I A 2.0 TB M Sport Activeflex 16V 4P 2025,314900,BMW,320I,A 2.0 TB M Sport Activeflex 16V 4P,2025,18000,Flex,Automático,Branco,SP,Barueri,Green Valley Alphaville,N/A,11,Sim,Sim,Não,"air bag, ar condicionado, alarme, bancos de couro, câmera de ré, computador de bordo, conexão usb, controle automático de velocidade, interface bluetooth, navegador gps, rodas de liga leve, sensor de ré, teto solar, trava elétrica, vidro elétrico, volante multifuncional",https://sp.olx.com.br/sao-paulo-e-regiao/autos-e-pecas/carros-vans-e-utilitarios/bmw-320i-a-2-0-tb-m-sport-activeflex-16v-4p-2025-1532200209
1513827431,BMW 320I A 2.0 TB M Sport Activeflex 16V 4P 2026,339999,BMW,320I,A 2.0 TB M Sport Activeflex 16V 4P,2026,10500,N/A,,Branco,SP,São Carlos,Parque Fehr,N/A,16,Sim,Não,Sim,"air bag, ar condicionado, alarme, bancos de couro, câmera de ré, computador de bordo, conexão usb, controle automático de velocidade, interface bluetooth, navegador gps, rodas de liga leve, sensor de ré, som, teto solar, trava elétrica, vidro elétrico, volante multifuncional",https://sp.olx.com.br/regiao-de-ribeirao-preto/autos-e-pecas/carros-vans-e-utilitarios/bmw-320i-a-2-0-tb-m-sport-activeflex-16v-4p-2026-1513827431
1521518136,BMW 320I A GT Sport 2.0 Turbo 16V 184cv 5P 2023,251300,BMW,320I,A GT Sport 2.0 Turbo 16V 184cv 5P,2023,53643,Flex,Automático,Branco,SP,São Paulo,Saúde,N/A,11,Não,Sim,Não,"ar condicionado, alarme, sensor de ré, sensor de ré, trava elétrica, vidro elétrico, vidro elétrico",https://sp.olx.com.br/sao-paulo-e-regiao/autos-e-pecas/carros-vans-e-utilitarios/bmw-320i-a-gt-sport-2-0-turbo-16v-184cv-5p-2023-1521518136
1532132249,BMW X3 M50 Xdrive 3.0 V6 Aut. (híbrido) 2025,689790,BMW,X3,M50 Xdrive 3.0 V6 Aut. (híbrido),2025,6561,Híbrido,Automático,Outra,SP,Santo André,Vila Assunção,N/A,11,Sim,Não,Não,"air bag, ar condicionado, alarme, bancos de couro, blindado, câmera de ré, computador de bordo, conexão usb, controle automático de velocidade, navegador gps, rodas de liga leve, sensor de ré, som, teto solar, tração 4x4, trava elétrica, vidro elétrico, volante multifuncional",https://sp.olx.com.br/sao-paulo-e-regiao/autos-e-pecas/carros-vans-e-utilitarios/bmw-x3-m50-xdrive-3-0-v6-aut-hibrido-2025-1532132249
1532084589,BMW X1 Sdrive 20I 2.0/2.0 TB Acti.flex Aut. 2021,138900,BMW,X1,Sdrive 20I 2.0/2.0 TB Acti.flex Aut.,2021,131000,Flex,Automático,Preto,SP,Sorocaba,Além Ponte,N/A,15,Não,Não,Sim,"air bag, ar condicionado, alarme, bancos de couro, câmera de ré, computador de bordo, conexão usb, controle automático de velocidade, navegador gps, rodas de liga leve, sensor de ré, trava elétrica, vidro elétrico, volante multifuncional",https://sp.olx.com.br/regiao-de-sorocaba/autos-e-pecas/carros-vans-e-utilitarios/bmw-x1-sdrive-20i-2-0-2-0-tb-acti-flex-aut-2021-1532084589
1532095343,BMW X3 Xdrive 30E Turbo Híbrido AUT 2021,239900,BMW,X3,Xdrive 30E Turbo Híbrido AUT,2021,90000,Gasolina,Automático,Cinza,SP,São José dos Campos,Vila Industrial,N/A,12,Não,Não,Não,"air bag, ar condicionado, alarme, bancos de couro, câmera de ré, computador de bordo, conexão usb, controle automático de velocidade, navegador gps, rodas de liga leve, sensor de ré, teto solar, tração 4x4, trava elétrica, vidro elétrico, volante multifuncional",https://sp.olx.com.br/vale-do-paraiba-e-litoral-norte/autos-e-pecas/carros-vans-e-utilitarios/bmw-x3-xdrive-30e-turbo-hibrido-aut-2021-1532095343
1522528609,BMW X3 M40i 3.0 M Sport Edit. V6 Turbo Aut. 2022,348900,BMW,X3,M40i 3.0 M Sport Edit. V6 Turbo Aut.,2022,60000,Gasolina,Automático,Preto,SP,Campinas,Vila Nova,N/A,19,Não,Não,Não,"air bag, ar condicionado, alarme, bancos de couro, câmera de ré, computador de bordo, conexão usb, controle automático de velocidade, navegador gps, rodas de liga leve, sensor de ré, som, teto solar, tração 4x4, trava elétrica, vidro elétrico, volante multifuncional",https://sp.olx.com.br/grande-campinas/autos-e-pecas/carros-vans-e-utilitarios/bmw-x3-m40i-3-0-m-sport-edit-v6-turbo-aut-2022-1522528609
1532088854,BMW X1 Sdrive 20I M Sport 2.0 TB Aut. 2023,349900,BMW,X1,Sdrive 20I M Sport 2.0 TB Aut.,2023,27660,Gasolina,Automático,Preto,SP,São Paulo,Imirim,N/A,11,Sim,Sim,Não,"air bag, ar condicionado, alarme, bancos de couro, blindado, câmera de ré, computador de bordo, conexão usb, controle automático de velocidade, navegador gps, rodas de liga leve, sensor de ré, som, teto solar, trava elétrica, vidro elétrico, volante multifuncional",https://sp.olx.com.br/sao-paulo-e-regiao/autos-e-pecas/carros-vans-e-utilitarios/bmw-x1-sdrive-20i-m-sport-2-0-tb-aut-2023-1532088854
1532084584,BMW X1 Sdrive 20I 2.0/2.0 TB Acti.flex Aut. 2021,138900,BMW,X1,Sdrive 20I 2.0/2.0 TB Acti.flex Aut.,2021,131000,Flex,Automático,Preto,SP,Sorocaba,Além Ponte,N/A,15,Não,Não,Sim,"air bag, ar condicionado, alarme, bancos de couro, câmera de ré, computador de bordo, conexão usb, controle automático de velocidade, navegador gps, rodas de liga leve, sensor de ré, trava elétrica, vidro elétrico, volante multifuncional",https://sp.olx.com.br/regiao-de-sorocaba/autos-e-pecas/carros-vans-e-utilitarios/bmw-x1-sdrive-20i-2-0-2-0-tb-acti-flex-aut-2021-1532084584
1486461579,BMW X6 Xdrive 40I M Sport 3.0 Bi-TB (hib.) 2025,799900,BMW,X6,Xdrive 40I M Sport 3.0 Bi-TB (hib.),2025,19000,Híbrido,Automático,Cinza,SP,Santos,Vila Mathias,N/A,13,N/A,Não,Não,"air bag, ar condicionado, alarme, bancos de couro, câmera de ré, computador de bordo, conexão usb, controle automático de velocidade, interface bluetooth, navegador gps, rodas de liga leve, sensor de ré, som, teto solar, tração 4x4, trava elétrica, vidro elétrico, volante multifuncional",https://sp.olx.com.br/baixada-santista-e-litoral-sul/autos-e-pecas/carros-vans-e-utilitarios/bmw-x6-xdrive-40i-m-sport-3-0-bi-tb-hib-2025-1486461579
1532083208,BMW X1 Sdrive 20I M Sport 2.0 TB Aut. 2025,288000,BMW,X1,Sdrive 20I M Sport 2.0 TB Aut.,2025,15000,Gasolina,Automático,Verde,SP,São José do Rio Preto,Jardim Maracanã,N/A,17,N/A,Não,Não,"air bag, ar condicionado, alarme, bancos de couro, câmera de ré, computador de bordo, conexão usb, controle automático de velocidade, navegador gps, rodas de liga leve, sensor de ré, som, teto solar, trava elétrica, vidro elétrico, volante multifuncional",https://sp.olx.com.br/regiao-de-sao-jose-do-rio-preto/autos-e-pecas/carros-vans-e-utilitarios/bmw-x1-sdrive-20i-m-sport-2-0-tb-aut-2025-1532083208
1532080318,BMW X1 Sdrive 20I M Sport 2.0 TB Aut. 2025,399900,BMW,X1,Sdrive 20I M Sport 2.0 TB Aut.,2025,37000,Gasolina,Automático,Preto,SP,São Paulo,Vila Leopoldina,N/A,11,Não,Sim,Não,"air bag, ar condicionado, alarme, bancos de couro, blindado, câmera de ré, computador de bordo, conexão usb, controle automático de velocidade, navegador gps, rodas de liga leve, sensor de ré, som, teto solar, trava elétrica, vidro elétrico, volante multifuncional",https://sp.olx.com.br/sao-paulo-e-regiao/autos-e-pecas/carros-vans-e-utilitarios/bmw-x1-sdrive-20i-m-sport-2-0-tb-aut-2025-1532080318
1532079647,BMW 320I A Modern/sport TB 2.0/a.flex 16V 4P 2023,271900,BMW,320I,A Modern/sport TB 2.0/a.flex 16V 4P,2023,54000,Flex,Automático,Cinza,SP,Sorocaba,Vila Assis,N/A,15,N/A,Sim,Não,"air bag, ar condicionado, alarme, bancos de couro, câmera de ré, computador de bordo, conexão usb, controle automático de velocidade, navegador gps, rodas de liga leve, sensor de ré, teto solar, trava elétrica, vidro elétrico, volante multifuncional",https://sp.olx.com.br/regiao-de-sorocaba/autos-e-pecas/carros-vans-e-utilitarios/bmw-320i-a-modern-sport-tb-2-0-a-flex-16v-4p-2023-1532079647
1532076503,BMW X4 Xdrive 30I M-sport 2.0 TB. 252cv AUT 2023,329790,BMW,X4,Xdrive 30I M-sport 2.0 TB. 252cv AUT,2023,39900,Gasolina,Automático,Branco,SP,Santo André,Vila Assunção,N/A,11,Não,Não,Não,"air bag, ar condicionado, alarme, bancos de couro, câmera de ré, computador de bordo, conexão usb, controle automático de velocidade, navegador gps, rodas de liga leve, sensor de ré, som, teto solar, tração 4x4, trava elétrica, vidro elétrico, volante multifuncional",https://sp.olx.com.br/sao-paulo-e-regiao/autos-e-pecas/carros-vans-e-utilitarios/bmw-x4-xdrive-30i-m-sport-2-0-tb-252cv-aut-2023-1532076503
1532076349,BMW X1 Sdrive 20I 2.0/2.0 TB Acti.flex Aut. 2021,134900,BMW,X1,Sdrive 20I 2.0/2.0 TB Acti.flex Aut.,2021,59000,Flex,Automático,Branco,SP,São José do Rio Preto,Jardim Tarraf,N/A,17,Não,Não,Não,"air bag, ar condicionado, alarme, bancos de couro, câmera de ré, computador de bordo, conexão usb, controle automático de velocidade, navegador gps, rodas de liga leve, sensor de ré, som, trava elétrica, vidro elétrico, volante multifuncional",https://sp.olx.com.br/regiao-de-sao-jose-do-rio-preto/autos-e-pecas/carros-vans-e-utilitarios/bmw-x1-sdrive-20i-2-0-2-0-tb-acti-flex-aut-2021-1532076349
1532075793,BMW X1 Sdrive 20I X-line 2.0 TB Aut. 2026,329900,BMW,X1,Sdrive 20I X-line 2.0 TB Aut.,2026,26982,Flex,Automático,Preto,SP,São José dos Campos,Vila Industrial,N/A,12,Não,Não,Não,"ar condicionado, alarme, sensor de ré, sensor de ré, trava elétrica, vidro elétrico, vidro elétrico",https://sp.olx.com.br/vale-do-paraiba-e-litoral-norte/autos-e-pecas/carros-vans-e-utilitarios/bmw-x1-sdrive-20i-x-line-2-0-tb-aut-2026-1532075793
1532065806,BMW 330I M Sport 2.0 TB 16V 4P 2020,193980,BMW,330I,M Sport 2.0 TB 16V 4P,2020,64377,Gasolina,Automático,Branco,SP,Campinas,Jardim das Paineiras,N/A,19,Não,Sim,Não,"air bag, ar condicionado, alarme, bancos de couro, blindado, câmera de ré, computador de bordo, conexão usb, controle automático de velocidade, navegador gps, rodas de liga leve, sensor de ré, som, teto solar, trava elétrica, vidro elétrico, volante multifuncional",https://sp.olx.com.br/grande-campinas/autos-e-pecas/carros-vans-e-utilitarios/bmw-330i-m-sport-2-0-tb-16v-4p-2020-1532065806
1532024254,BMW 320I A 2.0 TB M Sport Activeflex 16V 4P 2020,218000,BMW,320I,A 2.0 TB M Sport Activeflex 16V 4P,2020,45000,Flex,Automático,Preto,SP,São Paulo,Parque Monteiro Soares,N/A,11,Sim,Sim,Não,"air bag, ar condicionado, alarme, bancos de couro, blindado, câmera de ré, computador de bordo, conexão usb, controle automático de velocidade, navegador gps, rodas de liga leve, sensor de ré, som, teto solar, trava elétrica, vidro elétrico, volante multifuncional",https://sp.olx.com.br/sao-paulo-e-regiao/autos-e-pecas/carros-vans-e-utilitarios/bmw-320i-a-2-0-tb-m-sport-activeflex-16v-4p-2020-1532024254
1531961855,BMW 320I A 2.0 TB M Sport Activeflex 16V 4P 2022,259000,BMW,320I,A 2.0 TB M Sport Activeflex 16V 4P,2022,29817,Flex,Automático,Cinza,SP,São Paulo,Saúde,N/A,11,N/A,Não,Não,"air bag, ar condicionado, alarme, blindado, câmera de ré, computador de bordo, conexão usb, controle automático de velocidade, navegador gps, rodas de liga leve, sensor de ré, teto solar, trava elétrica, vidro elétrico, volante multifuncional",https://sp.olx.com.br/sao-paulo-e-regiao/autos-e-pecas/carros-vans-e-utilitarios/bmw-320i-a-2-0-tb-m-sport-activeflex-16v-4p-2022-1531961855
1531960006,BMW X1 Sdrive 20I GP 2.0 TB Aut. 2022,215900,BMW,X1,Sdrive 20I GP 2.0 TB Aut.,2022,37738,Flex,Automático,Cinza,SP,São Paulo,Saúde,N/A,11,N/A,Não,Não,"air bag, ar condicionado, alarme, blindado, trava elétrica, vidro elétrico",https://sp.olx.com.br/sao-paulo-e-regiao/autos-e-pecas/carros-vans-e-utilitarios/bmw-x1-sdrive-20i-gp-2-0-tb-aut-2022-1531960006
1531955041,BMW X1 Sdrive 18I 2.0 16V 4X2 Aut. 2025,304890,BMW,X1,Sdrive 18I 2.0 16V 4X2 Aut.,2025,18000,Gasolina,Automático,Azul,SP,São Paulo,Vila São Vicente,N/A,11,Não,Sim,Não,"air bag, alarme, sensor de ré, som, trava elétrica, vidro elétrico",https://sp.olx.com.br/sao-paulo-e-regiao/autos-e-pecas/carros-vans-e-utilitarios/bmw-x1-sdrive-18i-2-0-16v-4x2-aut-2025-1531955041
1511185870,BMW 320I A 2.0 TB M Sport Activeflex 16V 4P 2024,293990,BMW,320I,A 2.0 TB M Sport Activeflex 16V 4P,2024,13000,Flex,Automático,Cinza,SP,Catanduva,Parque Joaquim Lopes,N/A,17,Sim,Sim,Não,"air bag, ar condicionado, alarme, bancos de couro, câmera de ré, computador de bordo, conexão usb, controle automático de velocidade, navegador gps, rodas de liga leve, sensor de ré, som, teto solar, trava elétrica, vidro elétrico, volante multifuncional",https://sp.olx.com.br/regiao-de-sao-jose-do-rio-preto/autos-e-pecas/carros-vans-e-utilitarios/bmw-320i-a-2-0-tb-m-sport-activeflex-16v-4p-2024-1511185870
1531944230,BMW 320I 320i 2024,249800,BMW,320I,320i,2024,28000,Flex,Automático,Azul,SP,Sertãozinho,Conjunto Habitacional Antônio Nadaletto Mazzer,N/A,16,Sim,Sim,Não,"air bag, ar condicionado, alarme, bancos de couro, câmera de ré, computador de bordo, conexão usb, controle automático de velocidade, navegador gps, rodas de liga leve, sensor de ré, som, teto solar, trava elétrica, vidro elétrico, volante multifuncional",https://sp.olx.com.br/regiao-de-ribeirao-preto/autos-e-pecas/carros-vans-e-utilitarios/bmw-320i-320i-2024-1531944230
1531916275,BMW X2 Sdrive 18I 1.5 Activeflex 136cv Aut. 2020,169890,BMW,X2,Sdrive 18I 1.5 Activeflex 136cv Aut.,2020,53363,Flex,Automático,Cinza,SP,São Paulo,Saúde,N/A,11,Sim,Sim,Não,"air bag, ar condicionado, alarme, bancos de couro, blindado, câmera de ré, computador de bordo, conexão usb, controle automático de velocidade, navegador gps, rodas de liga leve, sensor de ré, som, trava elétrica, vidro elétrico, volante multifuncional",https://sp.olx.com.br/sao-paulo-e-regiao/autos-e-pecas/carros-vans-e-utilitarios/bmw-x2-sdrive-18i-1-5-activeflex-136cv-aut-2020-1531916275
1531905147,BMW 320I A 2.0 TB M Sport Activeflex 16V 4P 2024,286990,BMW,320I,A 2.0 TB M Sport Activeflex 16V 4P,2024,22000,Flex,Automático,Cinza,SP,Barueri,Alphaville Empresarial,N/A,11,Sim,Não,Sim,"air bag, ar condicionado, alarme, bancos de couro, câmera de ré, computador de bordo, conexão usb, controle automático de velocidade, interface bluetooth, navegador gps, rodas de liga leve, sensor de ré, som, teto solar, trava elétrica, vidro elétrico, volante multifuncional",https://sp.olx.com.br/sao-paulo-e-regiao/autos-e-pecas/carros-vans-e-utilitarios/bmw-320i-a-2-0-tb-m-sport-activeflex-16v-4p-2024-1531905147
1531903480,BMW X1 Sdrive 20I M Sport 2.0 TB Aut. 2025,329900,BMW,X1,Sdrive 20I M Sport 2.0 TB Aut.,2025,5625,Gasolina,Automático,Azul,SP,São Paulo,Imirim,N/A,11,Sim,Sim,Não,"air bag, ar condicionado, alarme, bancos de couro, câmera de ré, computador de bordo, conexão usb, controle automático de velocidade, navegador gps, rodas de liga leve, sensor de ré, som, teto solar, trava elétrica, vidro elétrico, volante multifuncional",https://sp.olx.com.br/sao-paulo-e-regiao/autos-e-pecas/carros-vans-e-utilitarios/bmw-x1-sdrive-20i-m-sport-2-0-tb-aut-2025-1531903480
1531896974,BMW 320I A Modern/sport TB 2.0/a.flex 16V 4P 2023,266900,BMW,320I,A Modern/sport TB 2.0/a.flex 16V 4P,2023,54000,Flex,Automático,Cinza,SP,Sorocaba,Vila Assis,N/A,15,N/A,Não,Não,"air bag, ar condicionado, alarme, bancos de couro, câmera de ré, computador de bordo, conexão usb, controle automático de velocidade, navegador gps, rodas de liga leve, sensor de ré, teto solar, trava elétrica, vidro elétrico, volante multifuncional",https://sp.olx.com.br/regiao-de-sorocaba/autos-e-pecas/carros-vans-e-utilitarios/bmw-320i-a-modern-sport-tb-2-0-a-flex-16v-4p-2023-1531896974
1531896106,BMW 320I A Modern/sport TB 2.0/a.flex 16V 4P 2021,188806,BMW,320I,A Modern/sport TB 2.0/a.flex 16V 4P,2021,33000,Flex,Automático,Branco,SP,São Paulo,Mirandópolis,N/A,11,Sim,Sim,Não,"air bag, ar condicionado, alarme, bancos de couro, câmera de ré, computador de bordo, conexão usb, controle automático de velocidade, interface bluetooth, navegador gps, rodas de liga leve, sensor de ré, som, trava elétrica, vidro elétrico, volante multifuncional",https://sp.olx.com.br/sao-paulo-e-regiao/autos-e-pecas/carros-vans-e-utilitarios/bmw-320i-a-modern-sport-tb-2-0-a-flex-16v-4p-2021-1531896106
1531896110,BMW 320I A Modern/sport TB 2.0/a.flex 16V 4P 2023,229900,BMW,320I,A Modern/sport TB 2.0/a.flex 16V 4P,2023,68000,Flex,Automático,Azul,SP,São Paulo,Chácara Mafalda,N/A,11,Sim,Não,Não,"air bag, ar condicionado, alarme, bancos de couro, câmera de ré, computador de bordo, conexão usb, controle automático de velocidade, navegador gps, rodas de liga leve, sensor de ré, teto solar, trava elétrica, vidro elétrico, volante multifuncional",https://sp.olx.com.br/sao-paulo-e-regiao/autos-e-pecas/carros-vans-e-utilitarios/bmw-320i-a-modern-sport-tb-2-0-a-flex-16v-4p-2023-1531896110
1531879721,BMW 320I A 2.0 TB M Sport Activeflex 16V 4P 2022,218890,BMW,320I,A 2.0 TB M Sport Activeflex 16V 4P,2022,79000,Flex,Automático,Azul,SP,Campinas,Parque Fazendinha,N/A,19,Não,Sim,Não,"air bag, ar condicionado, alarme, bancos de couro, câmera de ré, computador de bordo, conexão usb, controle automático de velocidade, interface bluetooth, navegador gps, rodas de liga leve, sensor de ré, som, teto solar, trava elétrica, vidro elétrico, volante multifuncional",https://sp.olx.com.br/grande-campinas/autos-e-pecas/carros-vans-e-utilitarios/bmw-320i-a-2-0-tb-m-sport-activeflex-16v-4p-2022-1531879721
1531871067,BMW X5 Xdrive 50E 3.0 M Sport Aut. (hibrido) 2025,598990,BMW,X5,Xdrive 50E 3.0 M Sport Aut. (hibrido),2025,11500,Híbrido,Automático,Preto,SP,Campinas,Jardim das Paineiras,N/A,19,N/A,Não,Não,"air bag, ar condicionado, alarme, bancos de couro, câmera de ré, computador de bordo, conexão usb, controle automático de velocidade, navegador gps, rodas de liga leve, sensor de ré, som, teto solar, tração 4x4, trava elétrica, vidro elétrico, volante multifuncional",https://sp.olx.com.br/grande-campinas/autos-e-pecas/carros-vans-e-utilitarios/bmw-x5-xdrive-50e-3-0-m-sport-aut-hibrido-2025-1531871067
1531865956,BMW 320I A 2.0 Turbo/activeflex 16V 184cv 4P 2021,198900,BMW,320I,A 2.0 Turbo/activeflex 16V 184cv 4P,2021,74319,Flex,Automático,Prata,SP,São Paulo,Jardim Maracanã,N/A,11,N/A,Não,Não,"air bag, ar condicionado, alarme, bancos de couro, câmera de ré, computador de bordo, conexão usb, controle automático de velocidade, navegador gps, rodas de liga leve, sensor de ré, som, trava elétrica, vidro elétrico, volante multifuncional",https://sp.olx.com.br/sao-paulo-e-regiao/autos-e-pecas/carros-vans-e-utilitarios/bmw-320i-a-2-0-turbo-activeflex-16v-184cv-4p-2021-1531865956
1531867539,BMW 320I A 2.0 TB M Sport Activeflex 16V 4P 2023,295000,BMW,320I,A 2.0 TB M Sport Activeflex 16V 4P,2023,56000,Flex,Automático,Cinza,SP,São Paulo,Planalto Paulista,N/A,11,Sim,Sim,Não,"air bag, ar condicionado, alarme, bancos de couro, blindado, câmera de ré, computador de bordo, conexão usb, controle automático de velocidade, interface bluetooth, navegador gps, rodas de liga leve, sensor de ré, som, teto solar, trava elétrica, vidro elétrico, volante multifuncional",https://sp.olx.com.br/sao-paulo-e-regiao/autos-e-pecas/carros-vans-e-utilitarios/bmw-320i-a-2-0-tb-m-sport-activeflex-16v-4p-2023-1531867539
1514874210,BMW X4 M40i 3.0 Turbo V6 360cv Aut. 2020,319900,BMW,X4,M40i 3.0 Turbo V6 360cv Aut.,2020,53911,Gasolina,Automático,Preto,SP,Avaré,Jardim América,N/A,14,Não,Sim,Não,"air bag, ar condicionado, alarme, bancos de couro, câmera de ré, computador de bordo, conexão usb, controle automático de velocidade, navegador gps, rodas de liga leve, sensor de ré, teto solar, tração 4x4, trava elétrica, vidro elétrico, volante multifuncional",https://sp.olx.com.br/regiao-de-bauru-e-marilia/autos-e-pecas/carros-vans-e-utilitarios/bmw-x4-m40i-3-0-turbo-v6-360cv-aut-2020-1514874210
1531813242,BMW X1 Sdrive 20I 2.0/2.0 TB Acti.flex Aut. 2020,143900,BMW,X1,Sdrive 20I 2.0/2.0 TB Acti.flex Aut.,2020,90000,Flex,Automático,Preto,SP,Bauru,Centro,N/A,14,Não,Não,Não,"air bag, ar condicionado, alarme, bancos de couro, câmera de ré, computador de bordo, conexão usb, controle automático de velocidade, navegador gps, rodas de liga leve, sensor de ré, trava elétrica, vidro elétrico, volante multifuncional",https://sp.olx.com.br/regiao-de-bauru-e-marilia/autos-e-pecas/carros-vans-e-utilitarios/bmw-x1-sdrive-20i-2-0-2-0-tb-acti-flex-aut-2020-1531813242
1496625437,BMW X4 Xdrive 30I M-sport 2.0 TB. 252cv AUT 2025,387900,BMW,X4,Xdrive 30I M-sport 2.0 TB. 252cv AUT,2025,11000,Gasolina,Automático,Cinza,SP,São Paulo,Vila Regente Feijó,N/A,11,Sim,Sim,Não,"air bag, ar condicionado, alarme, bancos de couro, câmera de ré, computador de bordo, conexão usb, controle automático de velocidade, interface bluetooth, navegador gps, rodas de liga leve, sensor de ré, som, teto solar, tração 4x4, trava elétrica, vidro elétrico, volante multifuncional",https://sp.olx.com.br/sao-paulo-e-regiao/autos-e-pecas/carros-vans-e-utilitarios/bmw-x4-xdrive-30i-m-sport-2-0-tb-252cv-aut-2025-1496625437
1523882373,BMW X6 Xdrive 40I M Sport 3.0 Bi-TB (hib.) 2025,749990,BMW,X6,Xdrive 40I M Sport 3.0 Bi-TB (hib.),2025,11980,Híbrido,Automático,Branco,SP,Sorocaba,Vila Jardini,N/A,15,Sim,Sim,Não,"air bag, ar condicionado, alarme, bancos de couro, blindado, câmera de ré, computador de bordo, conexão usb, controle automático de velocidade, interface bluetooth, navegador gps, rodas de liga leve, sensor de ré, som, teto solar, tração 4x4, trava elétrica, vidro elétrico, volante multifuncional",https://sp.olx.com.br/regiao-de-sorocaba/autos-e-pecas/carros-vans-e-utilitarios/bmw-x6-xdrive-40i-m-sport-3-0-bi-tb-hib-2025-1523882373
1528315899,BMW X1 Xdrive 25I Sport 2.0/2.0 Flex Aut. 2021,168000,BMW,X1,Xdrive 25I Sport 2.0/2.0 Flex Aut.,2021,43600,N/A,,Preto,SP,Limeira,Jardim Monte Carlo,N/A,19,Não,Não,Não,"air bag, ar condicionado, alarme, bancos de couro, câmera de ré, computador de bordo, conexão usb, controle automático de velocidade, interface bluetooth, navegador gps, rodas de liga leve, sensor de ré, som, teto solar, tração 4x4, trava elétrica, vidro elétrico, volante multifuncional",https://sp.olx.com.br/grande-campinas/autos-e-pecas/carros-vans-e-utilitarios/bmw-x1-xdrive-25i-sport-2-0-2-0-flex-aut-2021-1528315899
1531790314,BMW 320I A Modern/sport TB 2.0/a.flex 16V 4P 2025,278900,BMW,320I,A Modern/sport TB 2.0/a.flex 16V 4P,2025,5000,Flex,Automático,Preto,SP,São Paulo,Planalto Paulista,N/A,11,Sim,Sim,Não,"air bag, ar condicionado, alarme, bancos de couro, câmera de ré, computador de bordo, conexão usb, controle automático de velocidade, interface bluetooth, navegador gps, rodas de liga leve, sensor de ré, som, trava elétrica, vidro elétrico, volante multifuncional",https://sp.olx.com.br/sao-paulo-e-regiao/autos-e-pecas/carros-vans-e-utilitarios/bmw-320i-a-modern-sport-tb-2-0-a-flex-16v-4p-2025-1531790314
1531546984,BMW 320I A Modern/sport TB 2.0/a.flex 16V 4P 2024,256410,BMW,320I,A Modern/sport TB 2.0/a.flex 16V 4P,2024,30000,Flex,Automático,Azul,SP,Catanduva,Centro,N/A,17,Sim,N/A,N/A,"air bag, ar condicionado, alarme, bancos de couro, câmera de ré, computador de bordo, conexão usb, controle automático de velocidade, navegador gps, rodas de liga leve, sensor de ré, teto solar, trava elétrica, vidro elétrico, volante multifuncional",https://sp.olx.com.br/regiao-de-sao-jose-do-rio-preto/autos-e-pecas/carros-vans-e-utilitarios/bmw-320i-a-modern-sport-tb-2-0-a-flex-16v-4p-2024-1531546984
1531787446,BMW 320I A Modern/sport TB 2.0/a.flex 16V 4P 2023,225900,BMW,320I,A Modern/sport TB 2.0/a.flex 16V 4P,2023,2300,Flex,Automático,Cinza,SP,São Paulo,Planalto Paulista,N/A,11,Sim,Sim,Não,"air bag, ar condicionado, alarme, bancos de couro, câmera de ré, computador de bordo, conexão usb, controle automático de velocidade, interface bluetooth, navegador gps, rodas de liga leve, sensor de ré, som, teto solar, trava elétrica, vidro elétrico, volante multifuncional",https://sp.olx.com.br/sao-paulo-e-regiao/autos-e-pecas/carros-vans-e-utilitarios/bmw-320i-a-modern-sport-tb-2-0-a-flex-16v-4p-2023-1531787446
1531781770,BMW 320I A 2.0 TB M Sport Activeflex 16V 4P 2024,264990,BMW,320I,A 2.0 TB M Sport Activeflex 16V 4P,2024,41097,Flex,Automático,Preto,SP,São Paulo,Planalto Paulista,N/A,11,Sim,N/A,N/A,"air bag, ar condicionado, alarme, bancos de couro, câmera de ré, computador de bordo, conexão usb, controle automático de velocidade, interface bluetooth, navegador gps, rodas de liga leve, sensor de ré, som, teto solar, trava elétrica, vidro elétrico, volante multifuncional",https://sp.olx.com.br/sao-paulo-e-regiao/autos-e-pecas/carros-vans-e-utilitarios/bmw-320i-a-2-0-tb-m-sport-activeflex-16v-4p-2024-1531781770
1531501296,BMW X2 Sdrive 18I 1.5 Activeflex 136cv Aut. 2021,170000,BMW,X2,Sdrive 18I 1.5 Activeflex 136cv Aut.,2021,60000,Flex,Automático,Cinza,SP,Barueri,Centro,N/A,11,N/A,Sim,Não,"air bag, ar condicionado, alarme, bancos de couro, câmera de ré, computador de bordo, conexão usb, controle automático de velocidade, interface bluetooth, navegador gps, rodas de liga leve, sensor de ré, som, trava elétrica, vidro elétrico, volante multifuncional",https://sp.olx.com.br/sao-paulo-e-regiao/autos-e-pecas/carros-vans-e-utilitarios/bmw-x2-sdrive-18i-1-5-activeflex-136cv-aut-2021-1531501296
1531758030,BMW 320I 320i 2026,339990,BMW,320I,320i,2026,10595,Flex,Automático,Preto,SP,Ribeirão Preto,Jardim América,N/A,16,N/A,Não,Não,"air bag, ar condicionado, alarme, trava elétrica, vidro elétrico",https://sp.olx.com.br/regiao-de-ribeirao-preto/autos-e-pecas/carros-vans-e-utilitarios/bmw-320i-320i-2026-1531758030
1419949290,BMW X5 Xdrive 30D M Sport 3.0 265cv Dies AUT 2020,290000,BMW,X5,Xdrive 30D M Sport 3.0 265cv Dies AUT,2020,91000,Diesel,Automático,Azul,SP,Sorocaba,Jardim Judith,N/A,15,Não,Sim,Sim,"air bag, ar condicionado, alarme, bancos de couro, câmera de ré, computador de bordo, conexão usb, controle automático de velocidade, navegador gps, rodas de liga leve, sensor de ré, teto solar, tração 4x4, trava elétrica, vidro elétrico, volante multifuncional",https://sp.olx.com.br/regiao-de-sorocaba/autos-e-pecas/carros-vans-e-utilitarios/bmw-x5-xdrive-30d-m-sport-3-0-265cv-dies-aut-2020-1419949290
1529914643,BMW 320I A 2.0 TB M Sport Activeflex 16V 4P 2023,262900,BMW,320I,A 2.0 TB M Sport Activeflex 16V 4P,2023,23500,Flex,Automático,Preto,SP,Arujá,Arujá Country Club,N/A,11,Não,Sim,Não,"air bag, ar condicionado, alarme, bancos de couro, câmera de ré, computador de bordo, conexão usb, controle automático de velocidade, interface bluetooth, navegador gps, rodas de liga leve, sensor de ré, som, teto solar, trava elétrica, vidro elétrico, volante multifuncional",https://sp.olx.com.br/sao-paulo-e-regiao/autos-e-pecas/carros-vans-e-utilitarios/bmw-320i-a-2-0-tb-m-sport-activeflex-16v-4p-2023-1529914643
1482073810,BMW 320I A 2.0 TB M Sport Activeflex 16V 4P 2021,170000,BMW,320I,A 2.0 TB M Sport Activeflex 16V 4P,2021,85000,Gasolina,Automático,Cinza,SP,São Paulo,Jardim Pinheiros,N/A,11,N/A,Não,Não,"air bag, ar condicionado, alarme, bancos de couro, câmera de ré, computador de bordo, conexão usb, controle automático de velocidade, interface bluetooth, navegador gps, rodas de liga leve, sensor de ré, som, teto solar, trava elétrica, vidro elétrico, volante multifuncional",https://sp.olx.com.br/sao-paulo-e-regiao/autos-e-pecas/carros-vans-e-utilitarios/bmw-320i-a-2-0-tb-m-sport-activeflex-16v-4p-2021-1482073810
1301180634,BMW M235I Xdrive Gran Coupé 2.0 AUT 2021,245000,BMW,M235I,Xdrive Gran Coupé 2.0 AUT,2021,76500,Gasolina,Automático,Preto,SP,São Paulo,Jardim Textil,N/A,11,Não,Sim,Não,"air bag, ar condicionado, alarme, bancos de couro, câmera de ré, computador de bordo, conexão usb, controle automático de velocidade, interface bluetooth, navegador gps, rodas de liga leve, sensor de ré, som, teto solar, tração 4x4, trava elétrica, vidro elétrico, volante multifuncional",https://sp.olx.com.br/sao-paulo-e-regiao/autos-e-pecas/carros-vans-e-utilitarios/bmw-m235i-xdrive-gran-coupe-2-0-aut-2021-1301180634
1515286988,BMW 320I A 2.0 TB M Sport Activeflex 16V 4P 2023,275900,BMW,320I,A 2.0 TB M Sport Activeflex 16V 4P,2023,32000,Flex,Automático,Cinza,SP,Sorocaba,Vila Assis,N/A,15,N/A,Sim,Não,"air bag, ar condicionado, alarme, bancos de couro, câmera de ré, computador de bordo, conexão usb, controle automático de velocidade, interface bluetooth, navegador gps, rodas de liga leve, sensor de ré, som, teto solar, trava elétrica, vidro elétrico, volante multifuncional",https://sp.olx.com.br/regiao-de-sorocaba/autos-e-pecas/carros-vans-e-utilitarios/bmw-320i-a-2-0-tb-m-sport-activeflex-16v-4p-2023-1515286988
1524053638,BMW X3 M40i 3.0 Turbo V6 360cv Aut. 2021,290908,BMW,X3,M40i 3.0 Turbo V6 360cv Aut.,2021,40000,Gasolina,Automático,Branco,SP,São José dos Campos,Jardim Satélite,N/A,12,Sim,Sim,Não,"air bag, ar condicionado, alarme, bancos de couro, câmera de ré, computador de bordo, conexão usb, controle automático de velocidade, interface bluetooth, navegador gps, rodas de liga leve, sensor de ré, som, teto solar, tração 4x4, trava elétrica, vidro elétrico, volante multifuncional",https://sp.olx.com.br/vale-do-paraiba-e-litoral-norte/autos-e-pecas/carros-vans-e-utilitarios/bmw-x3-m40i-3-0-turbo-v6-360cv-aut-2021-1524053638
1531689193,BMW X1 Sdrive 20I M Sport 2.0 TB Aut. 2024,272890,BMW,X1,Sdrive 20I M Sport 2.0 TB Aut.,2024,51200,Gasolina,Automático,Prata,SP,Piracicaba,Vila Rezende,N/A,19,Não,Não,Não,"air bag, ar condicionado, alarme, bancos de couro, câmera de ré, computador de bordo, conexão usb, controle automático de velocidade, navegador gps, rodas de liga leve, sensor de ré, som, teto solar, trava elétrica, vidro elétrico, volante multifuncional",https://sp.olx.com.br/grande-campinas/autos-e-pecas/carros-vans-e-utilitarios/bmw-x1-sdrive-20i-m-sport-2-0-tb-aut-2024-1531689193
1531593740,BMW X4 Xdrive 30I M-sport 2.0 TB. 252cv AUT 2021,268890,BMW,X4,Xdrive 30I M-sport 2.0 TB. 252cv AUT,2021,60000,Gasolina,Automático,Preto,SP,São Paulo,Vila Cunha Bueno,N/A,11,Sim,Não,Não,"air bag, ar condicionado, alarme, bancos de couro, blindado, câmera de ré, computador de bordo, conexão usb, controle automático de velocidade, navegador gps, rodas de liga leve, sensor de ré, som, teto solar, tração 4x4, trava elétrica, vidro elétrico, volante multifuncional",https://sp.olx.com.br/sao-paulo-e-regiao/autos-e-pecas/carros-vans-e-utilitarios/bmw-x4-xdrive-30i-m-sport-2-0-tb-252cv-aut-2021-1531593740
1531562659,BMW X5 Xdrive M50d 3.0 381cv Diesel 2020,350000,BMW,X5,Xdrive M50d 3.0 381cv Diesel,2020,77000,Diesel,Automático,Preto,SP,Votorantim,Conjunto Habitacional Jardim Serrano,N/A,15,Não,Não,Não,"air bag, ar condicionado, alarme, bancos de couro, câmera de ré, computador de bordo, conexão usb, controle automático de velocidade, navegador gps, rodas de liga leve, sensor de ré, teto solar, tração 4x4, trava elétrica, vidro elétrico, volante multifuncional",https://sp.olx.com.br/regiao-de-sorocaba/autos-e-pecas/carros-vans-e-utilitarios/bmw-x5-xdrive-m50d-3-0-381cv-diesel-2020-1531562659
1426954732,BMW X1 Sdrive 20I X-line 2.0 TB Aut. 2023,259900,BMW,X1,Sdrive 20I X-line 2.0 TB Aut.,2023,25500,Gasolina,Automático,Azul,SP,Jundiaí,Vila Angélica,N/A,11,N/A,Não,Não,"air bag, ar condicionado, alarme, bancos de couro, câmera de ré, computador de bordo, conexão usb, controle automático de velocidade, navegador gps, rodas de liga leve, sensor de ré, teto solar, trava elétrica, vidro elétrico, volante multifuncional",https://sp.olx.com.br/sao-paulo-e-regiao/autos-e-pecas/carros-vans-e-utilitarios/bmw-x1-sdrive-20i-x-line-2-0-tb-aut-2023-1426954732
1515059163,BMW X1 Sdrive 20I M Sport 2.0 TB Aut. 2024,289900,BMW,X1,Sdrive 20I M Sport 2.0 TB Aut.,2024,35000,Gasolina,Automático,Verde,SP,Barueri,Green Valley Alphaville,N/A,11,Sim,Sim,Não,"air bag, ar condicionado, alarme, bancos de couro, câmera de ré, computador de bordo, conexão usb, controle automático de velocidade, interface bluetooth, navegador gps, rodas de liga leve, sensor de ré, som, teto solar, trava elétrica, vidro elétrico, volante multifuncional",https://sp.olx.com.br/sao-paulo-e-regiao/autos-e-pecas/carros-vans-e-utilitarios/bmw-x1-sdrive-20i-m-sport-2-0-tb-aut-2024-1515059163
1515056906,BMW 530E M Sport 2.0 Turbo Híbrido Aut. 2021,295000,BMW,530E,M Sport 2.0 Turbo Híbrido Aut.,2021,72000,Híbrido,Automático,Preto,SP,Barueri,Green Valley Alphaville,N/A,11,Não,Sim,Não,"air bag, ar condicionado, alarme, bancos de couro, blindado, câmera de ré, computador de bordo, conexão usb, controle automático de velocidade, navegador gps, rodas de liga leve, sensor de ré, som, teto solar, trava elétrica, vidro elétrico, volante multifuncional",https://sp.olx.com.br/sao-paulo-e-regiao/autos-e-pecas/carros-vans-e-utilitarios/bmw-530e-m-sport-2-0-turbo-hibrido-aut-2021-1515056906
1531526403,BMW 320I A 2.0 TB M Sport Activeflex 16V 4P 2020,184000,BMW,320I,A 2.0 TB M Sport Activeflex 16V 4P,2020,99761,Gasolina,Automático,Preto,SP,Jundiaí,Jardim Paulista I,N/A,11,Não,Não,Não,"air bag, ar condicionado, alarme, bancos de couro, câmera de ré, computador de bordo, conexão usb, controle automático de velocidade, interface bluetooth, navegador gps, rodas de liga leve, sensor de ré, som, trava elétrica, vidro elétrico, volante multifuncional",https://sp.olx.com.br/sao-paulo-e-regiao/autos-e-pecas/carros-vans-e-utilitarios/bmw-320i-a-2-0-tb-m-sport-activeflex-16v-4p-2020-1531526403
1531520757,BMW X1 Sdrive 20I X-line 2.0 TB Active Flex 2022,163890,BMW,X1,Sdrive 20I X-line 2.0 TB Active Flex,2022,69000,Flex,Automático,Azul,SP,Santo André,Jardim Santo Antônio,N/A,11,Não,Sim,Não,"air bag, ar condicionado, alarme, bancos de couro, câmera de ré, computador de bordo, conexão usb, controle automático de velocidade, navegador gps, rodas de liga leve, sensor de ré, som, teto solar, trava elétrica, vidro elétrico, volante multifuncional",https://sp.olx.com.br/sao-paulo-e-regiao/autos-e-pecas/carros-vans-e-utilitarios/bmw-x1-sdrive-20i-x-line-2-0-tb-active-flex-2022-1531520757
1524074696,BMW X3 M40i 3.0 Turbo V6 360cv Aut. 2021,299000,BMW,X3,M40i 3.0 Turbo V6 360cv Aut.,2021,30000,Gasolina,Automático,Branco,SP,São José dos Campos,Jardim Satélite,N/A,12,Sim,Sim,Não,"air bag, ar condicionado, alarme, bancos de couro, câmera de ré, computador de bordo, conexão usb, controle automático de velocidade, interface bluetooth, navegador gps, rodas de liga leve, sensor de ré, som, teto solar, tração 4x4, trava elétrica, vidro elétrico, volante multifuncional",https://sp.olx.com.br/vale-do-paraiba-e-litoral-norte/autos-e-pecas/carros-vans-e-utilitarios/bmw-x3-m40i-3-0-turbo-v6-360cv-aut-2021-1524074696
1529718583,BMW X1 Sdrive 20I M Sport 2.0 TB Aut. 2025,314900,BMW,X1,Sdrive 20I M Sport 2.0 TB Aut.,2025,19000,Gasolina,,Prata,SP,São José do Rio Preto,Jardim Tarraf II,N/A,17,Não,Sim,Não,"air bag, ar condicionado, alarme, bancos de couro, câmera de ré, computador de bordo, conexão usb, controle automático de velocidade, navegador gps, rodas de liga leve, sensor de ré, som, teto solar, trava elétrica, vidro elétrico, volante multifuncional",https://sp.olx.com.br/regiao-de-sao-jose-do-rio-preto/autos-e-pecas/carros-vans-e-utilitarios/bmw-x1-sdrive-20i-m-sport-2-0-tb-aut-2025-1529718583
1531513473,BMW 320I A 2.0 TB M Sport Activeflex 16V 4P 2022,219890,BMW,320I,A 2.0 TB M Sport Activeflex 16V 4P,2022,71000,Flex,Automático,Cinza,SP,São Paulo,Jardim Independência,N/A,11,N/A,Não,Não,"air bag, ar condicionado, alarme, câmera de ré, computador de bordo, conexão usb, controle automático de velocidade, navegador gps, rodas de liga leve, sensor de ré, teto solar, trava elétrica, vidro elétrico, volante multifuncional",https://sp.olx.com.br/sao-paulo-e-regiao/autos-e-pecas/carros-vans-e-utilitarios/bmw-320i-a-2-0-tb-m-sport-activeflex-16v-4p-2022-1531513473
1531505824,BMW X3 Xdrive 30E X-line Turbo Híbrido AU 2021,194000,BMW,X3,Xdrive 30E X-line Turbo Híbrido AU,2021,80466,Híbrido,Automático,Cinza,SP,Assis,Centro,N/A,18,Não,Sim,Não,"air bag, ar condicionado, alarme, bancos de couro, câmera de ré, computador de bordo, controle automático de velocidade, navegador gps, rodas de liga leve, sensor de ré, som, teto solar, tração 4x4, trava elétrica, vidro elétrico, volante multifuncional",https://sp.olx.com.br/regiao-de-presidente-prudente/autos-e-pecas/carros-vans-e-utilitarios/bmw-x3-xdrive-30e-x-line-turbo-hibrido-au-2021-1531505824
1531486516,BMW 320I A 2.0 TB M Sport Activeflex 16V 4P 2022,229900,BMW,320I,A 2.0 TB M Sport Activeflex 16V 4P,2022,40000,Flex,Automático,Branco,SP,Presidente Prudente,Jardim Cambuy,N/A,18,Não,Sim,Não,"air bag, ar condicionado, alarme, bancos de couro, câmera de ré, computador de bordo, conexão usb, controle automático de velocidade, interface bluetooth, navegador gps, rodas de liga leve, sensor de ré, som, teto solar, trava elétrica, vidro elétrico, volante multifuncional",https://sp.olx.com.br/regiao-de-presidente-prudente/autos-e-pecas/carros-vans-e-utilitarios/bmw-320i-a-2-0-tb-m-sport-activeflex-16v-4p-2022-1531486516
1531473240,BMW X2 Sdrive 20I 2.0 TB 16V 192cv AUT 2020,173900,BMW,X2,Sdrive 20I 2.0 TB 16V 192cv AUT,2020,68000,Flex,Automático,Azul,SP,Praia Grande,Canto do Forte,N/A,13,Não,Sim,Não,"air bag, ar condicionado, alarme, bancos de couro, câmera de ré, computador de bordo, conexão usb, controle automático de velocidade, navegador gps, rodas de liga leve, sensor de ré, trava elétrica, vidro elétrico, volante multifuncional",https://sp.olx.com.br/baixada-santista-e-litoral-sul/autos-e-pecas/carros-vans-e-utilitarios/bmw-x2-sdrive-20i-2-0-tb-16v-192cv-aut-2020-1531473240
1531469604,BMW 320I A Modern/sport TB 2.0/a.flex 16V 4P 2020,195900,BMW,320I,A Modern/sport TB 2.0/a.flex 16V 4P,2020,85000,Gasolina,Automático,Branco,SP,Mauá,Vila América,N/A,11,N/A,Sim,Não,"air bag, ar condicionado, alarme, bancos de couro, câmera de ré, computador de bordo, conexão usb, controle automático de velocidade, interface bluetooth, navegador gps, rodas de liga leve, sensor de ré, som, teto solar, trava elétrica, vidro elétrico, volante multifuncional",https://sp.olx.com.br/sao-paulo-e-regiao/autos-e-pecas/carros-vans-e-utilitarios/bmw-320i-a-modern-sport-tb-2-0-a-flex-16v-4p-2020-1531469604
1524030717,BMW X3 M40i 3.0 Turbo V6 360cv Aut. 2021,310000,BMW,X3,M40i 3.0 Turbo V6 360cv Aut.,2021,23000,Gasolina,Automático,Branco,SP,São José dos Campos,Jardim Satélite,N/A,12,Sim,Sim,Não,"air bag, ar condicionado, alarme, bancos de couro, câmera de ré, computador de bordo, conexão usb, controle automático de velocidade, interface bluetooth, navegador gps, rodas de liga leve, sensor de ré, som, teto solar, tração 4x4, trava elétrica, vidro elétrico, volante multifuncional",https://sp.olx.com.br/vale-do-paraiba-e-litoral-norte/autos-e-pecas/carros-vans-e-utilitarios/bmw-x3-m40i-3-0-turbo-v6-360cv-aut-2021-1524030717
1502009895,BMW 320I A 2.0 TB M Sport Activeflex 16V 4P 2022,235900,BMW,320I,A 2.0 TB M Sport Activeflex 16V 4P,2022,42500,Flex,Automático,Azul,SP,Santo André,Jardim Alzira Franco,N/A,11,Não,Não,Não,"air bag, ar condicionado, alarme, câmera de ré, câmera de ré, computador de bordo, conexão usb, controle automático de velocidade, navegador gps, rodas de liga leve, sensor de ré, teto solar, teto solar, trava elétrica, trava elétrica, vidro elétrico, volante multifuncional, volante multifuncional",https://sp.olx.com.br/sao-paulo-e-regiao/autos-e-pecas/carros-vans-e-utilitarios/bmw-320i-a-2-0-tb-m-sport-activeflex-16v-4p-2022-1502009895
1479994142,BMW 330I Sport 2.0 TB 16V 4P 2020,209900,BMW,330I,Sport 2.0 TB 16V 4P,2020,136700,Gasolina,Automático,Preto,SP,São Paulo,Itaim Paulista,N/A,11,N/A,Não,Não,"air bag, ar condicionado, alarme, bancos de couro, câmera de ré, computador de bordo, conexão usb, controle automático de velocidade, navegador gps, rodas de liga leve, sensor de ré, teto solar, trava elétrica, vidro elétrico, volante multifuncional",https://sp.olx.com.br/sao-paulo-e-regiao/autos-e-pecas/carros-vans-e-utilitarios/bmw-330i-sport-2-0-tb-16v-4p-2020-1479994142
1531428492,BMW 320I A Modern/sport TB 2.0/a.flex 16V 4P 2026,299000,BMW,320I,A Modern/sport TB 2.0/a.flex 16V 4P,2026,300,Flex,Automático,Branco,SP,São José do Rio Preto,Jardim Maracanã,N/A,17,N/A,Não,Não,N/A,https://sp.olx.com.br/regiao-de-sao-jose-do-rio-preto/autos-e-pecas/carros-vans-e-utilitarios/bmw-320i-a-modern-sport-tb-2-0-a-flex-16v-4p-2026-1531428492
1531420332,BMW X4 Xdrive 30I M-sport 2.0 TB. 252cv AUT 2022,349890,BMW,X4,Xdrive 30I M-sport 2.0 TB. 252cv AUT,2022,22939,Gasolina,Automático,Branco,SP,São Paulo,Várzea da Barra Funda,N/A,11,N/A,Não,Não,"air bag, ar condicionado, alarme, bancos de couro, câmera de ré, computador de bordo, conexão usb, controle automático de velocidade, navegador gps, rodas de liga leve, sensor de ré, som, teto solar, tração 4x4, trava elétrica, vidro elétrico, volante multifuncional",https://sp.olx.com.br/sao-paulo-e-regiao/autos-e-pecas/carros-vans-e-utilitarios/bmw-x4-xdrive-30i-m-sport-2-0-tb-252cv-aut-2022-1531420332
1531406516,BMW 320I A 2.0 TB M Sport Activeflex 16V 4P 2024,285900,BMW,320I,A 2.0 TB M Sport Activeflex 16V 4P,2024,31000,Flex,Automático,Preto,SP,São Paulo,Água Fria,N/A,11,Não,Sim,Não,"air bag, ar condicionado, alarme, bancos de couro, câmera de ré, computador de bordo, conexão usb, controle automático de velocidade, navegador gps, rodas de liga leve, sensor de ré, teto solar, trava elétrica, vidro elétrico, volante multifuncional",https://sp.olx.com.br/sao-paulo-e-regiao/autos-e-pecas/carros-vans-e-utilitarios/bmw-320i-a-2-0-tb-m-sport-activeflex-16v-4p-2024-1531406516
1531402763,BMW X1 Sdrive 20I 2.0/2.0 TB Acti.flex Aut. 2020,119990,BMW,X1,Sdrive 20I 2.0/2.0 TB Acti.flex Aut.,2020,60300,Flex,Automático,Preto,SP,Ribeirão Preto,Jardim Botânico,N/A,16,Não,Não,Não,"air bag, ar condicionado, alarme, bancos de couro, câmera de ré, computador de bordo, conexão usb, controle automático de velocidade, navegador gps, rodas de liga leve, sensor de ré, trava elétrica, vidro elétrico, volante multifuncional",https://sp.olx.com.br/regiao-de-ribeirao-preto/autos-e-pecas/carros-vans-e-utilitarios/bmw-x1-sdrive-20i-2-0-2-0-tb-acti-flex-aut-2020-1531402763
1531402671,BMW X1 Sdrive 20I 2.0/2.0 TB Acti.flex Aut. 2022,162900,BMW,X1,Sdrive 20I 2.0/2.0 TB Acti.flex Aut.,2022,105000,Flex,Automático,Preto,SP,São Paulo,Vila Graciosa,N/A,11,N/A,Não,Não,"air bag, ar condicionado, alarme, bancos de couro, câmera de ré, computador de bordo, conexão usb, controle automático de velocidade, navegador gps, rodas de liga leve, sensor de ré, trava elétrica, vidro elétrico, volante multifuncional",https://sp.olx.com.br/sao-paulo-e-regiao/autos-e-pecas/carros-vans-e-utilitarios/bmw-x1-sdrive-20i-2-0-2-0-tb-acti-flex-aut-2022-1531402671
1531396404,BMW 118IA 2.0 16V 136cv 3P 2023,189900,BMW,118IA,2.0 16V 136cv 3P,2023,42000,Gasolina,Automático,Preto,SP,São Paulo,Vila Graciosa,N/A,11,N/A,Não,Não,"ar condicionado, alarme, sensor de ré, trava elétrica, vidro elétrico",https://sp.olx.com.br/sao-paulo-e-regiao/autos-e-pecas/carros-vans-e-utilitarios/bmw-118ia-2-0-16v-136cv-3p-2023-1531396404
1444640394,BMW 320I A 2.0 TB M Sport Activeflex 16V 4P 2024,282000,BMW,320I,A 2.0 TB M Sport Activeflex 16V 4P,2024,25000,Flex,Automático,Preto,SP,Catanduva,Centro,N/A,17,N/A,Sim,Não,N/A,https://sp.olx.com.br/regiao-de-sao-jose-do-rio-preto/autos-e-pecas/carros-vans-e-utilitarios/bmw-320i-a-2-0-tb-m-sport-activeflex-16v-4p-2024-1444640394
1514954892,BMW X1 Sdrive 20I 2.0/2.0 TB Acti.flex Aut. 2022,290590,BMW,X1,Sdrive 20I 2.0/2.0 TB Acti.flex Aut.,2022,15000,Flex,Automático,Cinza,SP,São Paulo,Limão,N/A,11,Sim,Sim,Não,"air bag, ar condicionado, alarme, bancos de couro, câmera de ré, computador de bordo, conexão usb, controle automático de velocidade, interface bluetooth, navegador gps, rodas de liga leve, sensor de ré, som, teto solar, trava elétrica, vidro elétrico, volante multifuncional",https://sp.olx.com.br/sao-paulo-e-regiao/autos-e-pecas/carros-vans-e-utilitarios/bmw-x1-sdrive-20i-2-0-2-0-tb-acti-flex-aut-2022-1514954892
1531380276,BMW 320I A 2.0 TB M Sport Activeflex 16V 4P 2023,283900,BMW,320I,A 2.0 TB M Sport Activeflex 16V 4P,2023,17929,Flex,Automático,Cinza,SP,São Paulo,Imirim,N/A,11,N/A,Não,Não,"air bag, ar condicionado, alarme, bancos de couro, câmera de ré, computador de bordo, conexão usb, controle automático de velocidade, navegador gps, rodas de liga leve, sensor de ré, som, teto solar, trava elétrica, vidro elétrico, volante multifuncional",https://sp.olx.com.br/sao-paulo-e-regiao/autos-e-pecas/carros-vans-e-utilitarios/bmw-320i-a-2-0-tb-m-sport-activeflex-16v-4p-2023-1531380276
1531379304,BMW Z4 Roadster Sdrive 30I Msport 2.0 TB AUT 2020,378890,BMW,Z4,Roadster Sdrive 30I Msport 2.0 TB AUT,2020,25000,Gasolina,Automático,Preto,SP,Campinas,Jardim Novo Campos Elíseos,N/A,19,Sim,Sim,Não,"air bag, ar condicionado, alarme, bancos de couro, câmera de ré, computador de bordo, conexão usb, controle automático de velocidade, navegador gps, rodas de liga leve, sensor de ré, som, trava elétrica, vidro elétrico, volante multifuncional",https://sp.olx.com.br/grande-campinas/autos-e-pecas/carros-vans-e-utilitarios/bmw-z4-roadster-sdrive-30i-msport-2-0-tb-aut-2020-1531379304
1531375130,BMW 320I A 2.0 TB M Sport Activeflex 16V 4P 2026,340000,BMW,320I,A 2.0 TB M Sport Activeflex 16V 4P,2026,6848,Flex,Automático,Cinza,SP,Araras,Centro,N/A,19,Sim,Sim,Não,"air bag, ar condicionado, alarme, câmera de ré, sensor de ré, som, trava elétrica, vidro elétrico",https://sp.olx.com.br/grande-campinas/autos-e-pecas/carros-vans-e-utilitarios/bmw-320i-a-2-0-tb-m-sport-activeflex-16v-4p-2026-1531375130
1531367751,BMW 330E M Sport 2.0 Turbo Híbrido AU 2022,229990,BMW,330E,M Sport 2.0 Turbo Híbrido AU,2022,56000,Híbrido,Automático,Branco,SP,Indaiatuba,Chácara Areal,N/A,19,Não,Sim,Não,"air bag, ar condicionado, alarme, bancos de couro, câmera de ré, computador de bordo, conexão usb, controle automático de velocidade, navegador gps, rodas de liga leve, sensor de ré, som, teto solar, trava elétrica, vidro elétrico, volante multifuncional",https://sp.olx.com.br/grande-campinas/autos-e-pecas/carros-vans-e-utilitarios/bmw-330e-m-sport-2-0-turbo-hibrido-au-2022-1531367751
1523449712,BMW 320I A Modern/sport TB 2.0/a.flex 16V 4P 2023,246000,BMW,320I,A Modern/sport TB 2.0/a.flex 16V 4P,2023,26000,Flex,Automático,Azul,SP,Campinas,Parque Taquaral,N/A,19,Não,Sim,Não,"air bag, ar condicionado, alarme, bancos de couro, câmera de ré, computador de bordo, conexão usb, controle automático de velocidade, interface bluetooth, navegador gps, rodas de liga leve, sensor de ré, som, teto solar, trava elétrica, vidro elétrico, volante multifuncional",https://sp.olx.com.br/grande-campinas/autos-e-pecas/carros-vans-e-utilitarios/bmw-320i-a-modern-sport-tb-2-0-a-flex-16v-4p-2023-1523449712
1523814462,BMW 320I A Modern/sport TB 2.0/a.flex 16V 4P 2023,229990,BMW,320I,A Modern/sport TB 2.0/a.flex 16V 4P,2023,43529,Flex,Automático,Cinza,SP,Valinhos,Vila Genoveva,N/A,19,N/A,Sim,Não,"air bag, ar condicionado, alarme, bancos de couro, câmera de ré, computador de bordo, conexão usb, controle automático de velocidade, interface bluetooth, navegador gps, rodas de liga leve, sensor de ré, som, teto solar, trava elétrica, vidro elétrico, volante multifuncional",https://sp.olx.com.br/grande-campinas/autos-e-pecas/carros-vans-e-utilitarios/bmw-320i-a-modern-sport-tb-2-0-a-flex-16v-4p-2023-1523814462
1519890442,BMW 320I A Modern/sport TB 2.0/a.flex 16V 4P 2025,284700,BMW,320I,A Modern/sport TB 2.0/a.flex 16V 4P,2025,12984,Flex,Automático,Cinza,SP,São Paulo,Várzea da Barra Funda,N/A,11,Não,Não,Não,N/A,https://sp.olx.com.br/sao-paulo-e-regiao/autos-e-pecas/carros-vans-e-utilitarios/bmw-320i-a-modern-sport-tb-2-0-a-flex-16v-4p-2025-1519890442
1515064492,BMW 420I Cabriolet M Sport 2.0 TB 16V 2P. 2025,424900,BMW,420I,Cabriolet M Sport 2.0 TB 16V 2P.,2025,10500,Gasolina,Automático,Preto,SP,Guarulhos,Jardim São Jorge,N/A,11,Sim,Sim,Não,"air bag, ar condicionado, alarme, bancos de couro, câmera de ré, computador de bordo, conexão usb, controle automático de velocidade, interface bluetooth, navegador gps, rodas de liga leve, sensor de ré, som, trava elétrica, vidro elétrico, volante multifuncional",https://sp.olx.com.br/sao-paulo-e-regiao/autos-e-pecas/carros-vans-e-utilitarios/bmw-420i-cabriolet-m-sport-2-0-tb-16v-2p-2025-1515064492
1490207438,BMW X6 M 4.4 4X4 V8 32V Bi-turbo Aut. 2021,514990,BMW,X6,M 4.4 4X4 V8 32V Bi-turbo Aut.,2021,65000,Gasolina,Automático,Azul,SP,Mogi das Cruzes,Parque Residencial Itapeti,N/A,11,Não,Sim,Não,"air bag, ar condicionado, alarme, bancos de couro, câmera de ré, computador de bordo, conexão usb, controle automático de velocidade, interface bluetooth, navegador gps, rodas de liga leve, sensor de ré, som, teto solar, tração 4x4, trava elétrica, vidro elétrico, volante multifuncional",https://sp.olx.com.br/sao-paulo-e-regiao/autos-e-pecas/carros-vans-e-utilitarios/bmw-x6-m-4-4-4x4-v8-32v-bi-turbo-aut-2021-1490207438
1531284186,BMW 330E M Sport 2.0 Turbo Híbrido AU 2022,220000,BMW,330E,M Sport 2.0 Turbo Híbrido AU,2022,24000,Híbrido,Automático,Branco,SP,São Paulo,Parque Santo Antônio,N/A,11,Não,Sim,Não,"air bag, ar condicionado, alarme, bancos de couro, câmera de ré, computador de bordo, conexão usb, controle automático de velocidade, navegador gps, rodas de liga leve, sensor de ré, som, teto solar, trava elétrica, vidro elétrico, volante multifuncional",https://sp.olx.com.br/sao-paulo-e-regiao/autos-e-pecas/carros-vans-e-utilitarios/bmw-330e-m-sport-2-0-turbo-hibrido-au-2022-1531284186
1514410412,BMW 320I A 2.0 TB M Sport Activeflex 16V 4P 2021,179990,BMW,320I,A 2.0 TB M Sport Activeflex 16V 4P,2021,44785,Gasolina,Automático,Cinza,SP,Franca,Jardim Doutor Antônio Petráglia,N/A,16,Não,Sim,Não,"air bag, ar condicionado, alarme, bancos de couro, câmera de ré, computador de bordo, conexão usb, controle automático de velocidade, interface bluetooth, navegador gps, rodas de liga leve, sensor de ré, som, teto solar, trava elétrica, vidro elétrico, volante multifuncional",https://sp.olx.com.br/regiao-de-ribeirao-preto/autos-e-pecas/carros-vans-e-utilitarios/bmw-320i-a-2-0-tb-m-sport-activeflex-16v-4p-2021-1514410412
1514410412,BMW 320I A 2.0 TB M Sport Activeflex 16V 4P 2021,179990,BMW,320I,A 2.0 TB M Sport Activeflex 16V 4P,2021,44785,Gasolina,Automático,Cinza,SP,Franca,Jardim Doutor Antônio Petráglia,N/A,16,Não,Sim,Não,"air bag, ar condicionado, alarme, bancos de couro, câmera de ré, computador de bordo, conexão usb, controle automático de velocidade, interface bluetooth, navegador gps, rodas de liga leve, sensor de ré, som, teto solar, trava elétrica, vidro elétrico, volante multifuncional",https://sp.olx.com.br/regiao-de-ribeirao-preto/autos-e-pecas/carros-vans-e-utilitarios/bmw-320i-a-2-0-tb-m-sport-activeflex-16v-4p-2021-1514410412
1531270021,BMW X1 Sdrive 20I M Sport 2.0 TB Aut. 2024,292000,BMW,X1,Sdrive 20I M Sport 2.0 TB Aut.,2024,19800,Gasolina,,Prata,SP,Santana de Parnaíba,Alphaville,N/A,11,Sim,Sim,Não,"air bag, ar condicionado, alarme, bancos de couro, câmera de ré, computador de bordo, conexão usb, controle automático de velocidade, navegador gps, rodas de liga leve, sensor de ré, som, teto solar, trava elétrica, vidro elétrico, volante multifuncional",https://sp.olx.com.br/sao-paulo-e-regiao/autos-e-pecas/carros-vans-e-utilitarios/bmw-x1-sdrive-20i-m-sport-2-0-tb-aut-2024-1531270021
1531252667,BMW 320I A Modern/sport TB 2.0/a.flex 16V 4P 2020,170000,BMW,320I,A Modern/sport TB 2.0/a.flex 16V 4P,2020,95000,Gasolina,Automático,Cinza,SP,São Paulo,Jardim Itacolomi,N/A,11,Não,Sim,Não,"air bag, ar condicionado, alarme, bancos de couro, câmera de ré, computador de bordo, conexão usb, controle automático de velocidade, interface bluetooth, rodas de liga leve, sensor de ré, som, trava elétrica, vidro elétrico, volante multifuncional",https://sp.olx.com.br/sao-paulo-e-regiao/autos-e-pecas/carros-vans-e-utilitarios/bmw-320i-a-modern-sport-tb-2-0-a-flex-16v-4p-2020-1531252667
1531241918,BMW X4 Xdrive 30I M-sport 2.0 TB. 252cv AUT 2024,419900,BMW,X4,Xdrive 30I M-sport 2.0 TB. 252cv AUT,2024,37600,Gasolina,Automático,Preto,SP,São José dos Campos,Jardim Pararangaba,N/A,12,Sim,Sim,Não,"air bag, ar condicionado, alarme, bancos de couro, blindado, câmera de ré, computador de bordo, conexão usb, controle automático de velocidade, interface bluetooth, navegador gps, rodas de liga leve, sensor de ré, som, teto solar, tração 4x4, trava elétrica, vidro elétrico, volante multifuncional",https://sp.olx.com.br/vale-do-paraiba-e-litoral-norte/autos-e-pecas/carros-vans-e-utilitarios/bmw-x4-xdrive-30i-m-sport-2-0-tb-252cv-aut-2024-1531241918
1526368096,BMW X4 Xdrive 30I M-sport 2.0 TB. 252cv AUT 2021,274900,BMW,X4,Xdrive 30I M-sport 2.0 TB. 252cv AUT,2021,47000,Gasolina,Automático,Cinza,SP,São José dos Campos,Jardim Satélite,N/A,12,N/A,Não,Não,"air bag, ar condicionado, alarme, bancos de couro, câmera de ré, computador de bordo, conexão usb, controle automático de velocidade, navegador gps, rodas de liga leve, sensor de ré, teto solar, tração 4x4, trava elétrica, vidro elétrico, volante multifuncional",https://sp.olx.com.br/vale-do-paraiba-e-litoral-norte/autos-e-pecas/carros-vans-e-utilitarios/bmw-x4-xdrive-30i-m-sport-2-0-tb-252cv-aut-2021-1526368096
1520234108,BMW X3 Xdrive 30E M Sport Turbo Híbrido Aut. 2024,355900,BMW,X3,Xdrive 30E M Sport Turbo Híbrido Aut.,2024,28653,Híbrido,Automático,Cinza,SP,São José dos Campos,Jardim Satélite,N/A,12,N/A,Não,Não,"air bag, ar condicionado, alarme, bancos de couro, câmera de ré, computador de bordo, conexão usb, controle automático de velocidade, navegador gps, rodas de liga leve, sensor de ré, som, teto solar, tração 4x4, trava elétrica, vidro elétrico, volante multifuncional",https://sp.olx.com.br/vale-do-paraiba-e-litoral-norte/autos-e-pecas/carros-vans-e-utilitarios/bmw-x3-xdrive-30e-m-sport-turbo-hibrido-aut-2024-1520234108
1531230449,BMW X4 Xdrive 30I M-sport 2.0 TB. 252cv AUT 2023,332900,BMW,X4,Xdrive 30I M-sport 2.0 TB. 252cv AUT,2023,56000,Gasolina,Automático,Preto,SP,Barueri,Alphaville Centro Industrial e Empresarial/Alphaville.,N/A,11,Sim,Sim,Não,"air bag, ar condicionado, alarme, bancos de couro, blindado, câmera de ré, computador de bordo, conexão usb, controle automático de velocidade, interface bluetooth, navegador gps, rodas de liga leve, sensor de ré, som, teto solar, tração 4x4, trava elétrica, vidro elétrico, volante multifuncional",https://sp.olx.com.br/sao-paulo-e-regiao/autos-e-pecas/carros-vans-e-utilitarios/bmw-x4-xdrive-30i-m-sport-2-0-tb-252cv-aut-2023-1531230449
1514155242,BMW X5 Xdrive 50E 3.0 M Sport Aut. (hibrido) 2024,569000,BMW,X5,Xdrive 50E 3.0 M Sport Aut. (hibrido),2024,33000,Híbrido,Automático,Branco,SP,Presidente Prudente,Jardim Bela Daria,N/A,18,Não,Não,Não,"air bag, ar condicionado, alarme, bancos de couro, câmera de ré, computador de bordo, conexão usb, controle automático de velocidade, navegador gps, rodas de liga leve, sensor de ré, som, teto solar, tração 4x4, trava elétrica, vidro elétrico, volante multifuncional",https://sp.olx.com.br/regiao-de-presidente-prudente/autos-e-pecas/carros-vans-e-utilitarios/bmw-x5-xdrive-50e-3-0-m-sport-aut-hibrido-2024-1514155242
1514155073,BMW 320I A 2.0 TB M Sport Activeflex 16V 4P 2022,229000,BMW,320I,A 2.0 TB M Sport Activeflex 16V 4P,2022,59000,Flex,Automático,Branco,SP,Presidente Prudente,Jardim Bela Daria,N/A,18,Não,Não,Não,"air bag, ar condicionado, alarme, câmera de ré, computador de bordo, conexão usb, controle automático de velocidade, navegador gps, rodas de liga leve, sensor de ré, som, teto solar, trava elétrica, vidro elétrico, volante multifuncional",https://sp.olx.com.br/regiao-de-presidente-prudente/autos-e-pecas/carros-vans-e-utilitarios/bmw-320i-a-2-0-tb-m-sport-activeflex-16v-4p-2022-1514155073
1531198745,BMW X4 Xdrive 30I M-sport 2.0 TB. 252cv AUT 2024,349950,BMW,X4,Xdrive 30I M-sport 2.0 TB. 252cv AUT,2024,63111,Gasolina,Automático,Cinza,SP,São José dos Campos,Jardim São Dimas,N/A,12,N/A,Sim,Não,"air bag, ar condicionado, alarme, bancos de couro, câmera de ré, computador de bordo, conexão usb, controle automático de velocidade, navegador gps, rodas de liga leve, sensor de ré, som, teto solar, tração 4x4, trava elétrica, vidro elétrico, volante multifuncional",https://sp.olx.com.br/vale-do-paraiba-e-litoral-norte/autos-e-pecas/carros-vans-e-utilitarios/bmw-x4-xdrive-30i-m-sport-2-0-tb-252cv-aut-2024-1531198745
1531184638,BMW 320I A 2.0 TB M Sport Activeflex 16V 4P 2024,289900,BMW,320I,A 2.0 TB M Sport Activeflex 16V 4P,2024,21000,Flex,Automático,Cinza,SP,São José do Rio Preto,Vila Anchieta,N/A,17,Não,Sim,Não,"air bag, ar condicionado, alarme, bancos de couro, câmera de ré, computador de bordo, conexão usb, controle automático de velocidade, navegador gps, rodas de liga leve, sensor de ré, som, teto solar, trava elétrica, vidro elétrico, volante multifuncional",https://sp.olx.com.br/regiao-de-sao-jose-do-rio-preto/autos-e-pecas/carros-vans-e-utilitarios/bmw-320i-a-2-0-tb-m-sport-activeflex-16v-4p-2024-1531184638
1531184232,BMW 320I A Modern/sport TB 2.0/a.flex 16V 4P 2020,190000,BMW,320I,A Modern/sport TB 2.0/a.flex 16V 4P,2020,40000,Gasolina,Automático,Branco,SP,São Paulo,São Mateus,N/A,11,Não,Não,Não,"air bag, ar condicionado, alarme, bancos de couro, câmera de ré, computador de bordo, conexão usb, controle automático de velocidade, rodas de liga leve, sensor de ré, trava elétrica, vidro elétrico, volante multifuncional",https://sp.olx.com.br/sao-paulo-e-regiao/autos-e-pecas/carros-vans-e-utilitarios/bmw-320i-a-modern-sport-tb-2-0-a-flex-16v-4p-2020-1531184232
1531183579,BMW X1 Sdrive 20I M Sport 2.0 TB Aut. 2025,289900,BMW,X1,Sdrive 20I M Sport 2.0 TB Aut.,2025,32000,Gasolina,Automático,Branco,SP,Ribeirão Preto,Alto da Boa Vista,N/A,16,Sim,Sim,Não,"air bag, ar condicionado, alarme, bancos de couro, câmera de ré, computador de bordo, conexão usb, controle automático de velocidade, interface bluetooth, navegador gps, rodas de liga leve, sensor de ré, som, teto solar, trava elétrica, vidro elétrico, volante multifuncional",https://sp.olx.com.br/regiao-de-ribeirao-preto/autos-e-pecas/carros-vans-e-utilitarios/bmw-x1-sdrive-20i-m-sport-2-0-tb-aut-2025-1531183579
1531153769,BMW 320I 320i 2020,169990,BMW,320I,320i,2020,104869,Gasolina,Automático,Branco,SP,Valinhos,Vila Pagano,N/A,19,Não,Sim,Não,"air bag, ar condicionado, alarme, bancos de couro, câmera de ré, computador de bordo, rodas de liga leve, som, teto solar, trava elétrica, vidro elétrico, volante multifuncional",https://sp.olx.com.br/grande-campinas/autos-e-pecas/carros-vans-e-utilitarios/bmw-320i-320i-2020-1531153769
1531153762,BMW 320I 320i 2021,185900,BMW,320I,320i,2021,66542,Gasolina,Automático,Preto,SP,Americana,Catharina Zanaga,N/A,19,N/A,Não,Não,"air bag, ar condicionado, alarme, rodas de liga leve, sensor de ré, trava elétrica, vidro elétrico",https://sp.olx.com.br/grande-campinas/autos-e-pecas/carros-vans-e-utilitarios/bmw-320i-320i-2021-1531153762
1531138607,BMW 320I A 2.0 TB M Sport Activeflex 16V 4P 2024,286900,BMW,320I,A 2.0 TB M Sport Activeflex 16V 4P,2024,29500,Flex,Automático,Vermelho,SP,Ipiguá,Damha Fit,N/A,17,N/A,Não,Não,"air bag, ar condicionado, alarme, bancos de couro, câmera de ré, computador de bordo, conexão usb, controle automático de velocidade, navegador gps, rodas de liga leve, sensor de ré, som, teto solar, trava elétrica, vidro elétrico, volante multifuncional",https://sp.olx.com.br/regiao-de-sao-jose-do-rio-preto/autos-e-pecas/carros-vans-e-utilitarios/bmw-320i-a-2-0-tb-m-sport-activeflex-16v-4p-2024-1531138607
1518346480,BMW 320I A Modern/sport TB 2.0/a.flex 16V 4P 2023,277790,BMW,320I,A Modern/sport TB 2.0/a.flex 16V 4P,2023,37291,Flex,Automático,Cinza,SP,Santos,Vila Mathias,N/A,13,N/A,Sim,Não,"air bag, ar condicionado, alarme, bancos de couro, câmera de ré, computador de bordo, conexão usb, controle automático de velocidade, navegador gps, rodas de liga leve, sensor de ré, teto solar, trava elétrica, vidro elétrico, volante multifuncional",https://sp.olx.com.br/baixada-santista-e-litoral-sul/autos-e-pecas/carros-vans-e-utilitarios/bmw-320i-a-modern-sport-tb-2-0-a-flex-16v-4p-2023-1518346480
1496827257,BMW X4 Xdrive 30I M-sport 2.0 TB. 252cv AUT 2020,297790,BMW,X4,Xdrive 30I M-sport 2.0 TB. 252cv AUT,2020,50362,Gasolina,Automático,Preto,SP,Santos,Vila Mathias,N/A,13,N/A,Não,Não,"air bag, ar condicionado, alarme, bancos de couro, blindado, câmera de ré, computador de bordo, conexão usb, controle automático de velocidade, navegador gps, rodas de liga leve, sensor de ré, teto solar, tração 4x4, trava elétrica, vidro elétrico, volante multifuncional",https://sp.olx.com.br/baixada-santista-e-litoral-sul/autos-e-pecas/carros-vans-e-utilitarios/bmw-x4-xdrive-30i-m-sport-2-0-tb-252cv-aut-2020-1496827257
1495684096,BMW 320I A Modern/sport TB 2.0/a.flex 16V 4P 2021,206790,BMW,320I,A Modern/sport TB 2.0/a.flex 16V 4P,2021,45425,Flex,Automático,Prata,SP,Santos,Vila Mathias,N/A,13,Não,Não,Não,"air bag, ar condicionado, alarme, bancos de couro, câmera de ré, computador de bordo, conexão usb, controle automático de velocidade, navegador gps, rodas de liga leve, sensor de ré, teto solar, trava elétrica, vidro elétrico, volante multifuncional",https://sp.olx.com.br/baixada-santista-e-litoral-sul/autos-e-pecas/carros-vans-e-utilitarios/bmw-320i-a-modern-sport-tb-2-0-a-flex-16v-4p-2021-1495684096
1497377236,BMW X2 M35i 2.0 Turbo 306cv Aut. 2020,199000,BMW,X2,M35i 2.0 Turbo 306cv Aut.,2020,28000,Gasolina,Automático,Azul,SP,Diadema,Taboão,N/A,11,Não,Sim,Não,"air bag, ar condicionado, alarme, bancos de couro, câmera de ré, computador de bordo, conexão usb, controle automático de velocidade, navegador gps, rodas de liga leve, sensor de ré, teto solar, tração 4x4, trava elétrica, vidro elétrico, volante multifuncional",https://sp.olx.com.br/sao-paulo-e-regiao/autos-e-pecas/carros-vans-e-utilitarios/bmw-x2-m35i-2-0-turbo-306cv-aut-2020-1497377236
1519968829,BMW 320I 320i 2024,284900,BMW,320I,320i,2024,35500,Flex,Automático,Cinza,SP,Campinas,Jardim Guanabara,N/A,19,Sim,Sim,Não,"air bag, ar condicionado, alarme, câmera de ré, sensor de ré, som, trava elétrica, vidro elétrico",https://sp.olx.com.br/grande-campinas/autos-e-pecas/carros-vans-e-utilitarios/bmw-320i-320i-2024-1519968829
1531050465,BMW 320I A 2.0 TB M Sport Activeflex 16V 4P 2022,234990,BMW,320I,A 2.0 TB M Sport Activeflex 16V 4P,2022,74000,Flex,Automático,Cinza,SP,Tatuí,Jardim Wanderley,N/A,15,Não,Não,Não,"air bag, ar condicionado, alarme, bancos de couro, câmera de ré, computador de bordo, conexão usb, controle automático de velocidade, navegador gps, rodas de liga leve, sensor de ré, teto solar, trava elétrica, vidro elétrico, volante multifuncional",https://sp.olx.com.br/regiao-de-sorocaba/autos-e-pecas/carros-vans-e-utilitarios/bmw-320i-a-2-0-tb-m-sport-activeflex-16v-4p-2022-1531050465
1531047173,BMW X5 3.0 4X4 2022,349900,BMW,X5,3.0 4X4,2022,70000,Híbrido,Automático,Branco,SP,Campinas,Vila Nova,N/A,19,Não,Sim,Não,"air bag, ar condicionado, alarme, bancos de couro, câmera de ré, computador de bordo, conexão usb, controle automático de velocidade, navegador gps, rodas de liga leve, sensor de ré, som, teto solar, trava elétrica, vidro elétrico, volante multifuncional",https://sp.olx.com.br/grande-campinas/autos-e-pecas/carros-vans-e-utilitarios/bmw-x5-3-0-4x4-2022-1531047173
1531047168,BMW X1 Sdrive 20I M Sport 2.0 TB Flex Aut. 2024,269900,BMW,X1,Sdrive 20I M Sport 2.0 TB Flex Aut.,2024,33000,Gasolina,Automático,Azul,SP,Campinas,Vila Nova,N/A,19,Sim,Não,Não,"air bag, ar condicionado, alarme, bancos de couro, câmera de ré, computador de bordo, conexão usb, navegador gps, rodas de liga leve, sensor de ré, som, teto solar, trava elétrica, vidro elétrico, volante multifuncional",https://sp.olx.com.br/grande-campinas/autos-e-pecas/carros-vans-e-utilitarios/bmw-x1-sdrive-20i-m-sport-2-0-tb-flex-aut-2024-1531047168
1531046994,BMW M235I Xdrive Gran Coupé 2.0 AUT 2022,257900,BMW,M235I,Xdrive Gran Coupé 2.0 AUT,2022,29000,Gasolina,Automático,Preto,SP,Campinas,Vila Nova,N/A,19,Não,Sim,Não,"air bag, ar condicionado, alarme, bancos de couro, câmera de ré, computador de bordo, conexão usb, controle automático de velocidade, navegador gps, rodas de liga leve, sensor de ré, som, teto solar, tração 4x4, trava elétrica, vidro elétrico, volante multifuncional",https://sp.olx.com.br/grande-campinas/autos-e-pecas/carros-vans-e-utilitarios/bmw-m235i-xdrive-gran-coupe-2-0-aut-2022-1531046994
1531046997,BMW 320I A 2.0 TB M Sport Activeflex 16V 4P 2023,279900,BMW,320I,A 2.0 TB M Sport Activeflex 16V 4P,2023,39000,Flex,Automático,Preto,SP,Campinas,Vila Nova,N/A,19,Não,Sim,Não,"air bag, ar condicionado, alarme, bancos de couro, câmera de ré, computador de bordo, conexão usb, controle automático de velocidade, navegador gps, rodas de liga leve, sensor de ré, som, teto solar, trava elétrica, vidro elétrico, volante multifuncional",https://sp.olx.com.br/grande-campinas/autos-e-pecas/carros-vans-e-utilitarios/bmw-320i-a-2-0-tb-m-sport-activeflex-16v-4p-2023-1531046997
1531046904,BMW 320I A 2.0 TB M Sport Activeflex 16V 4P 2022,231900,BMW,320I,A 2.0 TB M Sport Activeflex 16V 4P,2022,30000,Gasolina,Automático,Cinza,SP,Campinas,Vila Nova,N/A,19,Não,Sim,Não,"air bag, ar condicionado, alarme, bancos de couro, câmera de ré, computador de bordo, conexão usb, controle automático de velocidade, navegador gps, rodas de liga leve, sensor de ré, som, teto solar, trava elétrica, vidro elétrico, volante multifuncional",https://sp.olx.com.br/grande-campinas/autos-e-pecas/carros-vans-e-utilitarios/bmw-320i-a-2-0-tb-m-sport-activeflex-16v-4p-2022-1531046904
1531044622,BMW X1 Sdrive 20I X-line 2.0 TB Aut. 2023,234900,BMW,X1,Sdrive 20I X-line 2.0 TB Aut.,2023,55000,Gasolina,Automático,Prata,SP,Campinas,Vila Nova,N/A,19,Sim,Não,Não,"air bag, ar condicionado, alarme, bancos de couro, câmera de ré, computador de bordo, conexão usb, controle automático de velocidade, navegador gps, rodas de liga leve, sensor de ré, som, teto solar, trava elétrica, vidro elétrico, volante multifuncional",https://sp.olx.com.br/grande-campinas/autos-e-pecas/carros-vans-e-utilitarios/bmw-x1-sdrive-20i-x-line-2-0-tb-aut-2023-1531044622
1531044574,BMW 320I 320i 2023,243900,BMW,320I,320i,2023,35000,Flex,Automático,Preto,SP,Campinas,Vila Nova,N/A,19,Não,Sim,Não,"air bag, ar condicionado, alarme, bancos de couro, câmera de ré, computador de bordo, navegador gps, rodas de liga leve, sensor de ré, som, teto solar, trava elétrica, vidro elétrico, volante multifuncional",https://sp.olx.com.br/grande-campinas/autos-e-pecas/carros-vans-e-utilitarios/bmw-320i-320i-2023-1531044574
1531044523,BMW 320I A 2.0 TB M Sport Activeflex 16V 4P 2026,328800,BMW,320I,A 2.0 TB M Sport Activeflex 16V 4P,2026,12000,Flex,Automático,Cinza,SP,Campinas,Vila Nova,N/A,19,Sim,Não,Não,"air bag, ar condicionado, alarme, bancos de couro, câmera de ré, computador de bordo, conexão usb, navegador gps, rodas de liga leve, sensor de ré, som, teto solar, trava elétrica, vidro elétrico, volante multifuncional",https://sp.olx.com.br/grande-campinas/autos-e-pecas/carros-vans-e-utilitarios/bmw-320i-a-2-0-tb-m-sport-activeflex-16v-4p-2026-1531044523
1531044510,BMW 320I 320i 2021,196900,BMW,320I,320i,2021,51000,Flex,Automático,Preto,SP,Campinas,Vila Nova,N/A,19,Não,Não,Não,"air bag, ar condicionado, alarme, bancos de couro, câmera de ré, computador de bordo, conexão usb, navegador gps, rodas de liga leve, sensor de ré, som, teto solar, trava elétrica, vidro elétrico, volante multifuncional",https://sp.olx.com.br/grande-campinas/autos-e-pecas/carros-vans-e-utilitarios/bmw-320i-320i-2021-1531044510
1531044514,BMW 320I 320i 2021,183900,BMW,320I,320i,2021,29000,Flex,Automático,Prata,SP,Campinas,Vila Nova,N/A,19,Sim,Não,Não,"air bag, ar condicionado, alarme, bancos de couro, câmera de ré, computador de bordo, conexão usb, rodas de liga leve, sensor de ré, som, trava elétrica, vidro elétrico, volante multifuncional",https://sp.olx.com.br/grande-campinas/autos-e-pecas/carros-vans-e-utilitarios/bmw-320i-320i-2021-1531044514
1531030940,BMW X1 Sdrive 20I X-line 2.0 TB Aut. 2022,134900,BMW,X1,Sdrive 20I X-line 2.0 TB Aut.,2022,0,Flex,Automático,Branco,SP,Sorocaba,Jardim Emília,N/A,15,Não,Não,Não,"air bag, ar condicionado, alarme, bancos de couro, câmera de ré, computador de bordo, conexão usb, controle automático de velocidade, navegador gps, rodas de liga leve, sensor de ré, som, trava elétrica, vidro elétrico, volante multifuncional",https://sp.olx.com.br/regiao-de-sorocaba/autos-e-pecas/carros-vans-e-utilitarios/bmw-x1-sdrive-20i-x-line-2-0-tb-aut-2022-1531030940
1501738753,BMW X1 Sdrive 20I M Sport 2.0 TB Aut. 2023,283900,BMW,X1,Sdrive 20I M Sport 2.0 TB Aut.,2023,26000,Gasolina,Automático,Preto,SP,Taubaté,Jardim das Nações,N/A,12,N/A,Sim,Não,"air bag, ar condicionado, alarme, bancos de couro, câmera de ré, computador de bordo, conexão usb, controle automático de velocidade, navegador gps, rodas de liga leve, sensor de ré, som, teto solar, trava elétrica, vidro elétrico, volante multifuncional",https://sp.olx.com.br/vale-do-paraiba-e-litoral-norte/autos-e-pecas/carros-vans-e-utilitarios/bmw-x1-sdrive-20i-m-sport-2-0-tb-aut-2023-1501738753
1531019436,BMW X1 Sdrive 20I 2.0/2.0 TB Acti.flex Aut. 2020,114000,BMW,X1,Sdrive 20I 2.0/2.0 TB Acti.flex Aut.,2020,90000,Flex,Automático,Branco,SP,Mairiporã,Caraguatá,N/A,11,Não,Sim,Não,"air bag, ar condicionado, alarme, bancos de couro, câmera de ré, computador de bordo, conexão usb, controle automático de velocidade, navegador gps, rodas de liga leve, sensor de ré, trava elétrica, vidro elétrico, volante multifuncional",https://sp.olx.com.br/sao-paulo-e-regiao/autos-e-pecas/carros-vans-e-utilitarios/bmw-x1-sdrive-20i-2-0-2-0-tb-acti-flex-aut-2020-1531019436
1527180597,BMW X1 Sdrive 20I X-line 2.0 TB Active Flex 2022,137900,BMW,X1,Sdrive 20I X-line 2.0 TB Active Flex,2022,68400,Flex,Automático,Preto,SP,São Paulo,Parque São Rafael,N/A,11,Não,Sim,Não,"air bag, ar condicionado, alarme, bancos de couro, câmera de ré, computador de bordo, conexão usb, controle automático de velocidade, interface bluetooth, navegador gps, rodas de liga leve, sensor de ré, som, teto solar, tração 4x4, trava elétrica, vidro elétrico, volante multifuncional",https://sp.olx.com.br/sao-paulo-e-regiao/autos-e-pecas/carros-vans-e-utilitarios/bmw-x1-sdrive-20i-x-line-2-0-tb-active-flex-2022-1527180597
1515072015,BMW X1 Sdrive 20I 2.0/2.0 TB Acti.flex Aut. 2021,129900,BMW,X1,Sdrive 20I 2.0/2.0 TB Acti.flex Aut.,2021,25000,Flex,Automático,Branco,SP,São Paulo,Jardim Dom Bosco,N/A,11,Não,Sim,Não,"air bag, ar condicionado, alarme, bancos de couro, câmera de ré, computador de bordo, conexão usb, controle automático de velocidade, interface bluetooth, navegador gps, rodas de liga leve, sensor de ré, som, trava elétrica, vidro elétrico, volante multifuncional",https://sp.olx.com.br/sao-paulo-e-regiao/autos-e-pecas/carros-vans-e-utilitarios/bmw-x1-sdrive-20i-2-0-2-0-tb-acti-flex-aut-2021-1515072015
1516698736,BMW X1 Sdrive 20I M Sport 2.0 TB Aut. 2025,309900,BMW,X1,Sdrive 20I M Sport 2.0 TB Aut.,2025,9000,Gasolina,Automático,Preto,SP,Campinas,Jardim Nossa Senhora Auxiliadora,N/A,19,Sim,Sim,Não,"air bag, ar condicionado, alarme, bancos de couro, câmera de ré, computador de bordo, conexão usb, controle automático de velocidade, navegador gps, rodas de liga leve, sensor de ré, som, teto solar, trava elétrica, vidro elétrico, volante multifuncional",https://sp.olx.com.br/grande-campinas/autos-e-pecas/carros-vans-e-utilitarios/bmw-x1-sdrive-20i-m-sport-2-0-tb-aut-2025-1516698736
1515076025,BMW 320I A Modern/sport TB 2.0/a.flex 16V 4P 2021,189900,BMW,320I,A Modern/sport TB 2.0/a.flex 16V 4P,2021,71000,Flex,Automático,Cinza,SP,São Paulo,Vila Leopoldina,N/A,11,Não,Sim,Não,"air bag, ar condicionado, alarme, bancos de couro, câmera de ré, computador de bordo, conexão usb, controle automático de velocidade, navegador gps, rodas de liga leve, sensor de ré, som, teto solar, trava elétrica, vidro elétrico, volante multifuncional",https://sp.olx.com.br/sao-paulo-e-regiao/autos-e-pecas/carros-vans-e-utilitarios/bmw-320i-a-modern-sport-tb-2-0-a-flex-16v-4p-2021-1515076025
1530884896,BMW 320I A Modern/sport TB 2.0/a.flex 16V 4P 2021,165000,BMW,320I,A Modern/sport TB 2.0/a.flex 16V 4P,2021,95000,Flex,Automático,Azul,SP,São José dos Campos,Vila Ema,N/A,12,N/A,N/A,N/A,"air bag, ar condicionado, alarme, bancos de couro, câmera de ré, computador de bordo, conexão usb, controle automático de velocidade, navegador gps, rodas de liga leve, sensor de ré, teto solar, trava elétrica, vidro elétrico, volante multifuncional",https://sp.olx.com.br/vale-do-paraiba-e-litoral-norte/autos-e-pecas/carros-vans-e-utilitarios/bmw-320i-a-modern-sport-tb-2-0-a-flex-16v-4p-2021-1530884896
1493717229,BMW M3 Competition M 3.0 Bi-TB 510cv 2025,814900,BMW,M3,Competition M 3.0 Bi-TB 510cv,2025,1600,Gasolina,Automático,Cinza,SP,São Paulo,Mooca,N/A,11,Sim,Sim,Não,"air bag, blindado, computador de bordo, conexão usb, controle automático de velocidade, interface bluetooth, navegador gps, rodas de liga leve, som, tração 4x4, volante multifuncional",https://sp.olx.com.br/sao-paulo-e-regiao/autos-e-pecas/carros-vans-e-utilitarios/bmw-m3-competition-m-3-0-bi-tb-510cv-2025-1493717229
1433617068,BMW M2 Coupe Track 3.0 Bi-turbo 24V 460cv 3P 2025,654900,BMW,M2,Coupe Track 3.0 Bi-turbo 24V 460cv 3P,2025,9000,Gasolina,Automático,Cinza,SP,São Paulo,Mooca,N/A,11,Sim,Não,Não,"air bag, ar condicionado, alarme, sensor de ré, som, trava elétrica, vidro elétrico",https://sp.olx.com.br/sao-paulo-e-regiao/autos-e-pecas/carros-vans-e-utilitarios/bmw-m2-coupe-track-3-0-bi-turbo-24v-460cv-3p-2025-1433617068
1490824570,BMW M3 Competition M 3.0 Bi-TB 510cv 2025,814900,BMW,M3,Competition M 3.0 Bi-TB 510cv,2025,6000,Gasolina,Automático,Cinza,SP,São Paulo,Mooca,N/A,11,Sim,Sim,Não,"air bag, ar condicionado, alarme, blindado, sensor de ré, som, trava elétrica, vidro elétrico",https://sp.olx.com.br/sao-paulo-e-regiao/autos-e-pecas/carros-vans-e-utilitarios/bmw-m3-competition-m-3-0-bi-tb-510cv-2025-1490824570
1157189057,BMW 330i M Sport - Automática - 2020,222500,BMW,330I,M Sport 2.0 TB 16V 4P,2020,62000,Gasolina,Automático,Cinza,SP,Osvaldo Cruz,Centro,N/A,18,Sim,Sim,Não,"air bag, ar condicionado, alarme, bancos de couro, câmera de ré, computador de bordo, conexão usb, controle automático de velocidade, navegador gps, rodas de liga leve, sensor de ré, teto solar, trava elétrica, vidro elétrico, volante multifuncional",https://sp.olx.com.br/regiao-de-presidente-prudente/autos-e-pecas/carros-vans-e-utilitarios/bmw-330i-m-sport-automatica-2020-1157189057
1507357775,BMW X1 Sdrive 20I M Sport 2.0 TB Aut. 2024,293900,BMW,X1,Sdrive 20I M Sport 2.0 TB Aut.,2024,46770,Gasolina,Automático,Azul,SP,Sorocaba,Vila Assis,N/A,15,N/A,Não,Não,"air bag, ar condicionado, alarme, bancos de couro, câmera de ré, computador de bordo, conexão usb, controle automático de velocidade, navegador gps, rodas de liga leve, sensor de ré, som, teto solar, trava elétrica, vidro elétrico, volante multifuncional",https://sp.olx.com.br/regiao-de-sorocaba/autos-e-pecas/carros-vans-e-utilitarios/bmw-x1-sdrive-20i-m-sport-2-0-tb-aut-2024-1507357775
1530805560,BMW X1 Sdrive 20I M Sport 2.0 TB Aut. 2024,200000,BMW,X1,Sdrive 20I M Sport 2.0 TB Aut.,2024,46000,Gasolina,Automático,Azul,SP,Sorocaba,Vila Hortência,N/A,15,Não,Não,Não,"air bag, ar condicionado, alarme, bancos de couro, câmera de ré, computador de bordo, conexão usb, controle automático de velocidade, navegador gps, rodas de liga leve, sensor de ré, som, teto solar, trava elétrica, vidro elétrico, volante multifuncional",https://sp.olx.com.br/regiao-de-sorocaba/autos-e-pecas/carros-vans-e-utilitarios/bmw-x1-sdrive-20i-m-sport-2-0-tb-aut-2024-1530805560
1522242335,BMW X2 Sdrive 20I 2.0 TB 16V 192cv AUT 2020,159990,BMW,X2,Sdrive 20I 2.0 TB 16V 192cv AUT,2020,84000,Flex,Automático,Azul,SP,Campinas,Jardim Flamboyant,N/A,19,N/A,Sim,Não,"air bag, ar condicionado, alarme, bancos de couro, câmera de ré, computador de bordo, conexão usb, controle automático de velocidade, navegador gps, rodas de liga leve, sensor de ré, som, teto solar, trava elétrica, vidro elétrico, volante multifuncional",https://sp.olx.com.br/grande-campinas/autos-e-pecas/carros-vans-e-utilitarios/bmw-x2-sdrive-20i-2-0-tb-16v-192cv-aut-2020-1522242335
1510882790,BMW X1 Sdrive 20I 2.0/2.0 TB Acti.flex Aut. 2020,128890,BMW,X1,Sdrive 20I 2.0/2.0 TB Acti.flex Aut.,2020,71760,Flex,Automático,Cinza,SP,Praia Grande,Aviação,N/A,13,Não,Sim,Não,"air bag, ar condicionado, alarme, bancos de couro, câmera de ré, computador de bordo, conexão usb, controle automático de velocidade, navegador gps, rodas de liga leve, sensor de ré, trava elétrica, vidro elétrico, volante multifuncional",https://sp.olx.com.br/baixada-santista-e-litoral-sul/autos-e-pecas/carros-vans-e-utilitarios/bmw-x1-sdrive-20i-2-0-2-0-tb-acti-flex-aut-2020-1510882790
1399961039,Bmw 745Le M Sport Sedan 3.0 V6 Híbrido Aut.,550000,BMW,745LE,M Sport Sedan 3.0 V6 Híbrido Aut.,2022,21000,Híbrido,Automático,Preto,SP,Santos,Encruzilhada,N/A,13,Sim,Sim,Não,"air bag, alarme, sensor de ré, som, trava elétrica, vidro elétrico",https://sp.olx.com.br/baixada-santista-e-litoral-sul/autos-e-pecas/carros-vans-e-utilitarios/bmw-745le-m-sport-sedan-3-0-v6-hibrido-aut-1399961039
1523360783,BMW X1 Sdrive 20I 2.0/2.0 TB Acti.flex Aut. 2022,156900,BMW,X1,Sdrive 20I 2.0/2.0 TB Acti.flex Aut.,2022,79350,Flex,Automático,Cinza,SP,Barueri,Alphaville Centro Industrial e Empresarial/Alphaville.,N/A,11,Não,Sim,Não,"air bag, ar condicionado, alarme, bancos de couro, câmera de ré, computador de bordo, conexão usb, controle automático de velocidade, navegador gps, rodas de liga leve, sensor de ré, som, teto solar, trava elétrica, vidro elétrico, volante multifuncional",https://sp.olx.com.br/sao-paulo-e-regiao/autos-e-pecas/carros-vans-e-utilitarios/bmw-x1-sdrive-20i-2-0-2-0-tb-acti-flex-aut-2022-1523360783
1530761433,BMW X3 Xdrive 20I 2.0/x-line Bi-TB Flex Aut. 2020,159999,BMW,X3,Xdrive 20I 2.0/x-line Bi-TB Flex Aut.,2020,115000,Gasolina,Automático,Azul,SP,São Paulo,Vila Gomes Cardim,N/A,11,Não,Não,Não,"air bag, ar condicionado, alarme, bancos de couro, câmera de ré, computador de bordo, conexão usb, controle automático de velocidade, navegador gps, rodas de liga leve, sensor de ré, som, teto solar, tração 4x4, trava elétrica, vidro elétrico, volante multifuncional",https://sp.olx.com.br/sao-paulo-e-regiao/autos-e-pecas/carros-vans-e-utilitarios/bmw-x3-xdrive-20i-2-0-x-line-bi-tb-flex-aut-2020-1530761433
1524620240,BMW X1 Sdrive 20I M Sport 2.0 TB Aut. 2025,297890,BMW,X1,Sdrive 20I M Sport 2.0 TB Aut.,2025,24000,Gasolina,Automático,Prata,SP,Campinas,Jardim Novo Campos Elíseos,N/A,19,Não,Sim,Não,"air bag, ar condicionado, alarme, bancos de couro, câmera de ré, computador de bordo, conexão usb, controle automático de velocidade, navegador gps, rodas de liga leve, sensor de ré, som, teto solar, trava elétrica, vidro elétrico, volante multifuncional",https://sp.olx.com.br/grande-campinas/autos-e-pecas/carros-vans-e-utilitarios/bmw-x1-sdrive-20i-m-sport-2-0-tb-aut-2025-1524620240
1530673875,BMW 320I A Modern/sport TB 2.0/a.flex 16V 4P 2021,186000,BMW,320I,A Modern/sport TB 2.0/a.flex 16V 4P,2021,59500,Flex,Automático,Cinza,SP,São Paulo,Jardim Teresa,N/A,11,Não,N/A,N/A,"air bag, ar condicionado, alarme, bancos de couro, câmera de ré, computador de bordo, conexão usb, controle automático de velocidade, interface bluetooth, navegador gps, rodas de liga leve, sensor de ré, som, teto solar, trava elétrica, vidro elétrico, volante multifuncional",https://sp.olx.com.br/sao-paulo-e-regiao/autos-e-pecas/carros-vans-e-utilitarios/bmw-320i-a-modern-sport-tb-2-0-a-flex-16v-4p-2021-1530673875
1530632341,BMW X1 Sdrive 20I X-line 2.0 TB Active Flex 2022,185900,BMW,X1,Sdrive 20I X-line 2.0 TB Active Flex,2022,32000,Flex,Automático,Azul,SP,Guarulhos,Jardim Pinhal,N/A,11,Não,Sim,Não,"air bag, ar condicionado, alarme, bancos de couro, câmera de ré, computador de bordo, conexão usb, controle automático de velocidade, navegador gps, rodas de liga leve, sensor de ré, teto solar, trava elétrica, vidro elétrico, volante multifuncional",https://sp.olx.com.br/sao-paulo-e-regiao/autos-e-pecas/carros-vans-e-utilitarios/bmw-x1-sdrive-20i-x-line-2-0-tb-active-flex-2022-1530632341
1508995442,BMW X1 Sdrive 20I M Sport 2.0 TB Aut. 2024,297900,BMW,X1,Sdrive 20I M Sport 2.0 TB Aut.,2024,44000,Gasolina,Automático,Azul,SP,Sorocaba,Além Ponte,N/A,15,Não,Não,Não,"air bag, ar condicionado, alarme, bancos de couro, câmera de ré, computador de bordo, conexão usb, controle automático de velocidade, navegador gps, rodas de liga leve, sensor de ré, som, teto solar, trava elétrica, vidro elétrico, volante multifuncional",https://sp.olx.com.br/regiao-de-sorocaba/autos-e-pecas/carros-vans-e-utilitarios/bmw-x1-sdrive-20i-m-sport-2-0-tb-aut-2024-1508995442
1512820008,BMW 320I A 2.0 TB M Sport Activeflex 16V 4P 2024,275000,BMW,320I,A 2.0 TB M Sport Activeflex 16V 4P,2024,29000,Flex,Automático,Azul,SP,São José do Rio Preto,Higienópolis,N/A,17,Não,Não,Não,"air bag, ar condicionado, alarme, bancos de couro, câmera de ré, computador de bordo, conexão usb, controle automático de velocidade, navegador gps, rodas de liga leve, sensor de ré, som, teto solar, trava elétrica, vidro elétrico, volante multifuncional",https://sp.olx.com.br/regiao-de-sao-jose-do-rio-preto/autos-e-pecas/carros-vans-e-utilitarios/bmw-320i-a-2-0-tb-m-sport-activeflex-16v-4p-2024-1512820008
1513827953,BMW 330E M Sport 2.0 Turbo Híbrido AU 2021,199900,BMW,330E,M Sport 2.0 Turbo Híbrido AU,2021,86000,Híbrido,Automático,Preto,SP,São José do Rio Preto,Higienópolis,N/A,17,Não,Não,Não,"air bag, ar condicionado, alarme, bancos de couro, câmera de ré, computador de bordo, conexão usb, controle automático de velocidade, navegador gps, rodas de liga leve, sensor de ré, som, teto solar, trava elétrica, vidro elétrico, volante multifuncional",https://sp.olx.com.br/regiao-de-sao-jose-do-rio-preto/autos-e-pecas/carros-vans-e-utilitarios/bmw-330e-m-sport-2-0-turbo-hibrido-au-2021-1513827953
1530600858,BMW 320I A 2.0 TB M Sport Activeflex 16V 4P 2026,325900,BMW,320I,A 2.0 TB M Sport Activeflex 16V 4P,2026,13000,N/A,,Azul,SP,São José do Rio Preto,Higienópolis,N/A,17,Sim,Não,Não,teto solar,https://sp.olx.com.br/regiao-de-sao-jose-do-rio-preto/autos-e-pecas/carros-vans-e-utilitarios/bmw-320i-a-2-0-tb-m-sport-activeflex-16v-4p-2026-1530600858
1530598677,BMW X1 Sdrive 20I X-line 2.0 TB Aut. 2025,285890,BMW,X1,Sdrive 20I X-line 2.0 TB Aut.,2025,8000,Gasolina,Automático,Prata,SP,Campinas,Jardim Chapadão,N/A,19,Não,Sim,Não,"air bag, ar condicionado, alarme, bancos de couro, câmera de ré, computador de bordo, conexão usb, controle automático de velocidade, navegador gps, rodas de liga leve, sensor de ré, som, teto solar, trava elétrica, vidro elétrico, volante multifuncional",https://sp.olx.com.br/grande-campinas/autos-e-pecas/carros-vans-e-utilitarios/bmw-x1-sdrive-20i-x-line-2-0-tb-aut-2025-1530598677
1530544995,BMW X1 Sdrive 20I 2.0/2.0 TB Acti.flex Aut. 2022,214900,BMW,X1,Sdrive 20I 2.0/2.0 TB Acti.flex Aut.,2022,67000,Flex,Automático,Preto,SP,Ribeirão Preto,Nova Ribeirânia,N/A,16,Não,Sim,Não,"air bag, ar condicionado, alarme, bancos de couro, câmera de ré, computador de bordo, conexão usb, controle automático de velocidade, navegador gps, rodas de liga leve, sensor de ré, trava elétrica, vidro elétrico, volante multifuncional",https://sp.olx.com.br/regiao-de-ribeirao-preto/autos-e-pecas/carros-vans-e-utilitarios/bmw-x1-sdrive-20i-2-0-2-0-tb-acti-flex-aut-2022-1530544995
1530527384,BMW X1 Sdrive 20I X-line 2.0 TB Active Flex 2020,142000,BMW,X1,Sdrive 20I X-line 2.0 TB Active Flex,2020,62500,Flex,Automático,Branco,SP,Diadema,Centro,N/A,11,Não,Sim,Não,"air bag, ar condicionado, alarme, bancos de couro, câmera de ré, computador de bordo, conexão usb, controle automático de velocidade, interface bluetooth, navegador gps, rodas de liga leve, sensor de ré, som, teto solar, trava elétrica, vidro elétrico, volante multifuncional",https://sp.olx.com.br/sao-paulo-e-regiao/autos-e-pecas/carros-vans-e-utilitarios/bmw-x1-sdrive-20i-x-line-2-0-tb-active-flex-2020-1530527384
1530526019,BMW X1 Sdrive 20I 2.0/2.0 TB Acti.flex Aut. 2020,129900,BMW,X1,Sdrive 20I 2.0/2.0 TB Acti.flex Aut.,2020,101351,Flex,Automático,Preto,SP,Guaratinguetá,Campo do Galvão,N/A,12,N/A,Não,Não,"air bag, ar condicionado, alarme, bancos de couro, câmera de ré, computador de bordo, conexão usb, controle automático de velocidade, navegador gps, rodas de liga leve, sensor de ré, som, trava elétrica, vidro elétrico, volante multifuncional",https://sp.olx.com.br/vale-do-paraiba-e-litoral-norte/autos-e-pecas/carros-vans-e-utilitarios/bmw-x1-sdrive-20i-2-0-2-0-tb-acti-flex-aut-2020-1530526019
1530524453,BMW X6 Xdrive 40I M Sport 3.0 Bi-turbo 2021,429990,BMW,X6,Xdrive 40I M Sport 3.0 Bi-turbo,2021,20000,Gasolina,Automático,Branco,SP,São Bernardo do Campo,Centro,N/A,11,Não,Sim,Não,"air bag, ar condicionado, alarme, bancos de couro, câmera de ré, computador de bordo, conexão usb, controle automático de velocidade, navegador gps, rodas de liga leve, sensor de ré, som, teto solar, tração 4x4, trava elétrica, vidro elétrico, volante multifuncional",https://sp.olx.com.br/sao-paulo-e-regiao/autos-e-pecas/carros-vans-e-utilitarios/bmw-x6-xdrive-40i-m-sport-3-0-bi-turbo-2021-1530524453
1530511561,BMW 320I A Modern/sport TB 2.0/a.flex 16V 4P 2021,184990,BMW,320I,A Modern/sport TB 2.0/a.flex 16V 4P,2021,112829,Flex,Automático,Preto,SP,Presidente Prudente,Vila Santa Helena,N/A,18,Sim,Sim,Não,"air bag, ar condicionado, alarme, bancos de couro, câmera de ré, computador de bordo, conexão usb, controle automático de velocidade, interface bluetooth, navegador gps, rodas de liga leve, sensor de ré, som, teto solar, trava elétrica, vidro elétrico, volante multifuncional",https://sp.olx.com.br/regiao-de-presidente-prudente/autos-e-pecas/carros-vans-e-utilitarios/bmw-320i-a-modern-sport-tb-2-0-a-flex-16v-4p-2021-1530511561
1512203460,BMW X1 Sdrive 20I M Sport 2.0 TB Aut. 2025,310000,BMW,X1,Sdrive 20I M Sport 2.0 TB Aut.,2025,15500,Gasolina,,Branco,SP,São Paulo,Vila Madalena,N/A,11,Sim,Sim,Não,"air bag, ar condicionado, alarme, bancos de couro, câmera de ré, computador de bordo, conexão usb, controle automático de velocidade, navegador gps, rodas de liga leve, sensor de ré, som, teto solar, trava elétrica, vidro elétrico, volante multifuncional",https://sp.olx.com.br/sao-paulo-e-regiao/autos-e-pecas/carros-vans-e-utilitarios/bmw-x1-sdrive-20i-m-sport-2-0-tb-aut-2025-1512203460
1513316375,BMW X2 Sdrive 18I 1.5 Activeflex 136cv Aut. 2020,175000,BMW,X2,Sdrive 18I 1.5 Activeflex 136cv Aut.,2020,47000,Flex,Automático,N/A,SP,São Paulo,Mooca,N/A,11,N/A,Não,Não,"air bag, ar condicionado, alarme, bancos de couro, câmera de ré, computador de bordo, conexão usb, controle automático de velocidade, navegador gps, rodas de liga leve, sensor de ré, trava elétrica, vidro elétrico, volante multifuncional",https://sp.olx.com.br/sao-paulo-e-regiao/autos-e-pecas/carros-vans-e-utilitarios/bmw-x2-sdrive-18i-1-5-activeflex-136cv-aut-2020-1513316375
1502473116,BMW X4 M40i 3.0 Turbo V6 360cv Aut. 2021,298000,BMW,X4,M40i 3.0 Turbo V6 360cv Aut.,2021,69000,Gasolina,Automático,Preto,SP,Sorocaba,Centro,N/A,15,Não,Sim,Não,"air bag, ar condicionado, alarme, bancos de couro, câmera de ré, computador de bordo, conexão usb, controle automático de velocidade, navegador gps, rodas de liga leve, sensor de ré, teto solar, tração 4x4, trava elétrica, vidro elétrico, volante multifuncional",https://sp.olx.com.br/regiao-de-sorocaba/autos-e-pecas/carros-vans-e-utilitarios/bmw-x4-m40i-3-0-turbo-v6-360cv-aut-2021-1502473116
1530490171,BMW X1 Sdrive 20I X-line 2.0 TB Aut. 2025,275000,BMW,X1,Sdrive 20I X-line 2.0 TB Aut.,2025,25000,Gasolina,Automático,Branco,SP,Santa Bárbara D'Oeste,Vila Dainese,N/A,19,Sim,Sim,Não,"air bag, ar condicionado, alarme, bancos de couro, câmera de ré, computador de bordo, conexão usb, controle automático de velocidade, navegador gps, rodas de liga leve, sensor de ré, som, teto solar, trava elétrica, vidro elétrico, volante multifuncional",https://sp.olx.com.br/grande-campinas/autos-e-pecas/carros-vans-e-utilitarios/bmw-x1-sdrive-20i-x-line-2-0-tb-aut-2025-1530490171
1514134129,BMW X1 Sdrive 18I GP 1.5 TB Aut. 2025,245900,BMW,X1,Sdrive 18I GP 1.5 TB Aut.,2025,19000,Gasolina,Automático,Verde,SP,São José do Rio Preto,Jardim Vista Alegre,N/A,17,Não,Não,Não,"air bag, ar condicionado, alarme, bancos de couro, câmera de ré, computador de bordo, conexão usb, controle automático de velocidade, navegador gps, rodas de liga leve, sensor de ré, trava elétrica, vidro elétrico, volante multifuncional",https://sp.olx.com.br/regiao-de-sao-jose-do-rio-preto/autos-e-pecas/carros-vans-e-utilitarios/bmw-x1-sdrive-18i-gp-1-5-tb-aut-2025-1514134129
1530443035,BMW X1 Sdrive 20I M Sport 2.0 TB Aut. 2026,329990,BMW,X1,Sdrive 20I M Sport 2.0 TB Aut.,2026,11000,N/A,Automático,Verde,SP,São Joaquim da Barra,Vila Armazéns Gerais,N/A,16,Sim,Sim,Não,"air bag, ar condicionado, alarme, bancos de couro, câmera de ré, computador de bordo, conexão usb, controle automático de velocidade, interface bluetooth, navegador gps, rodas de liga leve, sensor de ré, som, teto solar, trava elétrica, vidro elétrico, volante multifuncional",https://sp.olx.com.br/regiao-de-ribeirao-preto/autos-e-pecas/carros-vans-e-utilitarios/bmw-x1-sdrive-20i-m-sport-2-0-tb-aut-2026-1530443035
1528714732,BMW 320I A Modern/sport TB 2.0/a.flex 16V 4P 2021,160000,BMW,320I,A Modern/sport TB 2.0/a.flex 16V 4P,2021,55000,Flex,Automático,Cinza,SP,Caraguatatuba,Indaiá,N/A,12,Não,Sim,Não,"air bag, ar condicionado, alarme, bancos de couro, câmera de ré, computador de bordo, conexão usb, controle automático de velocidade, navegador gps, rodas de liga leve, sensor de ré, trava elétrica, vidro elétrico, volante multifuncional",https://sp.olx.com.br/vale-do-paraiba-e-litoral-norte/autos-e-pecas/carros-vans-e-utilitarios/bmw-320i-a-modern-sport-tb-2-0-a-flex-16v-4p-2021-1528714732
1523060889,BMW X3 Xdrive 20I 2.0/x-line Bi-TB Flex Aut. 2020,160000,BMW,X3,Xdrive 20I 2.0/x-line Bi-TB Flex Aut.,2020,77000,Gasolina,Automático,Cinza,SP,Taubaté,Centro,N/A,12,Não,Sim,Não,"air bag, ar condicionado, alarme, bancos de couro, câmera de ré, computador de bordo, conexão usb, controle automático de velocidade, navegador gps, rodas de liga leve, sensor de ré, teto solar, tração 4x4, trava elétrica, vidro elétrico, volante multifuncional",https://sp.olx.com.br/vale-do-paraiba-e-litoral-norte/autos-e-pecas/carros-vans-e-utilitarios/bmw-x3-xdrive-20i-2-0-x-line-bi-tb-flex-aut-2020-1523060889
1530362677,BMW 320I A 2.0 TB M Sport Activeflex 16V 4P 2025,309900,BMW,320I,A 2.0 TB M Sport Activeflex 16V 4P,2025,19000,Flex,Automático,Preto,SP,Ribeirão Preto,Jardim Botânico,N/A,16,N/A,Não,Não,N/A,https://sp.olx.com.br/regiao-de-ribeirao-preto/autos-e-pecas/carros-vans-e-utilitarios/bmw-320i-a-2-0-tb-m-sport-activeflex-16v-4p-2025-1530362677
1530350625,BMW X1 Sdrive 20I 2.0/2.0 TB Acti.flex Aut. 2020,128890,BMW,X1,Sdrive 20I 2.0/2.0 TB Acti.flex Aut.,2020,72000,Flex,Automático,Cinza,SP,Guarujá,Vila Santa Rosa,N/A,13,N/A,Sim,Não,"air bag, ar condicionado, alarme, bancos de couro, câmera de ré, computador de bordo, conexão usb, controle automático de velocidade, navegador gps, rodas de liga leve, sensor de ré, som, trava elétrica, vidro elétrico, volante multifuncional",https://sp.olx.com.br/baixada-santista-e-litoral-sul/autos-e-pecas/carros-vans-e-utilitarios/bmw-x1-sdrive-20i-2-0-2-0-tb-acti-flex-aut-2020-1530350625
1413498145,BMW X1 Sdrive 20I 2.0/2.0 TB Acti.flex Aut. 2020,148000,BMW,X1,Sdrive 20I 2.0/2.0 TB Acti.flex Aut.,2020,40000,Flex,Automático,Preto,SP,Guarulhos,Jardim Ponte Alta I,N/A,11,Não,Sim,Não,"air bag, ar condicionado, alarme, bancos de couro, câmera de ré, computador de bordo, conexão usb, controle automático de velocidade, navegador gps, rodas de liga leve, sensor de ré, trava elétrica, vidro elétrico, volante multifuncional",https://sp.olx.com.br/sao-paulo-e-regiao/autos-e-pecas/carros-vans-e-utilitarios/bmw-x1-sdrive-20i-2-0-2-0-tb-acti-flex-aut-2020-1413498145
1530346105,BMW X1 Sdrive 20I X-line 2.0 TB Active Flex 2022,199900,BMW,X1,Sdrive 20I X-line 2.0 TB Active Flex,2022,44900,Flex,Automático,Cinza,SP,São Paulo,Vila Maria Trindade,N/A,11,Não,Sim,Não,"air bag, ar condicionado, alarme, bancos de couro, câmera de ré, computador de bordo, conexão usb, controle automático de velocidade, navegador gps, rodas de liga leve, sensor de ré, som, teto solar, trava elétrica, vidro elétrico, volante multifuncional",https://sp.olx.com.br/sao-paulo-e-regiao/autos-e-pecas/carros-vans-e-utilitarios/bmw-x1-sdrive-20i-x-line-2-0-tb-active-flex-2022-1530346105
1530321085,BMW 320I A 2.0 TB M Sport Activeflex 16V 4P 2020,227000,BMW,320I,A 2.0 TB M Sport Activeflex 16V 4P,2020,26000,Gasolina,Automático,N/A,SP,São Paulo,Mooca,N/A,11,N/A,Não,Não,"air bag, ar condicionado, alarme, bancos de couro, câmera de ré, computador de bordo, conexão usb, controle automático de velocidade, navegador gps, rodas de liga leve, sensor de ré, som, teto solar, trava elétrica, vidro elétrico, volante multifuncional",https://sp.olx.com.br/sao-paulo-e-regiao/autos-e-pecas/carros-vans-e-utilitarios/bmw-320i-a-2-0-tb-m-sport-activeflex-16v-4p-2020-1530321085
1530316953,BMW X1 Sdrive 20I M Sport 2.0 TB Aut. 2024,117960,BMW,X1,Sdrive 20I M Sport 2.0 TB Aut.,2024,46770,Gasolina,,Azul,SP,Sorocaba,Jardim Astro,N/A,15,Não,Sim,Não,"air bag, ar condicionado, alarme, bancos de couro, câmera de ré, computador de bordo, conexão usb, controle automático de velocidade, navegador gps, rodas de liga leve, sensor de ré, som, teto solar, trava elétrica, vidro elétrico, volante multifuncional",https://sp.olx.com.br/regiao-de-sorocaba/autos-e-pecas/carros-vans-e-utilitarios/bmw-x1-sdrive-20i-m-sport-2-0-tb-aut-2024-1530316953
1530316637,BMW 320I A 2.0 TB M Sport Activeflex 16V 4P 2024,289900,BMW,320I,A 2.0 TB M Sport Activeflex 16V 4P,2024,12970,Flex,Automático,Cinza,SP,Vinhedo,Marambaia,N/A,19,N/A,N/A,N/A,"air bag, ar condicionado, alarme, bancos de couro, câmera de ré, computador de bordo, conexão usb, controle automático de velocidade, navegador gps, rodas de liga leve, sensor de ré, som, teto solar, trava elétrica, vidro elétrico, volante multifuncional",https://sp.olx.com.br/grande-campinas/autos-e-pecas/carros-vans-e-utilitarios/bmw-320i-a-2-0-tb-m-sport-activeflex-16v-4p-2024-1530316637
1496096097,BMW X6 Xdrive 40I M Sport 3.0 Bi-turbo 2021,495000,BMW,X6,Xdrive 40I M Sport 3.0 Bi-turbo,2021,25389,Gasolina,Automático,Cinza,SP,Bauru,Jardim América,N/A,14,N/A,Não,Não,"air bag, ar condicionado, alarme, bancos de couro, câmera de ré, computador de bordo, conexão usb, controle automático de velocidade, navegador gps, rodas de liga leve, sensor de ré, som, teto solar, tração 4x4, trava elétrica, vidro elétrico, volante multifuncional",https://sp.olx.com.br/regiao-de-bauru-e-marilia/autos-e-pecas/carros-vans-e-utilitarios/bmw-x6-xdrive-40i-m-sport-3-0-bi-turbo-2021-1496096097
1474732274,BMW X6 Xdrive 40I M Sport 3.0 Bi-turbo 2020,439990,BMW,X6,Xdrive 40I M Sport 3.0 Bi-turbo,2020,70000,Gasolina,Automático,Cinza,SP,Guarulhos,Vila Vicentina,N/A,11,Não,Não,Não,"air bag, air bag, ar condicionado, ar condicionado, alarme, alarme, bancos de couro, bancos de couro, câmera de ré, computador de bordo, conexão usb, controle automático de velocidade, interface bluetooth, navegador gps, rodas de liga leve, rodas de liga leve, sensor de ré, som, teto solar, teto solar, tração 4x4, trava elétrica, trava elétrica, vidro elétrico, volante multifuncional",https://sp.olx.com.br/sao-paulo-e-regiao/autos-e-pecas/carros-vans-e-utilitarios/bmw-x6-xdrive-40i-m-sport-3-0-bi-turbo-2020-1474732274
1530240019,BMW X3 M40i 3.0 Turbo V6 360cv Aut. 2021,309900,BMW,X3,M40i 3.0 Turbo V6 360cv Aut.,2021,40477,Gasolina,Automático,Branco,SP,Franca,Jardim Veneza,N/A,16,N/A,Não,Não,"air bag, ar condicionado, alarme, bancos de couro, câmera de ré, computador de bordo, controle automático de velocidade, navegador gps, rodas de liga leve, sensor de ré, som, teto solar, tração 4x4, trava elétrica, vidro elétrico, volante multifuncional",https://sp.olx.com.br/regiao-de-ribeirao-preto/autos-e-pecas/carros-vans-e-utilitarios/bmw-x3-m40i-3-0-turbo-v6-360cv-aut-2021-1530240019
1409963858,BMW X3 Xdrive 30E M Sport Turbo Híbrido Aut. 2022,229900,BMW,X3,Xdrive 30E M Sport Turbo Híbrido Aut.,2022,103000,Híbrido,Automático,Cinza,SP,Ribeirão Preto,City Ribeirão,N/A,16,N/A,Não,Não,"air bag, ar condicionado, alarme, bancos de couro, câmera de ré, computador de bordo, conexão usb, controle automático de velocidade, navegador gps, rodas de liga leve, sensor de ré, som, teto solar, tração 4x4, trava elétrica, vidro elétrico, volante multifuncional",https://sp.olx.com.br/regiao-de-ribeirao-preto/autos-e-pecas/carros-vans-e-utilitarios/bmw-x3-xdrive-30e-m-sport-turbo-hibrido-aut-2022-1409963858
1530220701,BMW X1 Sdrive 20I M Sport 2.0 TB Aut. 2024,293900,BMW,X1,Sdrive 20I M Sport 2.0 TB Aut.,2024,46770,Gasolina,Automático,Azul,SP,Sorocaba,Vila Assis,N/A,15,N/A,Sim,Não,"air bag, ar condicionado, alarme, bancos de couro, câmera de ré, computador de bordo, conexão usb, controle automático de velocidade, navegador gps, rodas de liga leve, sensor de ré, som, teto solar, trava elétrica, vidro elétrico, volante multifuncional",https://sp.olx.com.br/regiao-de-sorocaba/autos-e-pecas/carros-vans-e-utilitarios/bmw-x1-sdrive-20i-m-sport-2-0-tb-aut-2024-1530220701
1530220312,BMW 320I A 2.0 TB M Sport Activeflex 16V 4P 2020,191000,BMW,320I,A 2.0 TB M Sport Activeflex 16V 4P,2020,51000,Gasolina,Automático,Branco,SP,São Paulo,Jardim Iva,N/A,11,Não,Sim,Não,"air bag, ar condicionado, alarme, bancos de couro, câmera de ré, computador de bordo, conexão usb, interface bluetooth, navegador gps, rodas de liga leve, sensor de ré, som, teto solar, trava elétrica, vidro elétrico, volante multifuncional",https://sp.olx.com.br/sao-paulo-e-regiao/autos-e-pecas/carros-vans-e-utilitarios/bmw-320i-a-2-0-tb-m-sport-activeflex-16v-4p-2020-1530220312
1510972229,BMW 320I A 2.0 TB M Sport Activeflex 16V 4P 2021,206000,BMW,320I,A 2.0 TB M Sport Activeflex 16V 4P,2021,51000,Gasolina,Automático,Branco,SP,São Paulo,Vila Carrão,N/A,11,Não,Sim,Não,"air bag, ar condicionado, alarme, câmera de ré, computador de bordo, conexão usb, controle automático de velocidade, navegador gps, rodas de liga leve, sensor de ré, teto solar, trava elétrica, vidro elétrico, volante multifuncional",https://sp.olx.com.br/sao-paulo-e-regiao/autos-e-pecas/carros-vans-e-utilitarios/bmw-320i-a-2-0-tb-m-sport-activeflex-16v-4p-2021-1510972229
1530212332,BMW X1 Sdrive 20I M Sport 2.0 TB Aut. 2024,283900,BMW,X1,Sdrive 20I M Sport 2.0 TB Aut.,2024,46770,Gasolina,Automático,Azul,SP,Sorocaba,Jardim Ferreira,N/A,15,N/A,Não,Não,"air bag, ar condicionado, alarme, bancos de couro, câmera de ré, computador de bordo, conexão usb, controle automático de velocidade, navegador gps, rodas de liga leve, sensor de ré, som, teto solar, trava elétrica, vidro elétrico, volante multifuncional",https://sp.olx.com.br/regiao-de-sorocaba/autos-e-pecas/carros-vans-e-utilitarios/bmw-x1-sdrive-20i-m-sport-2-0-tb-aut-2024-1530212332
1521963943,BMW X2 Sdrive 20I 2.0 TB 16V 192cv AUT 2020,163000,BMW,X2,Sdrive 20I 2.0 TB 16V 192cv AUT,2020,69000,Flex,Automático,Azul,SP,São Paulo,Vila Nova Conceição,N/A,11,Não,Sim,Não,"air bag, ar condicionado, alarme, bancos de couro, câmera de ré, computador de bordo, conexão usb, controle automático de velocidade, navegador gps, rodas de liga leve, sensor de ré, trava elétrica, vidro elétrico, volante multifuncional",https://sp.olx.com.br/sao-paulo-e-regiao/autos-e-pecas/carros-vans-e-utilitarios/bmw-x2-sdrive-20i-2-0-tb-16v-192cv-aut-2020-1521963943
1530196477,BMW I3 BEV Full 170cv Aut. (elétrico) 2022,135000,BMW,I3,BEV Full 170cv Aut. (elétrico),2022,38000,Elétrico,Automático,Branco,SP,Ribeirão Preto,Ribeirânia,N/A,16,Não,N/A,N/A,N/A,https://sp.olx.com.br/regiao-de-ribeirao-preto/autos-e-pecas/carros-vans-e-utilitarios/bmw-i3-bev-full-170cv-aut-eletrico-2022-1530196477
1530194253,BMW X1 Sdrive 20I M Sport 2.0 TB Flex Aut. 2025,289900,BMW,X1,Sdrive 20I M Sport 2.0 TB Flex Aut.,2025,24000,Gasolina,Automático,Branco,SP,Americana,Jardim Nossa Senhora de Fátima,N/A,19,Não,Não,Não,"air bag, ar condicionado, alarme, bancos de couro, câmera de ré, computador de bordo, conexão usb, controle automático de velocidade, interface bluetooth, rodas de liga leve, sensor de ré, som, teto solar, trava elétrica, vidro elétrico",https://sp.olx.com.br/grande-campinas/autos-e-pecas/carros-vans-e-utilitarios/bmw-x1-sdrive-20i-m-sport-2-0-tb-flex-aut-2025-1530194253
1530181027,BMW 320I 320i 2022,196800,BMW,320I,320i,2022,47000,Flex,Automático,Preto,SP,Guarulhos,Vila Galvão,N/A,11,Não,Sim,Não,"air bag, alarme, sensor de ré, som, trava elétrica, vidro elétrico",https://sp.olx.com.br/sao-paulo-e-regiao/autos-e-pecas/carros-vans-e-utilitarios/bmw-320i-320i-2022-1530181027
1499069763,BMW 320I A 2.0 TB M Sport Activeflex 16V 4P 2024,299990,BMW,320I,A 2.0 TB M Sport Activeflex 16V 4P,2024,14500,Flex,Automático,Azul,SP,Itu,Jardim Padre Bento,N/A,11,Não,Não,Não,"air bag, ar condicionado, alarme, bancos de couro, câmera de ré, computador de bordo, conexão usb, controle automático de velocidade, navegador gps, rodas de liga leve, sensor de ré, som, teto solar, trava elétrica, vidro elétrico, volante multifuncional",https://sp.olx.com.br/sao-paulo-e-regiao/autos-e-pecas/carros-vans-e-utilitarios/bmw-320i-a-2-0-tb-m-sport-activeflex-16v-4p-2024-1499069763
1530128178,BMW X1 Sdrive 20I M Sport 2.0 TB Aut. 2023,335000,BMW,X1,Sdrive 20I M Sport 2.0 TB Aut.,2023,20145,Gasolina,Automático,Prata,SP,São Paulo,Alto da Lapa,N/A,11,Não,Sim,Não,"air bag, ar condicionado, alarme, bancos de couro, blindado, câmera de ré, computador de bordo, conexão usb, controle automático de velocidade, interface bluetooth, navegador gps, rodas de liga leve, sensor de ré, som, teto solar, trava elétrica, vidro elétrico, volante multifuncional",https://sp.olx.com.br/sao-paulo-e-regiao/autos-e-pecas/carros-vans-e-utilitarios/bmw-x1-sdrive-20i-m-sport-2-0-tb-aut-2023-1530128178
1530108020,BMW X6 M Competition 4.4 V8 Bi-TB 625cv AUT 2022,695000,BMW,X6,M Competition 4.4 V8 Bi-TB 625cv AUT,2022,44000,Gasolina,Automático,Preto,SP,Santana de Parnaíba,Tamboré,N/A,11,Não,Sim,Não,"air bag, ar condicionado, alarme, bancos de couro, blindado, câmera de ré, computador de bordo, conexão usb, controle automático de velocidade, interface bluetooth, navegador gps, rodas de liga leve, sensor de ré, som, teto solar, tração 4x4, trava elétrica, vidro elétrico, volante multifuncional",https://sp.olx.com.br/sao-paulo-e-regiao/autos-e-pecas/carros-vans-e-utilitarios/bmw-x6-m-competition-4-4-v8-bi-tb-625cv-aut-2022-1530108020
1497312569,BMW 320I A 2.0 TB M Sport Activeflex 16V 4P 2024,280000,BMW,320I,A 2.0 TB M Sport Activeflex 16V 4P,2024,18000,Flex,Automático,Cinza,SP,São Paulo,Vila Zat,N/A,11,Não,Sim,Não,"air bag, ar condicionado, alarme, bancos de couro, câmera de ré, computador de bordo, conexão usb, controle automático de velocidade, navegador gps, rodas de liga leve, sensor de ré, som, teto solar, trava elétrica, vidro elétrico, volante multifuncional",https://sp.olx.com.br/sao-paulo-e-regiao/autos-e-pecas/carros-vans-e-utilitarios/bmw-320i-a-2-0-tb-m-sport-activeflex-16v-4p-2024-1497312569
1528107775,BMW 320I A 2.0 TB M Sport Activeflex 16V 4P 2026,355000,BMW,320I,A 2.0 TB M Sport Activeflex 16V 4P,2026,10000,Flex,Automático,Cinza,SP,São José do Rio Pardo,Vila Brasil,N/A,19,Não,Sim,Não,"air bag, ar condicionado, alarme, bancos de couro, câmera de ré, computador de bordo, conexão usb, controle automático de velocidade, navegador gps, rodas de liga leve, sensor de ré, som, teto solar, trava elétrica, vidro elétrico, volante multifuncional",https://sp.olx.com.br/grande-campinas/autos-e-pecas/carros-vans-e-utilitarios/bmw-320i-a-2-0-tb-m-sport-activeflex-16v-4p-2026-1528107775
1530060693,BMW X1 Sdrive 20I X-line 2.0 TB Aut. 2025,292900,BMW,X1,Sdrive 20I X-line 2.0 TB Aut.,2025,4005,Gasolina,Automático,Preto,SP,São Bernardo do Campo,Rudge Ramos,N/A,11,Não,Não,Não,"air bag, air bag, ar condicionado, ar condicionado, alarme, bancos de couro, bancos de couro, câmera de ré, câmera de ré, computador de bordo, computador de bordo, conexão usb, conexão usb, controle automático de velocidade, interface bluetooth, navegador gps, rodas de liga leve, rodas de liga leve, sensor de ré, sensor de ré, teto solar, teto solar, trava elétrica, trava elétrica, vidro elétrico, vidro elétrico, volante multifuncional, volante multifuncional",https://sp.olx.com.br/sao-paulo-e-regiao/autos-e-pecas/carros-vans-e-utilitarios/bmw-x1-sdrive-20i-x-line-2-0-tb-aut-2025-1530060693
1530037572,BMW X1 Sdrive 20I X-line 2.0 TB Active Flex 2024,259900,BMW,X1,Sdrive 20I X-line 2.0 TB Active Flex,2024,45200,Gasolina,Automático,Prata,SP,Jundiaí,Vila Loureiro,N/A,11,Sim,Não,Não,"air bag, alarme, câmera de ré, sensor de ré, trava elétrica, vidro elétrico",https://sp.olx.com.br/sao-paulo-e-regiao/autos-e-pecas/carros-vans-e-utilitarios/bmw-x1-sdrive-20i-x-line-2-0-tb-active-flex-2024-1530037572
1530034180,BMW 530E M Sport 2.0 Turbo Híbrido Aut. 2022,310000,BMW,530E,M Sport 2.0 Turbo Híbrido Aut.,2022,81,Híbrido,Automático,Azul,SP,Cotia,Jardim Lina,N/A,11,Não,Não,Não,"air bag, ar condicionado, alarme, bancos de couro, blindado, câmera de ré, computador de bordo, conexão usb, controle automático de velocidade, navegador gps, rodas de liga leve, sensor de ré, som, teto solar, trava elétrica, vidro elétrico, volante multifuncional",https://sp.olx.com.br/sao-paulo-e-regiao/autos-e-pecas/carros-vans-e-utilitarios/bmw-530e-m-sport-2-0-turbo-hibrido-aut-2022-1530034180
1530019326,BMW X1 Sdrive 20I 2.0/2.0 TB Acti.flex Aut. 2021,90000,BMW,X1,Sdrive 20I 2.0/2.0 TB Acti.flex Aut.,2021,63000,Flex,Automático,Preto,SP,São José do Rio Preto,Ideal Life Ecolazer Residence,N/A,17,N/A,Sim,Não,"ar condicionado, alarme, bancos de couro, câmera de ré, computador de bordo, conexão usb, controle automático de velocidade, interface bluetooth, navegador gps, rodas de liga leve, sensor de ré, som, trava elétrica, vidro elétrico, volante multifuncional",https://sp.olx.com.br/regiao-de-sao-jose-do-rio-preto/autos-e-pecas/carros-vans-e-utilitarios/bmw-x1-sdrive-20i-2-0-2-0-tb-acti-flex-aut-2021-1530019326
1512727013,BMW M2 BMW Competition 3.0 Bi-turbo 410cv 2021,489890,BMW,M2,BMW Competition 3.0 Bi-turbo 410cv,2021,24900,Gasolina,Automático,Prata,SP,São Paulo,Imirim,N/A,11,Sim,Não,Não,"air bag, ar condicionado, alarme, bancos de couro, câmera de ré, computador de bordo, conexão usb, controle automático de velocidade, navegador gps, rodas de liga leve, sensor de ré, som, teto solar, trava elétrica, vidro elétrico, volante multifuncional",https://sp.olx.com.br/sao-paulo-e-regiao/autos-e-pecas/carros-vans-e-utilitarios/bmw-m2-bmw-competition-3-0-bi-turbo-410cv-2021-1512727013
1530012773,BMW M2 BMW Competition 3.0 Bi-turbo 410cv 2020,450000,BMW,M2,BMW Competition 3.0 Bi-turbo 410cv,2020,34800,Gasolina,Automatizado,Laranja,SP,Mauá,Jardim Guapituba,N/A,11,N/A,Sim,Não,"air bag, ar condicionado, alarme, bancos de couro, câmera de ré, computador de bordo, conexão usb, controle automático de velocidade, navegador gps, rodas de liga leve, sensor de ré, teto solar, trava elétrica, vidro elétrico, volante multifuncional",https://sp.olx.com.br/sao-paulo-e-regiao/autos-e-pecas/carros-vans-e-utilitarios/bmw-m2-bmw-competition-3-0-bi-turbo-410cv-2020-1530012773
1529995157,BMW X4 Xdrive 30I M-sport 2.0 TB. 252cv AUT 2023,340000,BMW,X4,Xdrive 30I M-sport 2.0 TB. 252cv AUT,2023,19000,Gasolina,Automático,Azul,SP,Franca,Centro,N/A,16,Sim,Sim,Não,"ar condicionado, alarme, bancos de couro, câmera de ré, computador de bordo, conexão usb, navegador gps, sensor de ré, som, teto solar, tração 4x4, trava elétrica, vidro elétrico, volante multifuncional",https://sp.olx.com.br/regiao-de-ribeirao-preto/autos-e-pecas/carros-vans-e-utilitarios/bmw-x4-xdrive-30i-m-sport-2-0-tb-252cv-aut-2023-1529995157
1529979461,BMW X6 Xdrive 40I M Sport 3.0 Bi-turbo 2020,459900,BMW,X6,Xdrive 40I M Sport 3.0 Bi-turbo,2020,65000,Gasolina,Automático,Preto,SP,São Caetano do Sul,Santo Antônio,N/A,11,Não,Sim,Não,"air bag, ar condicionado, alarme, bancos de couro, câmera de ré, computador de bordo, conexão usb, controle automático de velocidade, navegador gps, rodas de liga leve, sensor de ré, som, teto solar, tração 4x4, trava elétrica, vidro elétrico, volante multifuncional",https://sp.olx.com.br/sao-paulo-e-regiao/autos-e-pecas/carros-vans-e-utilitarios/bmw-x6-xdrive-40i-m-sport-3-0-bi-turbo-2020-1529979461
1512497559,BMW 320I A Modern/sport TB 2.0/a.flex 16V 4P 2020,189900,BMW,320I,A Modern/sport TB 2.0/a.flex 16V 4P,2020,108000,Gasolina,Automático,Cinza,SP,Sorocaba,Vila Assis,N/A,15,N/A,Não,Não,"air bag, ar condicionado, alarme, bancos de couro, câmera de ré, computador de bordo, conexão usb, controle automático de velocidade, interface bluetooth, rodas de liga leve, sensor de ré, teto solar, trava elétrica, vidro elétrico, volante multifuncional",https://sp.olx.com.br/regiao-de-sorocaba/autos-e-pecas/carros-vans-e-utilitarios/bmw-320i-a-modern-sport-tb-2-0-a-flex-16v-4p-2020-1512497559
1507428949,BMW X1 Xdrive 28I 2.0 Turbo 16V 4X4 Aut. 2022,163900,BMW,X1,Xdrive 28I 2.0 Turbo 16V 4X4 Aut.,2022,45661,Flex,Automático,Cinza,SP,Limeira,Jardim Nereide,N/A,19,Não,Sim,Não,"ar condicionado, alarme, sensor de ré, sensor de ré, vidro elétrico, vidro elétrico",https://sp.olx.com.br/grande-campinas/autos-e-pecas/carros-vans-e-utilitarios/bmw-x1-xdrive-28i-2-0-turbo-16v-4x4-aut-2022-1507428949
1531379757,BMW 320I 320i 2021,186900,BMW,320I,320i,2021,65000,Gasolina,Automático,Preto,SP,São Paulo,Chácara Mafalda,N/A,11,N/A,Não,Não,"air bag, ar condicionado, alarme, sensor de ré, trava elétrica, vidro elétrico",https://sp.olx.com.br/sao-paulo-e-regiao/autos-e-pecas/carros-vans-e-utilitarios/bmw-320i-320i-2021-1531379757
1529965030,BMW X1 Sdrive 20I X-line 2.0 TB Aut. 2022,163890,BMW,X1,Sdrive 20I X-line 2.0 TB Aut.,2022,48965,Flex,Automático,Azul,SP,São Paulo,Saúde,N/A,11,Sim,Sim,Não,"air bag, ar condicionado, alarme, bancos de couro, câmera de ré, computador de bordo, conexão usb, controle automático de velocidade, navegador gps, rodas de liga leve, sensor de ré, som, trava elétrica, vidro elétrico, volante multifuncional",https://sp.olx.com.br/sao-paulo-e-regiao/autos-e-pecas/carros-vans-e-utilitarios/bmw-x1-sdrive-20i-x-line-2-0-tb-aut-2022-1529965030
1505228541,BMW X1 Xdrive 28I 2.0 Turbo 16V 4X4 Aut. 2022,166400,BMW,X1,Xdrive 28I 2.0 Turbo 16V 4X4 Aut.,2022,45661,Flex,Automático,Cinza,SP,Osasco,Vila Yara,N/A,11,Não,Sim,Não,"ar condicionado, alarme, sensor de ré, sensor de ré, vidro elétrico, vidro elétrico",https://sp.olx.com.br/sao-paulo-e-regiao/autos-e-pecas/carros-vans-e-utilitarios/bmw-x1-xdrive-28i-2-0-turbo-16v-4x4-aut-2022-1505228541
1529942052,BMW 320I A 2.0 TB M Sport Activeflex 16V 4P 2026,329900,BMW,320I,A 2.0 TB M Sport Activeflex 16V 4P,2026,7000,Flex,Automático,Preto,SP,Jundiaí,Vila Loureiro,N/A,11,Sim,Não,Não,"air bag, alarme, câmera de ré, sensor de ré, trava elétrica, vidro elétrico",https://sp.olx.com.br/sao-paulo-e-regiao/autos-e-pecas/carros-vans-e-utilitarios/bmw-320i-a-2-0-tb-m-sport-activeflex-16v-4p-2026-1529942052
1522539841,BMW Z4 Roadster Sdrive 30I Msport 2.0 TB AUT 2021,389900,BMW,Z4,Roadster Sdrive 30I Msport 2.0 TB AUT,2021,20000,Gasolina,Automático,Branco,SP,Santa Bárbara D'Oeste,Jardim Mollon,N/A,19,Não,Não,Não,"air bag, ar condicionado, bancos de couro, câmera de ré, computador de bordo, conexão usb, controle automático de velocidade, navegador gps, rodas de liga leve, som, teto solar, trava elétrica, vidro elétrico, volante multifuncional",https://sp.olx.com.br/grande-campinas/autos-e-pecas/carros-vans-e-utilitarios/bmw-z4-roadster-sdrive-30i-msport-2-0-tb-aut-2021-1522539841
1528312532,BMW X1 Sdrive 20I M Sport 2.0 TB Aut. 2025,309900,BMW,X1,Sdrive 20I M Sport 2.0 TB Aut.,2025,7150,Gasolina,Automático,Preto,SP,Piracicaba,Centro,N/A,19,Sim,Sim,Não,"ar condicionado, alarme, bancos de couro, câmera de ré, computador de bordo, conexão usb, navegador gps, sensor de ré, som, teto solar, trava elétrica, vidro elétrico, volante multifuncional",https://sp.olx.com.br/grande-campinas/autos-e-pecas/carros-vans-e-utilitarios/bmw-x1-sdrive-20i-m-sport-2-0-tb-aut-2025-1528312532
1529935912,BMW X1 Sdrive 20I M Sport 2.0 TB Aut. 2025,285000,BMW,X1,Sdrive 20I M Sport 2.0 TB Aut.,2025,16000,Gasolina,,Preto,SP,São Paulo,Jardim Nossa Senhora do Carmo,N/A,11,Não,Sim,Não,"air bag, ar condicionado, alarme, bancos de couro, câmera de ré, computador de bordo, conexão usb, controle automático de velocidade, navegador gps, rodas de liga leve, sensor de ré, som, teto solar, trava elétrica, vidro elétrico, volante multifuncional",https://sp.olx.com.br/sao-paulo-e-regiao/autos-e-pecas/carros-vans-e-utilitarios/bmw-x1-sdrive-20i-m-sport-2-0-tb-aut-2025-1529935912
1520583253,BMW X3 Xdrive 30E Turbo Híbrido AUT 2021,255900,BMW,X3,Xdrive 30E Turbo Híbrido AUT,2021,54134,Híbrido,Automático,Preto,SP,São Paulo,Saúde,N/A,11,N/A,Não,Não,"air bag, ar condicionado, alarme, bancos de couro, blindado, câmera de ré, computador de bordo, conexão usb, controle automático de velocidade, navegador gps, rodas de liga leve, sensor de ré, teto solar, tração 4x4, trava elétrica, vidro elétrico, volante multifuncional",https://sp.olx.com.br/sao-paulo-e-regiao/autos-e-pecas/carros-vans-e-utilitarios/bmw-x3-xdrive-30e-turbo-hibrido-aut-2021-1520583253
1529915443,BMW 320I A 2.0 TB M Sport Activeflex 16V 4P 2026,297790,BMW,320I,A 2.0 TB M Sport Activeflex 16V 4P,2026,50362,Gasolina,Automático,Azul,SP,Santos,Vila Mathias,N/A,13,N/A,Sim,Não,"air bag, controle automático de velocidade, rodas de liga leve",https://sp.olx.com.br/baixada-santista-e-litoral-sul/autos-e-pecas/carros-vans-e-utilitarios/bmw-320i-a-2-0-tb-m-sport-activeflex-16v-4p-2026-1529915443
1529914429,BMW 320I A 2.0 TB M Sport Activeflex 16V 4P 2026,355790,BMW,320I,A 2.0 TB M Sport Activeflex 16V 4P,2026,3841,Gasolina,Automático,Azul,SP,Santos,Vila Mathias,N/A,13,Sim,Sim,Não,"air bag, controle automático de velocidade, rodas de liga leve",https://sp.olx.com.br/baixada-santista-e-litoral-sul/autos-e-pecas/carros-vans-e-utilitarios/bmw-320i-a-2-0-tb-m-sport-activeflex-16v-4p-2026-1529914429
1529912574,BMW 320I A 2.0 TB M Sport Activeflex 16V 4P 2023,277790,BMW,320I,A 2.0 TB M Sport Activeflex 16V 4P,2023,37291,Flex,Automático,Cinza,SP,Santos,Vila Mathias,N/A,13,N/A,Sim,Não,"air bag, ar condicionado, alarme, bancos de couro, câmera de ré, computador de bordo, conexão usb, controle automático de velocidade, navegador gps, rodas de liga leve, sensor de ré, som, teto solar, trava elétrica, vidro elétrico, volante multifuncional",https://sp.olx.com.br/baixada-santista-e-litoral-sul/autos-e-pecas/carros-vans-e-utilitarios/bmw-320i-a-2-0-tb-m-sport-activeflex-16v-4p-2023-1529912574
1529911875,BMW 320I 320i 2020,189890,BMW,320I,320i,2020,53000,Gasolina,Automático,Preto,SP,Americana,Vila Molon,N/A,19,Não,Não,Não,"air bag, ar condicionado, ar condicionado, alarme, alarme, câmera de ré, sensor de ré, som, trava elétrica, vidro elétrico",https://sp.olx.com.br/grande-campinas/autos-e-pecas/carros-vans-e-utilitarios/bmw-320i-320i-2020-1529911875
1529910278,BMW M3 Competition M 3.0 Bi-TB 510cv 2024,649900,BMW,M3,Competition M 3.0 Bi-TB 510cv,2024,30000,Gasolina,Automático,Cinza,SP,Suzano,Jardim Santa Helena,N/A,11,Não,Sim,Não,"air bag, ar condicionado, alarme, bancos de couro, câmera de ré, computador de bordo, conexão usb, controle automático de velocidade, interface bluetooth, navegador gps, rodas de liga leve, sensor de ré, som, trava elétrica, vidro elétrico, volante multifuncional",https://sp.olx.com.br/sao-paulo-e-regiao/autos-e-pecas/carros-vans-e-utilitarios/bmw-m3-competition-m-3-0-bi-tb-510cv-2024-1529910278
1522711174,BMW I3 BEV Full 170cv Aut. (elétrico) 2021,135990,BMW,I3,BEV Full 170cv Aut. (elétrico),2021,31000,Elétrico,Automático,Preto,SP,Barueri,Alphaville Centro Industrial e Empresarial/Alphaville.,N/A,11,N/A,Não,Não,"air bag, ar condicionado, alarme, bancos de couro, câmera de ré, computador de bordo, conexão usb, controle automático de velocidade, navegador gps, rodas de liga leve, sensor de ré, teto solar, trava elétrica, vidro elétrico, volante multifuncional",https://sp.olx.com.br/sao-paulo-e-regiao/autos-e-pecas/carros-vans-e-utilitarios/bmw-i3-bev-full-170cv-aut-eletrico-2021-1522711174
1529908774,BMW 320I A 2.0 Turbo/activeflex 16V 184cv 4P 2021,206790,BMW,320I,A 2.0 Turbo/activeflex 16V 184cv 4P,2021,46425,Flex,Automático,Prata,SP,Santos,Vila Mathias,N/A,13,N/A,Sim,Não,"air bag, ar condicionado, alarme, bancos de couro, câmera de ré, computador de bordo, conexão usb, controle automático de velocidade, navegador gps, rodas de liga leve, sensor de ré, trava elétrica, vidro elétrico, volante multifuncional",https://sp.olx.com.br/baixada-santista-e-litoral-sul/autos-e-pecas/carros-vans-e-utilitarios/bmw-320i-a-2-0-turbo-activeflex-16v-184cv-4p-2021-1529908774
1512760232,BMW 320I A 2.0 TB M Sport Activeflex 16V 4P 2024,279900,BMW,320I,A 2.0 TB M Sport Activeflex 16V 4P,2024,27000,Flex,Automático,Branco,SP,São José do Rio Preto,Vila Redentora,N/A,17,N/A,Não,Não,"air bag, ar condicionado, alarme, bancos de couro, câmera de ré, computador de bordo, conexão usb, controle automático de velocidade, navegador gps, rodas de liga leve, sensor de ré, som, teto solar, trava elétrica, vidro elétrico, volante multifuncional",https://sp.olx.com.br/regiao-de-sao-jose-do-rio-preto/autos-e-pecas/carros-vans-e-utilitarios/bmw-320i-a-2-0-tb-m-sport-activeflex-16v-4p-2024-1512760232
1529853085,BMW 320I A Modern/sport TB 2.0/a.flex 16V 4P 2025,289800,BMW,320I,A Modern/sport TB 2.0/a.flex 16V 4P,2025,18000,Flex,Automático,Branco,SP,Americana,Jardim São Domingos,N/A,19,Não,Sim,Não,N/A,https://sp.olx.com.br/grande-campinas/autos-e-pecas/carros-vans-e-utilitarios/bmw-320i-a-modern-sport-tb-2-0-a-flex-16v-4p-2025-1529853085
1522579110,BMW X5 Xdrive 45E 3.0 M.sport Híbrido AU 2022,374890,BMW,X5,Xdrive 45E 3.0 M.sport Híbrido AU,2022,52000,Híbrido,Automático,Cinza,SP,São Paulo,Itaim Bibi,N/A,11,Não,Sim,Não,"air bag, ar condicionado, alarme, bancos de couro, câmera de ré, computador de bordo, conexão usb, controle automático de velocidade, navegador gps, rodas de liga leve, sensor de ré, som, teto solar, tração 4x4, trava elétrica, vidro elétrico, volante multifuncional",https://sp.olx.com.br/sao-paulo-e-regiao/autos-e-pecas/carros-vans-e-utilitarios/bmw-x5-xdrive-45e-3-0-m-sport-hibrido-au-2022-1522579110
1507214597,BMW X6 M Competition 4.4 V8 Bi-TB 625cv AUT 2023,695000,BMW,X6,M Competition 4.4 V8 Bi-TB 625cv AUT,2023,49000,Gasolina,Automático,Azul,SP,São José do Rio Preto,Jardim Novo Aeroporto,N/A,17,Não,Não,Não,"air bag, ar condicionado, alarme, bancos de couro, câmera de ré, computador de bordo, conexão usb, controle automático de velocidade, navegador gps, rodas de liga leve, sensor de ré, som, teto solar, tração 4x4, trava elétrica, vidro elétrico, volante multifuncional",https://sp.olx.com.br/regiao-de-sao-jose-do-rio-preto/autos-e-pecas/carros-vans-e-utilitarios/bmw-x6-m-competition-4-4-v8-bi-tb-625cv-aut-2023-1507214597
1484180677,BMW 320I A 2.0 TB M Sport Activeflex 16V 4P 2025,319900,BMW,320I,A 2.0 TB M Sport Activeflex 16V 4P,2025,13000,Flex,Automático,Cinza,SP,Americana,Vila Cordenonsi,N/A,19,Sim,Sim,Não,"air bag, ar condicionado, alarme, câmera de ré, sensor de ré, trava elétrica, vidro elétrico",https://sp.olx.com.br/grande-campinas/autos-e-pecas/carros-vans-e-utilitarios/bmw-320i-a-2-0-tb-m-sport-activeflex-16v-4p-2025-1484180677
1513570576,BMW X1 Sdrive 20I X-line 2.0 TB Aut. 2023,308900,BMW,X1,Sdrive 20I X-line 2.0 TB Aut.,2023,43837,Gasolina,Automático,Prata,SP,São Paulo,Saúde,N/A,11,N/A,Não,Não,"air bag, ar condicionado, alarme, bancos de couro, blindado, câmera de ré, computador de bordo, conexão usb, controle automático de velocidade, navegador gps, rodas de liga leve, sensor de ré, teto solar, trava elétrica, vidro elétrico, volante multifuncional",https://sp.olx.com.br/sao-paulo-e-regiao/autos-e-pecas/carros-vans-e-utilitarios/bmw-x1-sdrive-20i-x-line-2-0-tb-aut-2023-1513570576
1529796873,BMW Z4 Roadster Sdrive 30I Msport 2.0 TB AUT 2021,398890,BMW,Z4,Roadster Sdrive 30I Msport 2.0 TB AUT,2021,13000,Gasolina,Automático,Branco,SP,São Paulo,Imirim,N/A,11,Sim,Não,Não,"air bag, ar condicionado, alarme, bancos de couro, câmera de ré, computador de bordo, conexão usb, controle automático de velocidade, navegador gps, rodas de liga leve, som, trava elétrica, vidro elétrico, volante multifuncional",https://sp.olx.com.br/sao-paulo-e-regiao/autos-e-pecas/carros-vans-e-utilitarios/bmw-z4-roadster-sdrive-30i-msport-2-0-tb-aut-2021-1529796873
1529773918,BMW X1 Sdrive 20I 2.0/2.0 TB Acti.flex Aut. 2020,143900,BMW,X1,Sdrive 20I 2.0/2.0 TB Acti.flex Aut.,2020,84000,Flex,Automático,Branco,SP,São Paulo,Imirim,N/A,11,N/A,Não,Não,"air bag, ar condicionado, alarme, bancos de couro, câmera de ré, computador de bordo, conexão usb, controle automático de velocidade, navegador gps, rodas de liga leve, sensor de ré, trava elétrica, vidro elétrico, volante multifuncional",https://sp.olx.com.br/sao-paulo-e-regiao/autos-e-pecas/carros-vans-e-utilitarios/bmw-x1-sdrive-20i-2-0-2-0-tb-acti-flex-aut-2020-1529773918
1529771017,BMW 330E M Sport 2.0 Turbo Híbrido AU 2022,229900,BMW,330E,M Sport 2.0 Turbo Híbrido AU,2022,48100,Híbrido,Automático,Preto,SP,Presidente Prudente,Parque Residencial Damha,N/A,18,Não,Sim,Não,"air bag, ar condicionado, alarme, bancos de couro, câmera de ré, computador de bordo, conexão usb, controle automático de velocidade, navegador gps, rodas de liga leve, sensor de ré, som, teto solar, trava elétrica, vidro elétrico, volante multifuncional",https://sp.olx.com.br/regiao-de-presidente-prudente/autos-e-pecas/carros-vans-e-utilitarios/bmw-330e-m-sport-2-0-turbo-hibrido-au-2022-1529771017
1529771741,BMW 320I A Modern/sport TB 2.0/a.flex 16V 4P 2020,182990,BMW,320I,A Modern/sport TB 2.0/a.flex 16V 4P,2020,59000,Gasolina,Automático,Preto,SP,Valinhos,Nações,N/A,19,Não,Não,Não,"air bag, ar condicionado, alarme, bancos de couro, câmera de ré, computador de bordo, conexão usb, controle automático de velocidade, interface bluetooth, navegador gps, rodas de liga leve, sensor de ré, som, teto solar, trava elétrica, vidro elétrico, volante multifuncional",https://sp.olx.com.br/grande-campinas/autos-e-pecas/carros-vans-e-utilitarios/bmw-320i-a-modern-sport-tb-2-0-a-flex-16v-4p-2020-1529771741
1522595365,BMW X3 Xdrive 20I 2.0/x-line Bi-TB Flex Aut. 2020,159000,BMW,X3,Xdrive 20I 2.0/x-line Bi-TB Flex Aut.,2020,103000,Gasolina,Automático,Branco,SP,Santos,Encruzilhada,N/A,13,Não,Sim,Não,"air bag, ar condicionado, alarme, bancos de couro, câmera de ré, computador de bordo, conexão usb, controle automático de velocidade, navegador gps, rodas de liga leve, sensor de ré, teto solar, tração 4x4, trava elétrica, vidro elétrico, volante multifuncional",https://sp.olx.com.br/baixada-santista-e-litoral-sul/autos-e-pecas/carros-vans-e-utilitarios/bmw-x3-xdrive-20i-2-0-x-line-bi-tb-flex-aut-2020-1522595365
1529753929,BMW X3 Xdrive 20I 2.0/x-line Bi-TB Flex Aut. 2020,152900,BMW,X3,Xdrive 20I 2.0/x-line Bi-TB Flex Aut.,2020,101000,Gasolina,Automático,Preto,SP,São Paulo,Parque Vitória,N/A,11,N/A,Não,Não,"air bag, ar condicionado, alarme, bancos de couro, câmera de ré, computador de bordo, conexão usb, controle automático de velocidade, navegador gps, rodas de liga leve, sensor de ré, teto solar, tração 4x4, trava elétrica, vidro elétrico, volante multifuncional",https://sp.olx.com.br/sao-paulo-e-regiao/autos-e-pecas/carros-vans-e-utilitarios/bmw-x3-xdrive-20i-2-0-x-line-bi-tb-flex-aut-2020-1529753929
1529752182,BMW 320I A 2.0 TB M Sport Activeflex 16V 4P 2024,315990,BMW,320I,A 2.0 TB M Sport Activeflex 16V 4P,2024,53423,Flex,Automático,Cinza,SP,São Caetano do Sul,Santa Paula,N/A,11,Sim,Não,Não,"air bag, ar condicionado, alarme, bancos de couro, blindado, câmera de ré, computador de bordo, conexão usb, controle automático de velocidade, interface bluetooth, navegador gps, rodas de liga leve, sensor de ré, som, teto solar, trava elétrica, vidro elétrico, volante multifuncional",https://sp.olx.com.br/sao-paulo-e-regiao/autos-e-pecas/carros-vans-e-utilitarios/bmw-320i-a-2-0-tb-m-sport-activeflex-16v-4p-2024-1529752182
1529741680,BMW 330E M Sport 2.0 Turbo Híbrido AU 2021,214610,BMW,330E,M Sport 2.0 Turbo Híbrido AU,2021,48000,Híbrido,Automático,Preto,SP,São Paulo,Vila Mariana,N/A,11,N/A,Sim,Não,"air bag, ar condicionado, alarme, bancos de couro, câmera de ré, computador de bordo, conexão usb, controle automático de velocidade, navegador gps, rodas de liga leve, sensor de ré, som, teto solar, trava elétrica, vidro elétrico, volante multifuncional",https://sp.olx.com.br/sao-paulo-e-regiao/autos-e-pecas/carros-vans-e-utilitarios/bmw-330e-m-sport-2-0-turbo-hibrido-au-2021-1529741680
1529737228,BMW X1 Sdrive 20I X-line 2.0 TB Aut. 2023,249990,BMW,X1,Sdrive 20I X-line 2.0 TB Aut.,2023,33239,Gasolina,Automático,Verde,SP,São Paulo,Jardim Maringá,N/A,11,N/A,Sim,Não,"air bag, ar condicionado, alarme, bancos de couro, câmera de ré, computador de bordo, conexão usb, controle automático de velocidade, interface bluetooth, navegador gps, rodas de liga leve, sensor de ré, som, teto solar, trava elétrica, vidro elétrico, volante multifuncional",https://sp.olx.com.br/sao-paulo-e-regiao/autos-e-pecas/carros-vans-e-utilitarios/bmw-x1-sdrive-20i-x-line-2-0-tb-aut-2023-1529737228
1512849370,BMW 330E M Sport 2.0 Turbo Híbrido AU 2022,215000,BMW,330E,M Sport 2.0 Turbo Híbrido AU,2022,69900,Híbrido,Automático,Cinza,SP,Campinas,Parque das Universidades,N/A,19,Não,Sim,Não,"air bag, ar condicionado, alarme, bancos de couro, câmera de ré, computador de bordo, conexão usb, controle automático de velocidade, navegador gps, rodas de liga leve, sensor de ré, som, teto solar, trava elétrica, vidro elétrico, volante multifuncional",https://sp.olx.com.br/grande-campinas/autos-e-pecas/carros-vans-e-utilitarios/bmw-330e-m-sport-2-0-turbo-hibrido-au-2022-1512849370
1529719037,BMW 320I A GT Sport 2.0 Turbo 16V 184cv 5P 2020,175000,BMW,320I,A GT Sport 2.0 Turbo 16V 184cv 5P,2020,130000,Gasolina,Automático,Branco,SP,Serrana,,N/A,16,N/A,Não,Não,"air bag, ar condicionado, sensor de ré, trava elétrica, vidro elétrico",https://sp.olx.com.br/regiao-de-ribeirao-preto/autos-e-pecas/carros-vans-e-utilitarios/bmw-320i-a-gt-sport-2-0-turbo-16v-184cv-5p-2020-1529719037
1529718871,BMW 320I A GT Sport 2.0 Turbo 16V 184cv 5P 2023,239800,BMW,320I,A GT Sport 2.0 Turbo 16V 184cv 5P,2023,59505,Flex,Automático,Cinza,SP,Sorocaba,Vila Carvalho,N/A,15,N/A,Não,Não,"ar condicionado, trava elétrica, vidro elétrico",https://sp.olx.com.br/regiao-de-sorocaba/autos-e-pecas/carros-vans-e-utilitarios/bmw-320i-a-gt-sport-2-0-turbo-16v-184cv-5p-2023-1529718871
1446992017,BMW X1 Sdrive 20I 2.0/2.0 TB Acti.flex Aut. 2020,136900,BMW,X1,Sdrive 20I 2.0/2.0 TB Acti.flex Aut.,2020,69824,Flex,Automático,Preto,SP,Guaratinguetá,Campo do Galvão,N/A,12,N/A,Sim,Não,"air bag, ar condicionado, alarme, bancos de couro, câmera de ré, computador de bordo, conexão usb, controle automático de velocidade, interface bluetooth, navegador gps, rodas de liga leve, sensor de ré, trava elétrica, vidro elétrico, volante multifuncional",https://sp.olx.com.br/vale-do-paraiba-e-litoral-norte/autos-e-pecas/carros-vans-e-utilitarios/bmw-x1-sdrive-20i-2-0-2-0-tb-acti-flex-aut-2020-1446992017
1491027213,BMW 320I A Modern/sport TB 2.0/a.flex 16V 4P 2020,190000,BMW,320I,A Modern/sport TB 2.0/a.flex 16V 4P,2020,71253,Gasolina,Automático,Preto,SP,São Paulo,Vila Maria Alta,N/A,11,Sim,Sim,Não,"air bag, ar condicionado, alarme, bancos de couro, câmera de ré, computador de bordo, conexão usb, controle automático de velocidade, rodas de liga leve, sensor de ré, trava elétrica, vidro elétrico, volante multifuncional",https://sp.olx.com.br/sao-paulo-e-regiao/autos-e-pecas/carros-vans-e-utilitarios/bmw-320i-a-modern-sport-tb-2-0-a-flex-16v-4p-2020-1491027213
1529695943,BMW 320I 320i 2020,199990,BMW,320I,320i,2020,69000,Gasolina,Automático,Prata,SP,São Paulo,Retiro Morumbi,N/A,11,Não,Não,Não,"air bag, ar condicionado, alarme, bancos de couro, blindado, câmera de ré, computador de bordo, conexão usb, controle automático de velocidade, navegador gps, rodas de liga leve, sensor de ré, som, teto solar, trava elétrica, vidro elétrico, volante multifuncional",https://sp.olx.com.br/sao-paulo-e-regiao/autos-e-pecas/carros-vans-e-utilitarios/bmw-320i-320i-2020-1529695943
1529672712,BMW 320I A 2.0 TB M Sport Activeflex 16V 4P 2025,309900,BMW,320I,A 2.0 TB M Sport Activeflex 16V 4P,2025,22006,Flex,Automático,Branco,SP,São Carlos,Vila Boa Vista 1,N/A,16,Sim,Sim,Não,"air bag, controle automático de velocidade, rodas de liga leve",https://sp.olx.com.br/regiao-de-ribeirao-preto/autos-e-pecas/carros-vans-e-utilitarios/bmw-320i-a-2-0-tb-m-sport-activeflex-16v-4p-2025-1529672712
1529666997,BMW X3 Xdrive 30E X-line Turbo Híbrido AU 2024,319000,BMW,X3,Xdrive 30E X-line Turbo Híbrido AU,2024,64000,Híbrido,Automático,Azul,SP,São José dos Campos,Residencial Cambuí,N/A,12,Não,N/A,N/A,"air bag, ar condicionado, alarme, bancos de couro, câmera de ré, computador de bordo, conexão usb, controle automático de velocidade, navegador gps, rodas de liga leve, sensor de ré, som, teto solar, tração 4x4, trava elétrica, vidro elétrico, volante multifuncional",https://sp.olx.com.br/vale-do-paraiba-e-litoral-norte/autos-e-pecas/carros-vans-e-utilitarios/bmw-x3-xdrive-30e-x-line-turbo-hibrido-au-2024-1529666997
1496864448,BMW 320I A Modern/sport TB 2.0/a.flex 16V 4P 2020,189999,BMW,320I,A Modern/sport TB 2.0/a.flex 16V 4P,2020,33900,Gasolina,Automático,N/A,SP,São Paulo,Água Branca,N/A,11,N/A,Não,Não,"air bag, ar condicionado, alarme, bancos de couro, câmera de ré, computador de bordo, conexão usb, controle automático de velocidade, rodas de liga leve, sensor de ré, trava elétrica, vidro elétrico, volante multifuncional",https://sp.olx.com.br/sao-paulo-e-regiao/autos-e-pecas/carros-vans-e-utilitarios/bmw-320i-a-modern-sport-tb-2-0-a-flex-16v-4p-2020-1496864448
1529662819,BMW X2 M35i 2.0 Turbo 306cv Aut. 2020,214890,BMW,X2,M35i 2.0 Turbo 306cv Aut.,2020,73000,Gasolina,Automático,Cinza,SP,Santos,Vila Mathias,N/A,13,Sim,Não,Não,"air bag, ar condicionado, alarme, bancos de couro, câmera de ré, computador de bordo, conexão usb, controle automático de velocidade, navegador gps, rodas de liga leve, sensor de ré, teto solar, tração 4x4, trava elétrica, vidro elétrico, volante multifuncional",https://sp.olx.com.br/baixada-santista-e-litoral-sul/autos-e-pecas/carros-vans-e-utilitarios/bmw-x2-m35i-2-0-turbo-306cv-aut-2020-1529662819
1529661709,BMW 320I A Modern/sport TB 2.0/a.flex 16V 4P 2020,174990,BMW,320I,A Modern/sport TB 2.0/a.flex 16V 4P,2020,99000,Gasolina,Automático,Branco,SP,São José dos Campos,Jardim Colonial,N/A,12,Não,N/A,N/A,"air bag, ar condicionado, alarme, bancos de couro, câmera de ré, computador de bordo, conexão usb, controle automático de velocidade, interface bluetooth, rodas de liga leve, sensor de ré, som, trava elétrica, vidro elétrico, volante multifuncional",https://sp.olx.com.br/vale-do-paraiba-e-litoral-norte/autos-e-pecas/carros-vans-e-utilitarios/bmw-320i-a-modern-sport-tb-2-0-a-flex-16v-4p-2020-1529661709
1529649198,BMW 320I A Modern/sport TB 2.0/a.flex 16V 4P 2024,259900,BMW,320I,A Modern/sport TB 2.0/a.flex 16V 4P,2024,24000,Flex,Automático,Preto,SP,São José dos Campos,Jardim Satélite,N/A,12,Sim,Sim,Não,"air bag, ar condicionado, alarme, bancos de couro, câmera de ré, computador de bordo, conexão usb, controle automático de velocidade, interface bluetooth, navegador gps, rodas de liga leve, sensor de ré, som, teto solar, trava elétrica, vidro elétrico, volante multifuncional",https://sp.olx.com.br/vale-do-paraiba-e-litoral-norte/autos-e-pecas/carros-vans-e-utilitarios/bmw-320i-a-modern-sport-tb-2-0-a-flex-16v-4p-2024-1529649198
1529638360,BMW X1 Sdrive 20I X-line 2.0 TB Active Flex 2022,149900,BMW,X1,Sdrive 20I X-line 2.0 TB Active Flex,2022,123996,Flex,Automático,Cinza,SP,Ribeirão Preto,Ipiranga,N/A,16,Não,Sim,Não,"air bag, ar condicionado, alarme, bancos de couro, câmera de ré, computador de bordo, conexão usb, controle automático de velocidade, navegador gps, rodas de liga leve, sensor de ré, som, teto solar, trava elétrica, vidro elétrico, volante multifuncional",https://sp.olx.com.br/regiao-de-ribeirao-preto/autos-e-pecas/carros-vans-e-utilitarios/bmw-x1-sdrive-20i-x-line-2-0-tb-active-flex-2022-1529638360
1514273617,BMW X1 Sdrive 20I 2.0/2.0 TB Acti.flex Aut. 2021,159990,BMW,X1,Sdrive 20I 2.0/2.0 TB Acti.flex Aut.,2021,76122,Flex,Automático,Azul,SP,Ribeirão Preto,Jardim América,N/A,16,N/A,Não,Não,"air bag, ar condicionado, alarme, bancos de couro, câmera de ré, computador de bordo, conexão usb, controle automático de velocidade, navegador gps, rodas de liga leve, sensor de ré, trava elétrica, vidro elétrico, volante multifuncional",https://sp.olx.com.br/regiao-de-ribeirao-preto/autos-e-pecas/carros-vans-e-utilitarios/bmw-x1-sdrive-20i-2-0-2-0-tb-acti-flex-aut-2021-1514273617
1529615572,BMW 330I M Sport 2.0 TB 16V 4P 2020,207890,BMW,330I,M Sport 2.0 TB 16V 4P,2020,76888,Gasolina,Automático,Preto,SP,São José dos Campos,Parque Residencial Aquarius,N/A,12,Não,Sim,Não,"air bag, ar condicionado, alarme, bancos de couro, blindado, câmera de ré, computador de bordo, conexão usb, controle automático de velocidade, navegador gps, rodas de liga leve, sensor de ré, som, teto solar, trava elétrica, vidro elétrico, volante multifuncional",https://sp.olx.com.br/vale-do-paraiba-e-litoral-norte/autos-e-pecas/carros-vans-e-utilitarios/bmw-330i-m-sport-2-0-tb-16v-4p-2020-1529615572
1522438850,BMW 320I A Modern/sport TB 2.0/a.flex 16V 4P 2021,229990,BMW,320I,A Modern/sport TB 2.0/a.flex 16V 4P,2021,27000,Flex,Automático,Cinza,SP,Barueri,Alphaville Centro Industrial e Empresarial/Alphaville.,N/A,11,Sim,Sim,Não,"air bag, ar condicionado, alarme, bancos de couro, câmera de ré, computador de bordo, conexão usb, controle automático de velocidade, navegador gps, rodas de liga leve, sensor de ré, teto solar, trava elétrica, vidro elétrico, volante multifuncional",https://sp.olx.com.br/sao-paulo-e-regiao/autos-e-pecas/carros-vans-e-utilitarios/bmw-320i-a-modern-sport-tb-2-0-a-flex-16v-4p-2021-1522438850
1529591298,BMW 320I A 2.0 TB M Sport Activeflex 16V 4P 2026,325900,BMW,320I,A 2.0 TB M Sport Activeflex 16V 4P,2026,13500,Flex,Automático,Azul,SP,São José do Rio Preto,Jardim Tarraf,N/A,17,Não,Não,Não,"air bag, alarme, sensor de ré, som, trava elétrica, vidro elétrico",https://sp.olx.com.br/regiao-de-sao-jose-do-rio-preto/autos-e-pecas/carros-vans-e-utilitarios/bmw-320i-a-2-0-tb-m-sport-activeflex-16v-4p-2026-1529591298
1513005113,BMW 320I A 2.0 TB M Sport Activeflex 16V 4P 2024,269900,BMW,320I,A 2.0 TB M Sport Activeflex 16V 4P,2024,33447,Flex,Automático,Preto,SP,São Paulo,Saúde,N/A,11,N/A,Não,Não,"air bag, ar condicionado, alarme, bancos de couro, câmera de ré, computador de bordo, conexão usb, controle automático de velocidade, navegador gps, rodas de liga leve, sensor de ré, som, teto solar, trava elétrica, vidro elétrico, volante multifuncional",https://sp.olx.com.br/sao-paulo-e-regiao/autos-e-pecas/carros-vans-e-utilitarios/bmw-320i-a-2-0-tb-m-sport-activeflex-16v-4p-2024-1513005113
1513021274,BMW 320I A 2.0 TB M Sport Activeflex 16V 4P 2024,254900,BMW,320I,A 2.0 TB M Sport Activeflex 16V 4P,2024,58319,Flex,Automático,Preto,SP,São Paulo,Saúde,N/A,11,N/A,Não,Não,"air bag, ar condicionado, alarme, bancos de couro, câmera de ré, computador de bordo, conexão usb, controle automático de velocidade, navegador gps, rodas de liga leve, sensor de ré, som, teto solar, trava elétrica, vidro elétrico, volante multifuncional",https://sp.olx.com.br/sao-paulo-e-regiao/autos-e-pecas/carros-vans-e-utilitarios/bmw-320i-a-2-0-tb-m-sport-activeflex-16v-4p-2024-1513021274
1529507516,BMW X6 Xdrive 40I M Sport 3.0 Bi-turbo 2020,465410,BMW,X6,Xdrive 40I M Sport 3.0 Bi-turbo,2020,62000,Gasolina,Automático,Preto,SP,São Caetano do Sul,Santo Antônio,N/A,11,Sim,Sim,Não,"air bag, ar condicionado, alarme, bancos de couro, câmera de ré, computador de bordo, conexão usb, controle automático de velocidade, interface bluetooth, navegador gps, rodas de liga leve, sensor de ré, som, teto solar, tração 4x4, trava elétrica, vidro elétrico, volante multifuncional",https://sp.olx.com.br/sao-paulo-e-regiao/autos-e-pecas/carros-vans-e-utilitarios/bmw-x6-xdrive-40i-m-sport-3-0-bi-turbo-2020-1529507516
1517154024,BMW 320I A 2.0 Turbo/activeflex 16V 184cv 4P 2022,165500,BMW,320I,A 2.0 Turbo/activeflex 16V 184cv 4P,2022,95000,Flex,Automático,Preto,SP,Mauá,Jardim Itapeva,N/A,11,Não,Sim,Não,"air bag, ar condicionado, alarme, bancos de couro, câmera de ré, computador de bordo, conexão usb, controle automático de velocidade, navegador gps, rodas de liga leve, sensor de ré, trava elétrica, vidro elétrico, volante multifuncional",https://sp.olx.com.br/sao-paulo-e-regiao/autos-e-pecas/carros-vans-e-utilitarios/bmw-320i-a-2-0-turbo-activeflex-16v-184cv-4p-2022-1517154024
1529489901,BMW 330E M Sport 2.0 Turbo Híbrido AU 2021,219950,BMW,330E,M Sport 2.0 Turbo Híbrido AU,2021,32000,Híbrido,Automático,Preto,SP,São Paulo,Bosque da Saúde,N/A,11,Não,Sim,Não,"air bag, ar condicionado, alarme, bancos de couro, câmera de ré, computador de bordo, conexão usb, controle automático de velocidade, navegador gps, rodas de liga leve, sensor de ré, som, teto solar, trava elétrica, vidro elétrico, volante multifuncional",https://sp.olx.com.br/sao-paulo-e-regiao/autos-e-pecas/carros-vans-e-utilitarios/bmw-330e-m-sport-2-0-turbo-hibrido-au-2021-1529489901
1520213135,BMW X3 Xdrive 30E M Sport Turbo Híbrido Aut. 2024,355900,BMW,X3,Xdrive 30E M Sport Turbo Híbrido Aut.,2024,28650,Híbrido,Automático,Cinza,SP,São José dos Campos,Jardim Satélite,N/A,12,Sim,Sim,Não,"air bag, ar condicionado, alarme, bancos de couro, câmera de ré, computador de bordo, conexão usb, controle automático de velocidade, interface bluetooth, navegador gps, rodas de liga leve, sensor de ré, som, teto solar, tração 4x4, trava elétrica, vidro elétrico, volante multifuncional",https://sp.olx.com.br/vale-do-paraiba-e-litoral-norte/autos-e-pecas/carros-vans-e-utilitarios/bmw-x3-xdrive-30e-m-sport-turbo-hibrido-aut-2024-1520213135
1529467017,BMW 320I 320i 2021,160000,BMW,320I,320i,2021,69000,Gasolina,Automático,Cinza,SP,Ribeirão Preto,Condomínio Itamaraty,N/A,16,N/A,Não,Não,"air bag, alarme, conexão usb",https://sp.olx.com.br/regiao-de-ribeirao-preto/autos-e-pecas/carros-vans-e-utilitarios/bmw-320i-320i-2021-1529467017
1529466726,BMW 320I A 2.0 TB M Sport Activeflex 16V 4P 2023,255000,BMW,320I,A 2.0 TB M Sport Activeflex 16V 4P,2023,68000,Flex,Automático,Preto,SP,Ribeirão Preto,Condomínio Itamaraty,N/A,16,N/A,Não,Não,"air bag, ar condicionado, alarme, bancos de couro, câmera de ré, computador de bordo, conexão usb, controle automático de velocidade, interface bluetooth, navegador gps, rodas de liga leve, sensor de ré, som, teto solar, trava elétrica, vidro elétrico, volante multifuncional",https://sp.olx.com.br/regiao-de-ribeirao-preto/autos-e-pecas/carros-vans-e-utilitarios/bmw-320i-a-2-0-tb-m-sport-activeflex-16v-4p-2023-1529466726
1529446787,BMW 320I A 2.0 TB M Sport Activeflex 16V 4P 2023,249880,BMW,320I,A 2.0 TB M Sport Activeflex 16V 4P,2023,50000,Flex,Automático,Branco,SP,Limeira,Jardim Piratininga,N/A,19,Sim,Sim,Não,"air bag, ar condicionado, alarme, bancos de couro, câmera de ré, computador de bordo, conexão usb, controle automático de velocidade, navegador gps, rodas de liga leve, sensor de ré, som, teto solar, trava elétrica, vidro elétrico, volante multifuncional",https://sp.olx.com.br/grande-campinas/autos-e-pecas/carros-vans-e-utilitarios/bmw-320i-a-2-0-tb-m-sport-activeflex-16v-4p-2023-1529446787
1529446697,BMW X4 M Competition 3.0 Bi-TB 510cv AUT 2020,379890,BMW,X4,M Competition 3.0 Bi-TB 510cv AUT,2020,70000,Gasolina,Automático,Branco,SP,Santos,Vila Mathias,N/A,13,Não,Não,Não,"air bag, ar condicionado, alarme, bancos de couro, câmera de ré, computador de bordo, conexão usb, controle automático de velocidade, navegador gps, rodas de liga leve, sensor de ré, teto solar, tração 4x4, trava elétrica, vidro elétrico, volante multifuncional",https://sp.olx.com.br/baixada-santista-e-litoral-sul/autos-e-pecas/carros-vans-e-utilitarios/bmw-x4-m-competition-3-0-bi-tb-510cv-aut-2020-1529446697
1529445581,BMW X1 Sdrive 20I X-line 2.0 TB Aut. 2022,164890,BMW,X1,Sdrive 20I X-line 2.0 TB Aut.,2022,67000,Flex,Automático,Preto,SP,Santos,Vila Mathias,N/A,13,Não,Não,Não,"air bag, alarme, bancos de couro, rodas de liga leve",https://sp.olx.com.br/baixada-santista-e-litoral-sul/autos-e-pecas/carros-vans-e-utilitarios/bmw-x1-sdrive-20i-x-line-2-0-tb-aut-2022-1529445581
1529433440,BMW 320I A 2.0 TB M Sport Activeflex 16V 4P 2025,326900,BMW,320I,A 2.0 TB M Sport Activeflex 16V 4P,2025,3600,Flex,Automático,Cinza,SP,São Paulo,Vila Almeida,N/A,11,N/A,Não,Não,"ar condicionado, alarme, câmera de ré, sensor de ré, trava elétrica, vidro elétrico",https://sp.olx.com.br/sao-paulo-e-regiao/autos-e-pecas/carros-vans-e-utilitarios/bmw-320i-a-2-0-tb-m-sport-activeflex-16v-4p-2025-1529433440
1529390603,BMW X1 Sdrive 20I M Sport 2.0 TB Aut. 2025,289000,BMW,X1,Sdrive 20I M Sport 2.0 TB Aut.,2025,31400,Flex,Automático,Branco,SP,Araraquara,Centro,N/A,16,Não,Sim,Não,"air bag, ar condicionado, alarme, bancos de couro, câmera de ré, computador de bordo, conexão usb, controle automático de velocidade, navegador gps, rodas de liga leve, sensor de ré, som, teto solar, trava elétrica, vidro elétrico, volante multifuncional",https://sp.olx.com.br/regiao-de-ribeirao-preto/autos-e-pecas/carros-vans-e-utilitarios/bmw-x1-sdrive-20i-m-sport-2-0-tb-aut-2025-1529390603
1529381239,BMW X3 Xdrive 30E M Sport Turbo Híbrido Aut. 2026,455000,BMW,X3,Xdrive 30E M Sport Turbo Híbrido Aut.,2026,8269,Híbrido,Automático,Branco,SP,Votorantim,Alphaville Nova Esplanada,N/A,15,N/A,Não,Não,"air bag, ar condicionado, alarme, trava elétrica, vidro elétrico",https://sp.olx.com.br/regiao-de-sorocaba/autos-e-pecas/carros-vans-e-utilitarios/bmw-x3-xdrive-30e-m-sport-turbo-hibrido-aut-2026-1529381239
1529378447,BMW X6 M Competition 4.4 V8 Bi-TB (hib) Aut. 2024,889900,BMW,X6,M Competition 4.4 V8 Bi-TB (hib) Aut.,2024,10400,Gasolina,Manual,Preto,SP,Limeira,Centro,N/A,19,Sim,Sim,Não,"air bag, ar condicionado, alarme, bancos de couro, câmera de ré, computador de bordo, conexão usb, controle automático de velocidade, navegador gps, rodas de liga leve, sensor de ré, som, teto solar, tração 4x4, trava elétrica, vidro elétrico, volante multifuncional",https://sp.olx.com.br/grande-campinas/autos-e-pecas/carros-vans-e-utilitarios/bmw-x6-m-competition-4-4-v8-bi-tb-hib-aut-2024-1529378447
1529377918,BMW X5 Xdrive 50E 3.0 M Sport Aut. (hibrido) 2024,470000,BMW,X5,Xdrive 50E 3.0 M Sport Aut. (hibrido),2024,19725,Gasolina,Automático,Preto,SP,Limeira,Centro,N/A,19,Não,Sim,Não,"air bag, ar condicionado, alarme, bancos de couro, câmera de ré, computador de bordo, conexão usb, controle automático de velocidade, navegador gps, rodas de liga leve, sensor de ré, som, teto solar, tração 4x4, trava elétrica, vidro elétrico, volante multifuncional",https://sp.olx.com.br/grande-campinas/autos-e-pecas/carros-vans-e-utilitarios/bmw-x5-xdrive-50e-3-0-m-sport-aut-hibrido-2024-1529377918
1529377423,BMW M3 Competition M 3.0 Bi-TB 510cv 2022,539000,BMW,M3,Competition M 3.0 Bi-TB 510cv,2022,38713,Gasolina,Manual,Preto,SP,Limeira,Centro,N/A,19,Sim,Sim,Não,"air bag, ar condicionado, alarme, bancos de couro, câmera de ré, computador de bordo, conexão usb, controle automático de velocidade, navegador gps, rodas de liga leve, sensor de ré, som, trava elétrica, vidro elétrico, volante multifuncional",https://sp.olx.com.br/grande-campinas/autos-e-pecas/carros-vans-e-utilitarios/bmw-m3-competition-m-3-0-bi-tb-510cv-2022-1529377423
1501517357,BMW 320I A 2.0 TB M Sport Activeflex 16V 4P 2024,274990,BMW,320I,A 2.0 TB M Sport Activeflex 16V 4P,2024,49629,Flex,Automático,Cinza,SP,Valinhos,Vila Genoveva,N/A,19,Sim,Sim,Não,"air bag, ar condicionado, alarme, bancos de couro, câmera de ré, computador de bordo, conexão usb, controle automático de velocidade, interface bluetooth, navegador gps, rodas de liga leve, sensor de ré, som, teto solar, trava elétrica, vidro elétrico, volante multifuncional",https://sp.olx.com.br/grande-campinas/autos-e-pecas/carros-vans-e-utilitarios/bmw-320i-a-2-0-tb-m-sport-activeflex-16v-4p-2024-1501517357
1529360632,BMW IX1 Xdrive 30 M Sport (elétrico) 2025,319890,BMW,IX1,Xdrive 30 M Sport (elétrico),2025,11000,Elétrico,Automático,Preto,SP,São Paulo,Jardim Maringá,N/A,11,Não,Não,Não,"air bag, ar condicionado, alarme, bancos de couro, câmera de ré, computador de bordo, conexão usb, controle automático de velocidade, navegador gps, rodas de liga leve, sensor de ré, som, teto solar, tração 4x4, trava elétrica, vidro elétrico, volante multifuncional",https://sp.olx.com.br/sao-paulo-e-regiao/autos-e-pecas/carros-vans-e-utilitarios/bmw-ix1-xdrive-30-m-sport-eletrico-2025-1529360632
1529324453,BMW 320I A 2.0 TB M Sport Activeflex 16V 4P 2022,192000,BMW,320I,A 2.0 TB M Sport Activeflex 16V 4P,2022,46000,Flex,Automático,Preto,SP,São Paulo,Vila Carrão,N/A,11,Não,Sim,Sim,"air bag, ar condicionado, alarme, bancos de couro, câmera de ré, computador de bordo, controle automático de velocidade, interface bluetooth, navegador gps, sensor de ré, som, teto solar, trava elétrica, vidro elétrico, volante multifuncional",https://sp.olx.com.br/sao-paulo-e-regiao/autos-e-pecas/carros-vans-e-utilitarios/bmw-320i-a-2-0-tb-m-sport-activeflex-16v-4p-2022-1529324453
1511016215,BMW 320I A 2.0 TB M Sport Activeflex 16V 4P 2024,275900,BMW,320I,A 2.0 TB M Sport Activeflex 16V 4P,2024,20100,Flex,Automático,Branco,SP,Jundiaí,Jardim Pitangueiras II,N/A,11,N/A,Não,Não,"air bag, ar condicionado, alarme, bancos de couro, câmera de ré, computador de bordo, conexão usb, controle automático de velocidade, navegador gps, rodas de liga leve, sensor de ré, som, teto solar, trava elétrica, vidro elétrico, volante multifuncional",https://sp.olx.com.br/sao-paulo-e-regiao/autos-e-pecas/carros-vans-e-utilitarios/bmw-320i-a-2-0-tb-m-sport-activeflex-16v-4p-2024-1511016215
1529311530,BMW 330E M Sport 2.0 Turbo Híbrido AU 2022,232000,BMW,330E,M Sport 2.0 Turbo Híbrido AU,2022,36400,Híbrido,Automático,Branco,SP,Marília,Jardim Alvorada,N/A,14,Sim,Sim,Não,"air bag, ar condicionado, alarme, bancos de couro, câmera de ré, computador de bordo, conexão usb, controle automático de velocidade, navegador gps, rodas de liga leve, sensor de ré, som, teto solar, trava elétrica, vidro elétrico, volante multifuncional",https://sp.olx.com.br/regiao-de-bauru-e-marilia/autos-e-pecas/carros-vans-e-utilitarios/bmw-330e-m-sport-2-0-turbo-hibrido-au-2022-1529311530
1509212278,BMW X1 Sdrive 18I GP 1.5 TB Aut. 2024,220990,BMW,X1,Sdrive 18I GP 1.5 TB Aut.,2024,29100,Gasolina,Automático,Azul,SP,São Paulo,Vila Regente Feijó,N/A,11,N/A,Não,Não,"air bag, ar condicionado, alarme, bancos de couro, câmera de ré, computador de bordo, conexão usb, controle automático de velocidade, navegador gps, rodas de liga leve, sensor de ré, som, trava elétrica, vidro elétrico, volante multifuncional",https://sp.olx.com.br/sao-paulo-e-regiao/autos-e-pecas/carros-vans-e-utilitarios/bmw-x1-sdrive-18i-gp-1-5-tb-aut-2024-1509212278
1529306828,BMW X2 M35i 2.0 Turbo 306cv Aut. 2025,369900,BMW,X2,M35i 2.0 Turbo 306cv Aut.,2025,17535,Gasolina,Automático,Preto,SP,Jundiaí,Vila Angélica,N/A,11,N/A,Não,Não,"air bag, ar condicionado, alarme, trava elétrica, vidro elétrico",https://sp.olx.com.br/sao-paulo-e-regiao/autos-e-pecas/carros-vans-e-utilitarios/bmw-x2-m35i-2-0-turbo-306cv-aut-2025-1529306828
1529306294,BMW 320I A 2.0 TB M Sport Activeflex 16V 4P 2024,283900,BMW,320I,A 2.0 TB M Sport Activeflex 16V 4P,2024,19000,Flex,Automático,Cinza,SP,Arujá,Vila Pedroso,N/A,11,Sim,Sim,Não,"air bag, ar condicionado, alarme, bancos de couro, câmera de ré, computador de bordo, conexão usb, controle automático de velocidade, interface bluetooth, navegador gps, rodas de liga leve, sensor de ré, som, teto solar, trava elétrica, vidro elétrico, volante multifuncional",https://sp.olx.com.br/sao-paulo-e-regiao/autos-e-pecas/carros-vans-e-utilitarios/bmw-320i-a-2-0-tb-m-sport-activeflex-16v-4p-2024-1529306294
1520723011,BMW X3 Xdrive 30E M Sport Turbo Híbrido Aut. 2024,355900,BMW,X3,Xdrive 30E M Sport Turbo Híbrido Aut.,2024,28000,Híbrido,Automático,Cinza,SP,São José dos Campos,Jardim Satélite,N/A,12,N/A,Sim,Não,"air bag, ar condicionado, alarme, bancos de couro, câmera de ré, computador de bordo, conexão usb, controle automático de velocidade, navegador gps, rodas de liga leve, sensor de ré, som, teto solar, tração 4x4, trava elétrica, vidro elétrico, volante multifuncional",https://sp.olx.com.br/vale-do-paraiba-e-litoral-norte/autos-e-pecas/carros-vans-e-utilitarios/bmw-x3-xdrive-30e-m-sport-turbo-hibrido-aut-2024-1520723011
1529269596,BMW X1 Sdrive 20I M Sport 2.0 TB Aut. 2023,259000,BMW,X1,Sdrive 20I M Sport 2.0 TB Aut.,2023,1234,Gasolina,Automático,Prata,SP,Ribeirão Preto,City Ribeirão,N/A,16,Não,Não,Não,"air bag, ar condicionado, alarme, bancos de couro, câmera de ré, computador de bordo, conexão usb, controle automático de velocidade, navegador gps, rodas de liga leve, sensor de ré, som, teto solar, trava elétrica, vidro elétrico, volante multifuncional",https://sp.olx.com.br/regiao-de-ribeirao-preto/autos-e-pecas/carros-vans-e-utilitarios/bmw-x1-sdrive-20i-m-sport-2-0-tb-aut-2023-1529269596
1529191016,BMW X4 Xdrive 30I M-sport 2.0 TB. 252cv AUT 2024,326000,BMW,X4,Xdrive 30I M-sport 2.0 TB. 252cv AUT,2024,30000,Gasolina,Automático,Cinza,SP,Mogi Guaçu,Vila Pinheiro,N/A,19,Sim,Sim,Não,"air bag, ar condicionado, alarme, bancos de couro, câmera de ré, computador de bordo, conexão usb, controle automático de velocidade, navegador gps, rodas de liga leve, sensor de ré, som, teto solar, tração 4x4, trava elétrica, vidro elétrico, volante multifuncional",https://sp.olx.com.br/grande-campinas/autos-e-pecas/carros-vans-e-utilitarios/bmw-x4-xdrive-30i-m-sport-2-0-tb-252cv-aut-2024-1529191016
1510529375,BMW X1 Sdrive 20I X-line 2.0 TB Aut. 2024,245000,BMW,X1,Sdrive 20I X-line 2.0 TB Aut.,2024,80000,Gasolina,Automático,Branco,SP,Campinas,Centro,N/A,19,Sim,Sim,Não,"air bag, ar condicionado, alarme, bancos de couro, câmera de ré, computador de bordo, conexão usb, controle automático de velocidade, navegador gps, rodas de liga leve, sensor de ré, teto solar, trava elétrica, vidro elétrico, volante multifuncional",https://sp.olx.com.br/grande-campinas/autos-e-pecas/carros-vans-e-utilitarios/bmw-x1-sdrive-20i-x-line-2-0-tb-aut-2024-1510529375
1529106812,BMW 320I A Modern/sport TB 2.0/a.flex 16V 4P 2020,194500,BMW,320I,A Modern/sport TB 2.0/a.flex 16V 4P,2020,60000,Gasolina,Automático,Cinza,SP,Campinas,Vila Ipê,N/A,19,Sim,Sim,Não,"air bag, ar condicionado, alarme, bancos de couro, câmera de ré, computador de bordo, conexão usb, controle automático de velocidade, interface bluetooth, navegador gps, rodas de liga leve, sensor de ré, som, teto solar, trava elétrica, vidro elétrico, volante multifuncional",https://sp.olx.com.br/grande-campinas/autos-e-pecas/carros-vans-e-utilitarios/bmw-320i-a-modern-sport-tb-2-0-a-flex-16v-4p-2020-1529106812
1529114351,BMW 320I A 2.0 Turbo/activeflex 16V 184cv 4P 2022,210900,BMW,320I,A 2.0 Turbo/activeflex 16V 184cv 4P,2022,70400,Flex,Automático,Preto,SP,Barueri,Parque dos Camargos,N/A,11,N/A,Sim,Não,"air bag, ar condicionado, alarme, bancos de couro, câmera de ré, computador de bordo, conexão usb, controle automático de velocidade, navegador gps, rodas de liga leve, sensor de ré, trava elétrica, vidro elétrico, volante multifuncional",https://sp.olx.com.br/sao-paulo-e-regiao/autos-e-pecas/carros-vans-e-utilitarios/bmw-320i-a-2-0-turbo-activeflex-16v-184cv-4p-2022-1529114351
1529111579,BMW X1 Sdrive 20I 2.0/2.0 TB Acti.flex Aut. 2022,149900,BMW,X1,Sdrive 20I 2.0/2.0 TB Acti.flex Aut.,2022,73110,Flex,Automático,Branco,SP,Jundiaí,Vila Angélica,N/A,11,N/A,Não,Não,"air bag, ar condicionado, alarme, bancos de couro, câmera de ré, computador de bordo, conexão usb, controle automático de velocidade, navegador gps, rodas de liga leve, sensor de ré, trava elétrica, vidro elétrico, volante multifuncional",https://sp.olx.com.br/sao-paulo-e-regiao/autos-e-pecas/carros-vans-e-utilitarios/bmw-x1-sdrive-20i-2-0-2-0-tb-acti-flex-aut-2022-1529111579
1521923628,BMW X1 Xdrive 25I Sport 2.0/2.0 Flex Aut. 2021,163690,BMW,X1,Xdrive 25I Sport 2.0/2.0 Flex Aut.,2021,82526,Flex,Automático,Cinza,SP,São Paulo,Saúde,N/A,11,Não,Não,Não,"air bag, ar condicionado, alarme, bancos de couro, blindado, câmera de ré, computador de bordo, conexão usb, controle automático de velocidade, navegador gps, rodas de liga leve, sensor de ré, som, teto solar, tração 4x4, trava elétrica, vidro elétrico, volante multifuncional",https://sp.olx.com.br/sao-paulo-e-regiao/autos-e-pecas/carros-vans-e-utilitarios/bmw-x1-xdrive-25i-sport-2-0-2-0-flex-aut-2021-1521923628
1521432048,BMW 320I A 2.0 TB M Sport Activeflex 16V 4P 2023,258900,BMW,320I,A 2.0 TB M Sport Activeflex 16V 4P,2023,57792,Flex,Automático,Cinza,SP,São Paulo,Jardim Maracanã,N/A,11,N/A,Não,Não,"air bag, ar condicionado, alarme, bancos de couro, câmera de ré, computador de bordo, conexão usb, controle automático de velocidade, navegador gps, rodas de liga leve, sensor de ré, som, teto solar, trava elétrica, vidro elétrico, volante multifuncional",https://sp.olx.com.br/sao-paulo-e-regiao/autos-e-pecas/carros-vans-e-utilitarios/bmw-320i-a-2-0-tb-m-sport-activeflex-16v-4p-2023-1521432048
1512786580,BMW 320I A 2.0 Turbo/activeflex 16V 184cv 4P 2021,182890,BMW,320I,A 2.0 Turbo/activeflex 16V 184cv 4P,2021,80164,Gasolina,Automático,Cinza,SP,São Paulo,Imirim,N/A,11,N/A,Não,Não,"air bag, ar condicionado, alarme, bancos de couro, câmera de ré, computador de bordo, conexão usb, controle automático de velocidade, navegador gps, rodas de liga leve, sensor de ré, trava elétrica, vidro elétrico, volante multifuncional",https://sp.olx.com.br/sao-paulo-e-regiao/autos-e-pecas/carros-vans-e-utilitarios/bmw-320i-a-2-0-turbo-activeflex-16v-184cv-4p-2021-1512786580
1529084508,BMW 320I A 2.0 TB M Sport Activeflex 16V 4P 2025,309900,BMW,320I,A 2.0 TB M Sport Activeflex 16V 4P,2025,29090,Flex,Automático,Cinza,SP,São Carlos,Vila Boa Vista 1,N/A,16,Sim,Sim,Não,"air bag, alarme, sensor de ré, som, trava elétrica, vidro elétrico",https://sp.olx.com.br/regiao-de-ribeirao-preto/autos-e-pecas/carros-vans-e-utilitarios/bmw-320i-a-2-0-tb-m-sport-activeflex-16v-4p-2025-1529084508
1529079634,BMW 320I 320i 2022,199990,BMW,320I,320i,2022,40900,Flex,Automático,Cinza,SP,Campinas,Jardim Guanabara,N/A,19,N/A,Sim,Não,"air bag, ar condicionado, alarme, câmera de ré, sensor de ré, som, trava elétrica, vidro elétrico",https://sp.olx.com.br/grande-campinas/autos-e-pecas/carros-vans-e-utilitarios/bmw-320i-320i-2022-1529079634
1529076574,BMW M235I Xdrive Gran Coupé 2.0 AUT 2022,247900,BMW,M235I,Xdrive Gran Coupé 2.0 AUT,2022,60000,Gasolina,Automático,Vermelho,SP,São Paulo,Imirim,N/A,11,N/A,Não,Não,"air bag, ar condicionado, alarme, bancos de couro, câmera de ré, computador de bordo, conexão usb, controle automático de velocidade, navegador gps, rodas de liga leve, sensor de ré, teto solar, tração 4x4, trava elétrica, vidro elétrico, volante multifuncional",https://sp.olx.com.br/sao-paulo-e-regiao/autos-e-pecas/carros-vans-e-utilitarios/bmw-m235i-xdrive-gran-coupe-2-0-aut-2022-1529076574
1529070864,BMW Z4 Roadster Sdrive 30I Msport 2.0 TB AUT 2020,379900,BMW,Z4,Roadster Sdrive 30I Msport 2.0 TB AUT,2020,27000,Gasolina,Automático,Azul,SP,São Caetano do Sul,Santo Antônio,N/A,11,Não,Sim,Não,"air bag, ar condicionado, alarme, bancos de couro, câmera de ré, computador de bordo, conexão usb, controle automático de velocidade, navegador gps, rodas de liga leve, sensor de ré, som, teto solar, trava elétrica, vidro elétrico, volante multifuncional",https://sp.olx.com.br/sao-paulo-e-regiao/autos-e-pecas/carros-vans-e-utilitarios/bmw-z4-roadster-sdrive-30i-msport-2-0-tb-aut-2020-1529070864
1529059761,BMW X1 Sdrive 20I X-line 2.0 TB Aut. 2023,254990,BMW,X1,Sdrive 20I X-line 2.0 TB Aut.,2023,70000,Gasolina,Automático,Branco,SP,Campinas,Jardim Chapadão,N/A,19,Não,Não,Não,"air bag, ar condicionado, alarme, bancos de couro, câmera de ré, computador de bordo, conexão usb, controle automático de velocidade, navegador gps, rodas de liga leve, sensor de ré, teto solar, trava elétrica, vidro elétrico, volante multifuncional",https://sp.olx.com.br/grande-campinas/autos-e-pecas/carros-vans-e-utilitarios/bmw-x1-sdrive-20i-x-line-2-0-tb-aut-2023-1529059761
1529057442,BMW X1 Sdrive 20I M Sport 2.0 TB Flex Aut. 2022,198900,BMW,X1,Sdrive 20I M Sport 2.0 TB Flex Aut.,2022,32000,Flex,Automático,Cinza,SP,Lençóis Paulista,Jardim Cruzeiro,N/A,14,Não,Sim,Não,"air bag, ar condicionado, alarme, bancos de couro, câmera de ré, computador de bordo, conexão usb, controle automático de velocidade, interface bluetooth, navegador gps, rodas de liga leve, sensor de ré, som, trava elétrica, vidro elétrico, volante multifuncional",https://sp.olx.com.br/regiao-de-bauru-e-marilia/autos-e-pecas/carros-vans-e-utilitarios/bmw-x1-sdrive-20i-m-sport-2-0-tb-flex-aut-2022-1529057442
1529055902,BMW X4 Xdrive 20I M-sport 2.0 TB 184cv AUT 2025,379500,BMW,X4,Xdrive 20I M-sport 2.0 TB 184cv AUT,2025,15000,Gasolina,Automático,Preto,SP,São Paulo,Bom Retiro,N/A,11,Sim,Sim,Não,"air bag, controle automático de velocidade, rodas de liga leve",https://sp.olx.com.br/sao-paulo-e-regiao/autos-e-pecas/carros-vans-e-utilitarios/bmw-x4-xdrive-20i-m-sport-2-0-tb-184cv-aut-2025-1529055902
1529015656,BMW 320I 320i 2021,163990,BMW,320I,320i,2021,71000,Gasolina,Automático,Branco,SP,São Paulo,Jardim Bélgica,N/A,11,Não,Sim,Não,"air bag, ar condicionado, alarme, bancos de couro, câmera de ré, computador de bordo, conexão usb, controle automático de velocidade, interface bluetooth, navegador gps, rodas de liga leve, sensor de ré, som, trava elétrica, vidro elétrico, volante multifuncional",https://sp.olx.com.br/sao-paulo-e-regiao/autos-e-pecas/carros-vans-e-utilitarios/bmw-320i-320i-2021-1529015656
1528993719,BMW X1 Sdrive 18I GP 1.5 TB Aut. 2023,219900,BMW,X1,Sdrive 18I GP 1.5 TB Aut.,2023,33000,Gasolina,Automático,Verde,SP,Ribeirão Preto,Jardim Irajá,N/A,16,Não,Sim,Não,"air bag, ar condicionado, alarme, bancos de couro, câmera de ré, computador de bordo, conexão usb, controle automático de velocidade, navegador gps, rodas de liga leve, sensor de ré, trava elétrica, vidro elétrico, volante multifuncional",https://sp.olx.com.br/regiao-de-ribeirao-preto/autos-e-pecas/carros-vans-e-utilitarios/bmw-x1-sdrive-18i-gp-1-5-tb-aut-2023-1528993719
1528989271,BMW 320I 320i 2022,188790,BMW,320I,320i,2022,79000,Flex,Automático,Branco,SP,São Paulo,Jardim Independência,N/A,11,N/A,Não,Não,"ar condicionado, alarme, câmera de ré, sensor de ré",https://sp.olx.com.br/sao-paulo-e-regiao/autos-e-pecas/carros-vans-e-utilitarios/bmw-320i-320i-2022-1528989271
1528987314,BMW 320I A Modern/sport TB 2.0/a.flex 16V 4P 2023,215900,BMW,320I,A Modern/sport TB 2.0/a.flex 16V 4P,2023,75000,Flex,Automático,Cinza,SP,São Paulo,Chácara Belenzinho,N/A,11,Não,Sim,Não,"air bag, ar condicionado, alarme, bancos de couro, câmera de ré, computador de bordo, conexão usb, controle automático de velocidade, navegador gps, rodas de liga leve, sensor de ré, teto solar, trava elétrica, vidro elétrico, volante multifuncional",https://sp.olx.com.br/sao-paulo-e-regiao/autos-e-pecas/carros-vans-e-utilitarios/bmw-320i-a-modern-sport-tb-2-0-a-flex-16v-4p-2023-1528987314
1528984542,BMW M3 Competition M 3.0 Bi-TB 510cv 2025,860000,BMW,M3,Competition M 3.0 Bi-TB 510cv,2025,1500,N/A,,Azul,SP,São Paulo,Indianópolis,N/A,11,Sim,Sim,Não,"air bag, ar condicionado, alarme, bancos de couro, blindado, câmera de ré, computador de bordo, conexão usb, controle automático de velocidade, interface bluetooth, navegador gps, rodas de liga leve, sensor de ré, som, teto solar, tração 4x4, trava elétrica, vidro elétrico, volante multifuncional",https://sp.olx.com.br/sao-paulo-e-regiao/autos-e-pecas/carros-vans-e-utilitarios/bmw-m3-competition-m-3-0-bi-tb-510cv-2025-1528984542
1528981871,BMW 330I M Sport 2.0 TB 16V 4P 2020,179900,BMW,330I,M Sport 2.0 TB 16V 4P,2020,79000,Gasolina,Automático,Azul,SP,São Paulo,Chácara Belenzinho,N/A,11,Não,Sim,Não,"air bag, ar condicionado, alarme, bancos de couro, câmera de ré, computador de bordo, conexão usb, controle automático de velocidade, navegador gps, rodas de liga leve, sensor de ré, teto solar, trava elétrica, vidro elétrico, volante multifuncional",https://sp.olx.com.br/sao-paulo-e-regiao/autos-e-pecas/carros-vans-e-utilitarios/bmw-330i-m-sport-2-0-tb-16v-4p-2020-1528981871
1528977663,BMW 320I A 2.0 TB M Sport Activeflex 16V 4P 2024,279900,BMW,320I,A 2.0 TB M Sport Activeflex 16V 4P,2024,13998,Flex,Automático,Vermelho,SP,São Paulo,Mooca,N/A,11,Sim,N/A,N/A,"air bag, ar condicionado, alarme, bancos de couro, câmera de ré, computador de bordo, conexão usb, controle automático de velocidade, navegador gps, rodas de liga leve, sensor de ré, som, teto solar, trava elétrica, vidro elétrico, volante multifuncional",https://sp.olx.com.br/sao-paulo-e-regiao/autos-e-pecas/carros-vans-e-utilitarios/bmw-320i-a-2-0-tb-m-sport-activeflex-16v-4p-2024-1528977663
1528961827,BMW X1 Sdrive 20I 2.0/2.0 TB Acti.flex Aut. 2021,139990,BMW,X1,Sdrive 20I 2.0/2.0 TB Acti.flex Aut.,2021,54800,Flex,Automático,Preto,SP,Ribeirão Preto,Jardim Botânico,N/A,16,Não,Não,Não,"air bag, ar condicionado, alarme, bancos de couro, câmera de ré, computador de bordo, conexão usb, controle automático de velocidade, navegador gps, rodas de liga leve, sensor de ré, trava elétrica, vidro elétrico, volante multifuncional",https://sp.olx.com.br/regiao-de-ribeirao-preto/autos-e-pecas/carros-vans-e-utilitarios/bmw-x1-sdrive-20i-2-0-2-0-tb-acti-flex-aut-2021-1528961827
1528941490,BMW X6 Xdrive 40I M Sport 3.0 Bi-TB (hib.) 2026,800000,BMW,X6,Xdrive 40I M Sport 3.0 Bi-TB (hib.),2026,14000,Híbrido,Automático,Cinza,SP,Jacareí,Condomínio Residencial Mirante do Vale,N/A,12,Sim,Sim,Não,"air bag, controle automático de velocidade, rodas de liga leve, tração 4x4",https://sp.olx.com.br/vale-do-paraiba-e-litoral-norte/autos-e-pecas/carros-vans-e-utilitarios/bmw-x6-xdrive-40i-m-sport-3-0-bi-tb-hib-2026-1528941490
1528904357,BMW X3 XDrive 30 M Sport 2.0 TB Aut. 2026,479000,BMW,X3,XDrive 30 M Sport 2.0 TB Aut.,2026,4500,N/A,,Azul,SP,São José do Rio Preto,Higienópolis,N/A,17,Sim,Não,Não,teto solar,https://sp.olx.com.br/regiao-de-sao-jose-do-rio-preto/autos-e-pecas/carros-vans-e-utilitarios/bmw-x3-xdrive-30-m-sport-2-0-tb-aut-2026-1528904357
1528889180,BMW 320I A Modern/sport TB 2.0/a.flex 16V 4P 2020,157900,BMW,320I,A Modern/sport TB 2.0/a.flex 16V 4P,2020,37000,Gasolina,Automático,Branco,SP,Cotia,Jardim do Engenho,N/A,11,Não,Sim,Não,"air bag, ar condicionado, alarme, bancos de couro, câmera de ré, computador de bordo, conexão usb, controle automático de velocidade, interface bluetooth, navegador gps, rodas de liga leve, sensor de ré, som, teto solar, trava elétrica, vidro elétrico, volante multifuncional",https://sp.olx.com.br/sao-paulo-e-regiao/autos-e-pecas/carros-vans-e-utilitarios/bmw-320i-a-modern-sport-tb-2-0-a-flex-16v-4p-2020-1528889180
1520493870,BMW 320I A 2.0 TB M Sport Activeflex 16V 4P 2022,215900,BMW,320I,A 2.0 TB M Sport Activeflex 16V 4P,2022,67689,Flex,Automático,Preto,SP,Ribeirão Preto,Centro,N/A,16,Não,Não,Não,"air bag, ar condicionado, alarme, câmera de ré, computador de bordo, conexão usb, controle automático de velocidade, navegador gps, rodas de liga leve, sensor de ré, teto solar, trava elétrica, vidro elétrico, volante multifuncional",https://sp.olx.com.br/regiao-de-ribeirao-preto/autos-e-pecas/carros-vans-e-utilitarios/bmw-320i-a-2-0-tb-m-sport-activeflex-16v-4p-2022-1520493870
1526579288,BMW X4 Xdrive 30I M-sport 2.0 TB. 252cv AUT 2021,274900,BMW,X4,Xdrive 30I M-sport 2.0 TB. 252cv AUT,2021,47000,Gasolina,Automático,Cinza,SP,São José dos Campos,Jardim Satélite,N/A,12,Sim,Sim,Não,"air bag, ar condicionado, alarme, bancos de couro, câmera de ré, computador de bordo, conexão usb, controle automático de velocidade, interface bluetooth, navegador gps, rodas de liga leve, sensor de ré, teto solar, tração 4x4, trava elétrica, vidro elétrico, volante multifuncional",https://sp.olx.com.br/vale-do-paraiba-e-litoral-norte/autos-e-pecas/carros-vans-e-utilitarios/bmw-x4-xdrive-30i-m-sport-2-0-tb-252cv-aut-2021-1526579288
1528844365,BMW 320I A Modern/sport TB 2.0/a.flex 16V 4P 2020,166000,BMW,320I,A Modern/sport TB 2.0/a.flex 16V 4P,2020,86050,Gasolina,Automático,Cinza,SP,Cotia,Quinta dos Angicos,N/A,11,Não,Sim,Não,"air bag, ar condicionado, alarme, bancos de couro, câmera de ré, computador de bordo, conexão usb, controle automático de velocidade, rodas de liga leve, sensor de ré, teto solar, trava elétrica, vidro elétrico, volante multifuncional",https://sp.olx.com.br/sao-paulo-e-regiao/autos-e-pecas/carros-vans-e-utilitarios/bmw-320i-a-modern-sport-tb-2-0-a-flex-16v-4p-2020-1528844365
1528839617,BMW 320I A 2.0 TB M Sport Activeflex 16V 4P 2021,204900,BMW,320I,A 2.0 TB M Sport Activeflex 16V 4P,2021,74000,Gasolina,Automático,Preto,SP,Ribeirão Preto,Jardim Valencia,N/A,16,Não,N/A,N/A,"air bag, ar condicionado, alarme, bancos de couro, câmera de ré, computador de bordo, conexão usb, controle automático de velocidade, navegador gps, rodas de liga leve, sensor de ré, teto solar, trava elétrica, vidro elétrico, volante multifuncional",https://sp.olx.com.br/regiao-de-ribeirao-preto/autos-e-pecas/carros-vans-e-utilitarios/bmw-320i-a-2-0-tb-m-sport-activeflex-16v-4p-2021-1528839617
1522463303,BMW 320I 320i 2022,219800,BMW,320I,320i,2022,56000,Flex,Automático,Cinza,SP,Tupã,Vila Espanha,N/A,14,N/A,Não,Não,"air bag, ar condicionado, alarme, trava elétrica, vidro elétrico",https://sp.olx.com.br/regiao-de-bauru-e-marilia/autos-e-pecas/carros-vans-e-utilitarios/bmw-320i-320i-2022-1522463303
1517767354,BMW 330E M Sport 2.0 Turbo Híbrido AU 2025,334990,BMW,330E,M Sport 2.0 Turbo Híbrido AU,2025,18000,Híbrido,Automático,Preto,SP,Sorocaba,Jardim Isaura,N/A,15,N/A,Não,Não,"air bag, ar condicionado, alarme, bancos de couro, câmera de ré, computador de bordo, conexão usb, controle automático de velocidade, interface bluetooth, navegador gps, rodas de liga leve, sensor de ré, som, teto solar, trava elétrica, vidro elétrico, volante multifuncional",https://sp.olx.com.br/regiao-de-sorocaba/autos-e-pecas/carros-vans-e-utilitarios/bmw-330e-m-sport-2-0-turbo-hibrido-au-2025-1517767354
1528780155,BMW 320I A Modern/sport TB 2.0/a.flex 16V 4P 2022,204600,BMW,320I,A Modern/sport TB 2.0/a.flex 16V 4P,2022,43000,Flex,Automático,Preto,SP,Americana,Parque Novo Mundo,N/A,19,Não,N/A,N/A,"air bag, ar condicionado, alarme, bancos de couro, câmera de ré, computador de bordo, conexão usb, controle automático de velocidade, navegador gps, rodas de liga leve, sensor de ré, teto solar, trava elétrica, vidro elétrico, volante multifuncional",https://sp.olx.com.br/grande-campinas/autos-e-pecas/carros-vans-e-utilitarios/bmw-320i-a-modern-sport-tb-2-0-a-flex-16v-4p-2022-1528780155
1512441003,BMW X1 Sdrive 20I X-line 2.0 TB Active Flex 2022,182990,BMW,X1,Sdrive 20I X-line 2.0 TB Active Flex,2022,65837,Flex,Automático,Branco,SP,Campinas,Taquaral,N/A,19,Não,Sim,Não,"air bag, ar condicionado, alarme, bancos de couro, câmera de ré, computador de bordo, conexão usb, controle automático de velocidade, navegador gps, rodas de liga leve, sensor de ré, som, teto solar, trava elétrica, vidro elétrico, volante multifuncional",https://sp.olx.com.br/grande-campinas/autos-e-pecas/carros-vans-e-utilitarios/bmw-x1-sdrive-20i-x-line-2-0-tb-active-flex-2022-1512441003
1521200464,BMW 320I A 2.0 TB M Sport Activeflex 16V 4P 2022,191990,BMW,320I,A 2.0 TB M Sport Activeflex 16V 4P,2022,104303,Gasolina,Automático,Branco,SP,Votorantim,Parque Morumbi,N/A,15,Não,Sim,Não,"air bag, ar condicionado, alarme, câmera de ré, computador de bordo, conexão usb, controle automático de velocidade, navegador gps, rodas de liga leve, sensor de ré, teto solar, trava elétrica, vidro elétrico, volante multifuncional",https://sp.olx.com.br/regiao-de-sorocaba/autos-e-pecas/carros-vans-e-utilitarios/bmw-320i-a-2-0-tb-m-sport-activeflex-16v-4p-2022-1521200464
1528688362,BMW 320I A Modern/sport TB 2.0/a.flex 16V 4P 2024,289790,BMW,320I,A Modern/sport TB 2.0/a.flex 16V 4P,2024,26000,Flex,Automático,N/A,SP,Jundiaí,Vila Arens II,N/A,11,N/A,Não,Não,"air bag, ar condicionado, alarme, bancos de couro, câmera de ré, computador de bordo, conexão usb, controle automático de velocidade, navegador gps, rodas de liga leve, sensor de ré, teto solar, trava elétrica, vidro elétrico, volante multifuncional",https://sp.olx.com.br/sao-paulo-e-regiao/autos-e-pecas/carros-vans-e-utilitarios/bmw-320i-a-modern-sport-tb-2-0-a-flex-16v-4p-2024-1528688362
1528649251,BMW M M 135i Xdrive 2.0 306cv AUT 2021,198900,BMW,M,M 135i Xdrive 2.0 306cv AUT,2021,90000,Gasolina,Automático,Preto,SP,Santo André,Parque João Ramalho,N/A,11,Não,Sim,Não,"air bag, ar condicionado, alarme, bancos de couro, câmera de ré, computador de bordo, conexão usb, controle automático de velocidade, navegador gps, rodas de liga leve, sensor de ré, teto solar, tração 4x4, trava elétrica, vidro elétrico, volante multifuncional",https://sp.olx.com.br/sao-paulo-e-regiao/autos-e-pecas/carros-vans-e-utilitarios/bmw-m-m-135i-xdrive-2-0-306cv-aut-2021-1528649251
1521224385,BMW 320I A Modern/sport TB 2.0/a.flex 16V 4P 2025,320000,BMW,320I,A Modern/sport TB 2.0/a.flex 16V 4P,2025,13000,N/A,,Cinza,SP,Bauru,Residencial Estoril Premium,N/A,14,Sim,Sim,Não,"air bag, ar condicionado, alarme, bancos de couro, câmera de ré, computador de bordo, conexão usb, controle automático de velocidade, interface bluetooth, navegador gps, rodas de liga leve, sensor de ré, som, teto solar, trava elétrica, vidro elétrico, volante multifuncional",https://sp.olx.com.br/regiao-de-bauru-e-marilia/autos-e-pecas/carros-vans-e-utilitarios/bmw-320i-a-modern-sport-tb-2-0-a-flex-16v-4p-2025-1521224385
1521172011,BMW 320I A 2.0 TB M Sport Activeflex 16V 4P 2024,284900,BMW,320I,A 2.0 TB M Sport Activeflex 16V 4P,2024,19000,Flex,Automático,Cinza,SP,Arujá,Jardim Renata,N/A,11,Sim,Sim,Não,"air bag, ar condicionado, alarme, bancos de couro, câmera de ré, computador de bordo, conexão usb, controle automático de velocidade, navegador gps, rodas de liga leve, sensor de ré, som, teto solar, trava elétrica, vidro elétrico, volante multifuncional",https://sp.olx.com.br/sao-paulo-e-regiao/autos-e-pecas/carros-vans-e-utilitarios/bmw-320i-a-2-0-tb-m-sport-activeflex-16v-4p-2024-1521172011
1528565693,BMW X1 Sdrive 20I X-line 2.0 TB Active Flex 2020,134900,BMW,X1,Sdrive 20I X-line 2.0 TB Active Flex,2020,85000,Flex,Automático,Preto,SP,São Paulo,Várzea da Barra Funda,N/A,11,Não,Não,Não,"air bag, ar condicionado, alarme, bancos de couro, câmera de ré, computador de bordo, conexão usb, controle automático de velocidade, navegador gps, rodas de liga leve, sensor de ré, teto solar, trava elétrica, vidro elétrico, volante multifuncional",https://sp.olx.com.br/sao-paulo-e-regiao/autos-e-pecas/carros-vans-e-utilitarios/bmw-x1-sdrive-20i-x-line-2-0-tb-active-flex-2020-1528565693
1503469274,BMW 320I A 2.0 TB M Sport Activeflex 16V 4P 2024,284990,BMW,320I,A 2.0 TB M Sport Activeflex 16V 4P,2024,22000,Flex,Automático,Cinza,SP,Paulínia,Nova Paulínia,N/A,19,Não,Não,Não,N/A,https://sp.olx.com.br/grande-campinas/autos-e-pecas/carros-vans-e-utilitarios/bmw-320i-a-2-0-tb-m-sport-activeflex-16v-4p-2024-1503469274
1528551710,BMW M3 Competition M 3.0 Bi-TB 510cv 2024,750800,BMW,M3,Competition M 3.0 Bi-TB 510cv,2024,27000,Gasolina,Automático,N/A,SP,São Paulo,Mooca,N/A,11,N/A,Não,Não,"air bag, ar condicionado, alarme, bancos de couro, câmera de ré, computador de bordo, conexão usb, controle automático de velocidade, navegador gps, rodas de liga leve, sensor de ré, som, trava elétrica, vidro elétrico, volante multifuncional",https://sp.olx.com.br/sao-paulo-e-regiao/autos-e-pecas/carros-vans-e-utilitarios/bmw-m3-competition-m-3-0-bi-tb-510cv-2024-1528551710
1521159496,BMW 320I A 2.0 TB M Sport Activeflex 16V 4P 2023,275900,BMW,320I,A 2.0 TB M Sport Activeflex 16V 4P,2023,32000,Flex,Automático,Cinza,SP,Sorocaba,Vila Assis,N/A,15,Não,Não,Não,"air bag, ar condicionado, alarme, bancos de couro, câmera de ré, computador de bordo, conexão usb, controle automático de velocidade, navegador gps, rodas de liga leve, sensor de ré, som, teto solar, trava elétrica, vidro elétrico, volante multifuncional",https://sp.olx.com.br/regiao-de-sorocaba/autos-e-pecas/carros-vans-e-utilitarios/bmw-320i-a-2-0-tb-m-sport-activeflex-16v-4p-2023-1521159496
1526754057,BMW 320I A 2.0 TB M Sport Activeflex 16V 4P 2021,204900,BMW,320I,A 2.0 TB M Sport Activeflex 16V 4P,2021,18000,Gasolina,Automático,Cinza,SP,São Paulo,Vila Carrão,N/A,11,N/A,Sim,Não,"air bag, ar condicionado, alarme, câmera de ré, computador de bordo, conexão usb, controle automático de velocidade, navegador gps, rodas de liga leve, sensor de ré, teto solar, trava elétrica, vidro elétrico, volante multifuncional",https://sp.olx.com.br/sao-paulo-e-regiao/autos-e-pecas/carros-vans-e-utilitarios/bmw-320i-a-2-0-tb-m-sport-activeflex-16v-4p-2021-1526754057
1528528711,BMW 320I A 2.0 TB M Sport Activeflex 16V 4P 2022,209900,BMW,320I,A 2.0 TB M Sport Activeflex 16V 4P,2022,89000,Flex,Automático,Cinza,SP,Jundiaí,Vila Marlene,N/A,11,N/A,Não,Não,"air bag, ar condicionado, alarme, câmera de ré, computador de bordo, conexão usb, controle automático de velocidade, navegador gps, rodas de liga leve, sensor de ré, teto solar, trava elétrica, vidro elétrico, volante multifuncional",https://sp.olx.com.br/sao-paulo-e-regiao/autos-e-pecas/carros-vans-e-utilitarios/bmw-320i-a-2-0-tb-m-sport-activeflex-16v-4p-2022-1528528711
1528481252,BMW X4 Xdrive 30I M-sport 2.0 TB. 252cv AUT 2021,254900,BMW,X4,Xdrive 30I M-sport 2.0 TB. 252cv AUT,2021,54300,Gasolina,Automático,Branco,SP,Santos,Ponta da Praia,N/A,13,Sim,Sim,Não,"air bag, ar condicionado, alarme, bancos de couro, câmera de ré, computador de bordo, conexão usb, controle automático de velocidade, navegador gps, rodas de liga leve, sensor de ré, teto solar, tração 4x4, trava elétrica, vidro elétrico, volante multifuncional",https://sp.olx.com.br/baixada-santista-e-litoral-sul/autos-e-pecas/carros-vans-e-utilitarios/bmw-x4-xdrive-30i-m-sport-2-0-tb-252cv-aut-2021-1528481252
1528412204,BMW 320I A Modern/sport TB 2.0/a.flex 16V 4P 2025,299777,BMW,320I,A Modern/sport TB 2.0/a.flex 16V 4P,2025,4000,N/A,,Cinza,SP,São Paulo,Vila Regente Feijó,N/A,11,Sim,Não,Não,"air bag, ar condicionado, alarme, bancos de couro, câmera de ré, computador de bordo, controle automático de velocidade, interface bluetooth, navegador gps, rodas de liga leve, sensor de ré, som, teto solar, trava elétrica, vidro elétrico, volante multifuncional",https://sp.olx.com.br/sao-paulo-e-regiao/autos-e-pecas/carros-vans-e-utilitarios/bmw-320i-a-modern-sport-tb-2-0-a-flex-16v-4p-2025-1528412204
1528402199,BMW X1 Sdrive 20I X-line 2.0 TB Active Flex 2022,169790,BMW,X1,Sdrive 20I X-line 2.0 TB Active Flex,2022,57000,Flex,Automático,Cinza,SP,São José dos Campos,Parque Residencial Aquarius,N/A,12,Não,Sim,Não,"air bag, ar condicionado, alarme, bancos de couro, câmera de ré, computador de bordo, conexão usb, controle automático de velocidade, navegador gps, rodas de liga leve, sensor de ré, som, teto solar, trava elétrica, vidro elétrico, volante multifuncional",https://sp.olx.com.br/vale-do-paraiba-e-litoral-norte/autos-e-pecas/carros-vans-e-utilitarios/bmw-x1-sdrive-20i-x-line-2-0-tb-active-flex-2022-1528402199
1528390495,BMW X4 Xdrive 30I M-sport 2.0 TB. 252cv AUT 2022,294990,BMW,X4,Xdrive 30I M-sport 2.0 TB. 252cv AUT,2022,85869,Gasolina,Automático,Cinza,SP,Ribeirão Preto,Jardim América,N/A,16,N/A,Não,Não,"air bag, ar condicionado, alarme, bancos de couro, câmera de ré, computador de bordo, conexão usb, controle automático de velocidade, navegador gps, rodas de liga leve, sensor de ré, som, teto solar, tração 4x4, trava elétrica, vidro elétrico, volante multifuncional",https://sp.olx.com.br/regiao-de-ribeirao-preto/autos-e-pecas/carros-vans-e-utilitarios/bmw-x4-xdrive-30i-m-sport-2-0-tb-252cv-aut-2022-1528390495
1528389289,BMW I3 BEV 170cv Aut. (elétrico) 2021,129990,BMW,I3,BEV 170cv Aut. (elétrico),2021,90000,Elétrico,Automático,Cinza,SP,São Paulo,Água Branca,N/A,11,Não,Sim,Não,"air bag, ar condicionado, alarme, bancos de couro, câmera de ré, computador de bordo, conexão usb, controle automático de velocidade, navegador gps, rodas de liga leve, sensor de ré, teto solar, trava elétrica, vidro elétrico, volante multifuncional",https://sp.olx.com.br/sao-paulo-e-regiao/autos-e-pecas/carros-vans-e-utilitarios/bmw-i3-bev-170cv-aut-eletrico-2021-1528389289
1528388396,BMW X1 Sdrive 20I 2.0/2.0 TB Acti.flex Aut. 2021,184999,BMW,X1,Sdrive 20I 2.0/2.0 TB Acti.flex Aut.,2021,65000,Flex,Automático,N/A,SP,São Paulo,Água Branca,N/A,11,N/A,Não,Não,"air bag, ar condicionado, alarme, bancos de couro, câmera de ré, computador de bordo, conexão usb, controle automático de velocidade, navegador gps, rodas de liga leve, sensor de ré, trava elétrica, vidro elétrico, volante multifuncional",https://sp.olx.com.br/sao-paulo-e-regiao/autos-e-pecas/carros-vans-e-utilitarios/bmw-x1-sdrive-20i-2-0-2-0-tb-acti-flex-aut-2021-1528388396
1528385593,BMW X1 Sdrive 20I X-line 2.0 TB Active Flex 2024,269900,BMW,X1,Sdrive 20I X-line 2.0 TB Active Flex,2024,16000,Gasolina,Automático,Branco,SP,São Bernardo do Campo,Centro,N/A,11,Sim,Sim,Não,"air bag, alarme, sensor de ré, som, trava elétrica, vidro elétrico",https://sp.olx.com.br/sao-paulo-e-regiao/autos-e-pecas/carros-vans-e-utilitarios/bmw-x1-sdrive-20i-x-line-2-0-tb-active-flex-2024-1528385593
1528381175,BMW 320I 320i 2024,284900,BMW,320I,320i,2024,41900,Flex,Automático,Cinza,SP,Franca,São Miguel,N/A,16,N/A,Não,Não,N/A,https://sp.olx.com.br/regiao-de-ribeirao-preto/autos-e-pecas/carros-vans-e-utilitarios/bmw-320i-320i-2024-1528381175
1528380116,BMW 320I 320i 2024,269900,BMW,320I,320i,2024,26000,Flex,Automático,Preto,SP,São Paulo,Imirim,N/A,11,N/A,Não,Não,"air bag, ar condicionado, alarme, rodas de liga leve, sensor de ré, trava elétrica, vidro elétrico",https://sp.olx.com.br/sao-paulo-e-regiao/autos-e-pecas/carros-vans-e-utilitarios/bmw-320i-320i-2024-1528380116
1506628625,BMW X5 Xdrive 45E 3.0 M.sport Híbrido AU 2023,417800,BMW,X5,Xdrive 45E 3.0 M.sport Híbrido AU,2023,51000,Híbrido,Automático,Preto,SP,Barueri,Alphaville Centro Industrial e Empresarial/Alphaville.,N/A,11,Sim,Sim,Não,"air bag, ar condicionado, alarme, bancos de couro, blindado, câmera de ré, computador de bordo, conexão usb, controle automático de velocidade, interface bluetooth, navegador gps, rodas de liga leve, sensor de ré, som, teto solar, tração 4x4, trava elétrica, vidro elétrico, volante multifuncional",https://sp.olx.com.br/sao-paulo-e-regiao/autos-e-pecas/carros-vans-e-utilitarios/bmw-x5-xdrive-45e-3-0-m-sport-hibrido-au-2023-1506628625
1506385527,BMW X2 M35i Xdrive 2.0 Turbo 317cv Aut. 2025,499800,BMW,X2,M35i Xdrive 2.0 Turbo 317cv Aut.,2025,7500,Gasolina,Automático,Cinza,SP,Barueri,Alphaville Centro Industrial e Empresarial/Alphaville.,N/A,11,Sim,Sim,Não,"air bag, ar condicionado, alarme, bancos de couro, blindado, câmera de ré, computador de bordo, conexão usb, controle automático de velocidade, interface bluetooth, navegador gps, rodas de liga leve, sensor de ré, som, teto solar, tração 4x4, trava elétrica, vidro elétrico, volante multifuncional",https://sp.olx.com.br/sao-paulo-e-regiao/autos-e-pecas/carros-vans-e-utilitarios/bmw-x2-m35i-xdrive-2-0-turbo-317cv-aut-2025-1506385527
1528346507,BMW X3 Xdrive 30E Turbo Híbrido AUT 2023,329800,BMW,X3,Xdrive 30E Turbo Híbrido AUT,2023,43388,Híbrido,Automático,Preto,SP,São Paulo,Vila Prudente,N/A,11,N/A,Não,Não,"air bag, ar condicionado, blindado, câmera de ré, rodas de liga leve, sensor de ré, som, teto solar, tração 4x4, vidro elétrico",https://sp.olx.com.br/sao-paulo-e-regiao/autos-e-pecas/carros-vans-e-utilitarios/bmw-x3-xdrive-30e-turbo-hibrido-aut-2023-1528346507
1528331612,BMW X2 M35i 2.0 Turbo 306cv Aut. 2020,229800,BMW,X2,M35i 2.0 Turbo 306cv Aut.,2020,52009,Gasolina,Automático,Cinza,SP,São Paulo,Vila Prudente,N/A,11,N/A,Não,Não,"air bag, ar condicionado, alarme, bancos de couro, câmera de ré, computador de bordo, conexão usb, controle automático de velocidade, interface bluetooth, navegador gps, rodas de liga leve, sensor de ré, som, teto solar, tração 4x4, trava elétrica, vidro elétrico, volante multifuncional",https://sp.olx.com.br/sao-paulo-e-regiao/autos-e-pecas/carros-vans-e-utilitarios/bmw-x2-m35i-2-0-turbo-306cv-aut-2020-1528331612
1528330279,BMW M M 135i Xdrive 2.0 306cv AUT 2021,259800,BMW,M,M 135i Xdrive 2.0 306cv AUT,2021,38756,Gasolina,Automático,Branco,SP,São Paulo,Vila Prudente,N/A,11,N/A,Não,Não,"air bag, ar condicionado, alarme, bancos de couro, câmera de ré, computador de bordo, conexão usb, controle automático de velocidade, interface bluetooth, navegador gps, rodas de liga leve, sensor de ré, som, teto solar, tração 4x4, trava elétrica, vidro elétrico, volante multifuncional",https://sp.olx.com.br/sao-paulo-e-regiao/autos-e-pecas/carros-vans-e-utilitarios/bmw-m-m-135i-xdrive-2-0-306cv-aut-2021-1528330279
1528322763,BMW X5 Xdrive 45E 3.0 M.sport Híbrido AU 2023,398000,BMW,X5,Xdrive 45E 3.0 M.sport Híbrido AU,2023,82000,Gasolina,Automático,N/A,SP,São Paulo,Mooca,N/A,11,N/A,Não,Não,"air bag, ar condicionado, alarme, bancos de couro, câmera de ré, computador de bordo, conexão usb, controle automático de velocidade, navegador gps, rodas de liga leve, sensor de ré, som, teto solar, tração 4x4, trava elétrica, vidro elétrico, volante multifuncional",https://sp.olx.com.br/sao-paulo-e-regiao/autos-e-pecas/carros-vans-e-utilitarios/bmw-x5-xdrive-45e-3-0-m-sport-hibrido-au-2023-1528322763
1528321660,BMW 218I Gran Coupe Sport GP 1.5 Bi-turbo 2023,189900,BMW,218I,Gran Coupe Sport GP 1.5 Bi-turbo,2023,907,Gasolina,Automático,Preto,SP,Santo André,Jardim Santo Antônio,N/A,11,Sim,Sim,Não,"air bag, air bag, ar condicionado, ar condicionado, alarme, alarme, bancos de couro, câmera de ré, câmera de ré, computador de bordo, computador de bordo, conexão usb, conexão usb, controle automático de velocidade, interface bluetooth, navegador gps, rodas de liga leve, sensor de ré, sensor de ré, teto solar, teto solar, trava elétrica, trava elétrica, vidro elétrico, vidro elétrico, volante multifuncional, volante multifuncional",https://sp.olx.com.br/sao-paulo-e-regiao/autos-e-pecas/carros-vans-e-utilitarios/bmw-218i-gran-coupe-sport-gp-1-5-bi-turbo-2023-1528321660
1528321566,BMW 320I A Modern/sport TB 2.0/a.flex 16V 4P 2023,239800,BMW,320I,A Modern/sport TB 2.0/a.flex 16V 4P,2023,59505,Flex,Automático,Cinza,SP,Sorocaba,Vila Carvalho,N/A,15,N/A,Não,Não,"air bag, ar condicionado, alarme, bancos de couro, câmera de ré, computador de bordo, conexão usb, controle automático de velocidade, interface bluetooth, navegador gps, rodas de liga leve, sensor de ré, som, teto solar, trava elétrica, vidro elétrico, volante multifuncional",https://sp.olx.com.br/regiao-de-sorocaba/autos-e-pecas/carros-vans-e-utilitarios/bmw-320i-a-modern-sport-tb-2-0-a-flex-16v-4p-2023-1528321566
1528319515,BMW 320I A Modern/sport TB 2.0/a.flex 16V 4P 2021,205000,BMW,320I,A Modern/sport TB 2.0/a.flex 16V 4P,2021,63700,Flex,Automático,Azul,SP,São Paulo,Bela Aliança,N/A,11,Sim,Sim,Não,"air bag, ar condicionado, alarme, bancos de couro, câmera de ré, computador de bordo, conexão usb, controle automático de velocidade, interface bluetooth, navegador gps, rodas de liga leve, sensor de ré, som, teto solar, trava elétrica, vidro elétrico, volante multifuncional",https://sp.olx.com.br/sao-paulo-e-regiao/autos-e-pecas/carros-vans-e-utilitarios/bmw-320i-a-modern-sport-tb-2-0-a-flex-16v-4p-2021-1528319515
1528297346,BMW X5 3.0 4X4 2022,389990,BMW,X5,3.0 4X4,2022,32000,Híbrido,Automático,Preto,SP,São Paulo,Retiro Morumbi,N/A,11,Não,Não,Não,"air bag, ar condicionado, alarme, bancos de couro, blindado, câmera de ré, computador de bordo, conexão usb, controle automático de velocidade, navegador gps, rodas de liga leve, sensor de ré, som, teto solar, tração 4x4, trava elétrica, vidro elétrico, volante multifuncional",https://sp.olx.com.br/sao-paulo-e-regiao/autos-e-pecas/carros-vans-e-utilitarios/bmw-x5-3-0-4x4-2022-1528297346
1528297168,BMW X1 Sdrive 20I M Sport 2.0 TB Aut. 2025,389990,BMW,X1,Sdrive 20I M Sport 2.0 TB Aut.,2025,37300,Gasolina,Automático,Preto,SP,São Paulo,Retiro Morumbi,N/A,11,Não,Não,Não,"air bag, ar condicionado, alarme, bancos de couro, blindado, câmera de ré, computador de bordo, conexão usb, controle automático de velocidade, navegador gps, rodas de liga leve, sensor de ré, som, teto solar, tração 4x4, trava elétrica, vidro elétrico, volante multifuncional",https://sp.olx.com.br/sao-paulo-e-regiao/autos-e-pecas/carros-vans-e-utilitarios/bmw-x1-sdrive-20i-m-sport-2-0-tb-aut-2025-1528297168
1528265428,BMW 320I A 2.0 TB M Sport Activeflex 16V 4P 2023,269990,BMW,320I,A 2.0 TB M Sport Activeflex 16V 4P,2023,44279,Flex,Automático,Preto,SP,São Bernardo do Campo,Centro,N/A,11,N/A,Sim,Não,"air bag, ar condicionado, alarme, bancos de couro, câmera de ré, computador de bordo, conexão usb, controle automático de velocidade, navegador gps, rodas de liga leve, sensor de ré, som, teto solar, trava elétrica, vidro elétrico, volante multifuncional",https://sp.olx.com.br/sao-paulo-e-regiao/autos-e-pecas/carros-vans-e-utilitarios/bmw-320i-a-2-0-tb-m-sport-activeflex-16v-4p-2023-1528265428
1528261630,BMW X3 Xdrive 30E X-line Turbo Híbrido AU 2022,239900,BMW,X3,Xdrive 30E X-line Turbo Híbrido AU,2022,48000,Híbrido,Automático,Branco,SP,São José do Rio Preto,Centro,N/A,17,Não,Sim,Não,"air bag, ar condicionado, alarme, bancos de couro, câmera de ré, computador de bordo, conexão usb, controle automático de velocidade, interface bluetooth, navegador gps, rodas de liga leve, sensor de ré, som, teto solar, tração 4x4, trava elétrica, vidro elétrico, volante multifuncional",https://sp.olx.com.br/regiao-de-sao-jose-do-rio-preto/autos-e-pecas/carros-vans-e-utilitarios/bmw-x3-xdrive-30e-x-line-turbo-hibrido-au-2022-1528261630
1518130171,BMW 320I A 2.0 TB M Sport Activeflex 16V 4P 2025,324900,BMW,320I,A 2.0 TB M Sport Activeflex 16V 4P,2025,2874,Flex,Automático,Cinza,SP,Presidente Prudente,Vila Euclides,N/A,18,Sim,Sim,Não,"air bag, ar condicionado, alarme, bancos de couro, câmera de ré, computador de bordo, conexão usb, controle automático de velocidade, interface bluetooth, navegador gps, rodas de liga leve, sensor de ré, som, teto solar, trava elétrica, vidro elétrico, volante multifuncional",https://sp.olx.com.br/regiao-de-presidente-prudente/autos-e-pecas/carros-vans-e-utilitarios/bmw-320i-a-2-0-tb-m-sport-activeflex-16v-4p-2025-1518130171
1528249169,BMW 118I Sport 1.5 TB 12V Aut. 5P 2020,126900,BMW,118I,Sport 1.5 TB 12V Aut. 5P,2020,70000,Gasolina,Automático,Cinza,SP,São Paulo,Santo Amaro,N/A,11,Sim,Sim,Não,"air bag, alarme, sensor de ré, som, trava elétrica, vidro elétrico",https://sp.olx.com.br/sao-paulo-e-regiao/autos-e-pecas/carros-vans-e-utilitarios/bmw-118i-sport-1-5-tb-12v-aut-5p-2020-1528249169
1443750324,BMW X6 Xdrive 40I M Sport 3.0 Bi-turbo 2023,558000,BMW,X6,Xdrive 40I M Sport 3.0 Bi-turbo,2023,39000,Gasolina,Automático,N/A,SP,São Paulo,Mooca,N/A,11,N/A,Não,Não,"air bag, ar condicionado, alarme, bancos de couro, câmera de ré, computador de bordo, conexão usb, controle automático de velocidade, navegador gps, rodas de liga leve, sensor de ré, som, teto solar, tração 4x4, trava elétrica, vidro elétrico, volante multifuncional",https://sp.olx.com.br/sao-paulo-e-regiao/autos-e-pecas/carros-vans-e-utilitarios/bmw-x6-xdrive-40i-m-sport-3-0-bi-turbo-2023-1443750324
1528234875,BMW 320I A Modern/sport TB 2.0/a.flex 16V 4P 2022,250000,BMW,320I,A Modern/sport TB 2.0/a.flex 16V 4P,2022,60000,Flex,Automático,Branco,SP,Andradina,Loteamento Residencial Alto dos Ipês,N/A,18,Não,Sim,Não,"air bag, ar condicionado, alarme, bancos de couro, câmera de ré, computador de bordo, conexão usb, controle automático de velocidade, interface bluetooth, navegador gps, rodas de liga leve, sensor de ré, som, teto solar, trava elétrica, vidro elétrico, volante multifuncional",https://sp.olx.com.br/regiao-de-presidente-prudente/autos-e-pecas/carros-vans-e-utilitarios/bmw-320i-a-modern-sport-tb-2-0-a-flex-16v-4p-2022-1528234875
1514554838,BMW 320I A 2.0 TB M Sport Activeflex 16V 4P 2020,218000,BMW,320I,A 2.0 TB M Sport Activeflex 16V 4P,2020,45000,Flex,Automático,Preto,SP,São Paulo,Parque Monteiro Soares,N/A,11,Sim,Sim,Não,"air bag, ar condicionado, alarme, bancos de couro, blindado, câmera de ré, computador de bordo, conexão usb, controle automático de velocidade, navegador gps, rodas de liga leve, sensor de ré, som, teto solar, trava elétrica, vidro elétrico, volante multifuncional",https://sp.olx.com.br/sao-paulo-e-regiao/autos-e-pecas/carros-vans-e-utilitarios/bmw-320i-a-2-0-tb-m-sport-activeflex-16v-4p-2020-1514554838
1528171386,BMW X4 Xdrive 30I M-sport 2.0 TB. 252cv AUT 2021,269900,BMW,X4,Xdrive 30I M-sport 2.0 TB. 252cv AUT,2021,80000,Gasolina,Automático,Branco,SP,São José dos Campos,Jardim Satélite,N/A,12,Sim,Sim,Não,"air bag, ar condicionado, alarme, bancos de couro, câmera de ré, computador de bordo, conexão usb, controle automático de velocidade, interface bluetooth, navegador gps, rodas de liga leve, sensor de ré, som, teto solar, tração 4x4, trava elétrica, vidro elétrico, volante multifuncional",https://sp.olx.com.br/vale-do-paraiba-e-litoral-norte/autos-e-pecas/carros-vans-e-utilitarios/bmw-x4-xdrive-30i-m-sport-2-0-tb-252cv-aut-2021-1528171386
1528147985,BMW 320I A 2.0 Turbo/activeflex 16V 184cv 4P 2021,177900,BMW,320I,A 2.0 Turbo/activeflex 16V 184cv 4P,2021,68229,Flex,Automático,Preto,SP,Sorocaba,Vila Assis,N/A,15,Sim,Sim,Não,"air bag, ar condicionado, alarme, bancos de couro, câmera de ré, computador de bordo, conexão usb, controle automático de velocidade, interface bluetooth, navegador gps, rodas de liga leve, sensor de ré, som, teto solar, trava elétrica, vidro elétrico, volante multifuncional",https://sp.olx.com.br/regiao-de-sorocaba/autos-e-pecas/carros-vans-e-utilitarios/bmw-320i-a-2-0-turbo-activeflex-16v-184cv-4p-2021-1528147985
1528119422,BMW X3 Xdrive 30I X-line 2.0 Turbo 252cv AUT 2020,199000,BMW,X3,Xdrive 30I X-line 2.0 Turbo 252cv AUT,2020,130000,Gasolina,Automático,Branco,SP,São Carlos,Parque Fehr,N/A,16,Não,Sim,Não,"air bag, ar condicionado, alarme, bancos de couro, câmera de ré, computador de bordo, conexão usb, controle automático de velocidade, interface bluetooth, navegador gps, rodas de liga leve, sensor de ré, som, teto solar, tração 4x4, trava elétrica, vidro elétrico, volante multifuncional",https://sp.olx.com.br/regiao-de-ribeirao-preto/autos-e-pecas/carros-vans-e-utilitarios/bmw-x3-xdrive-30i-x-line-2-0-turbo-252cv-aut-2020-1528119422
1528115234,BMW X1 Sdrive 20I M Sport 2.0 TB Aut. 2023,359790,BMW,X1,Sdrive 20I M Sport 2.0 TB Aut.,2023,20400,Gasolina,Automático,Branco,SP,Santo André,Vila Assunção,N/A,11,Não,Não,Não,"air bag, ar condicionado, alarme, bancos de couro, blindado, câmera de ré, computador de bordo, conexão usb, controle automático de velocidade, navegador gps, rodas de liga leve, sensor de ré, som, teto solar, trava elétrica, vidro elétrico, volante multifuncional",https://sp.olx.com.br/sao-paulo-e-regiao/autos-e-pecas/carros-vans-e-utilitarios/bmw-x1-sdrive-20i-m-sport-2-0-tb-aut-2023-1528115234
1528114217,BMW X3 Xdrive 30E X-line Turbo Híbrido AU 2023,299900,BMW,X3,Xdrive 30E X-line Turbo Híbrido AU,2023,54600,Híbrido,Automático,Cinza,SP,São Paulo,Vila Maria Trindade,N/A,11,Sim,Sim,Não,"air bag, ar condicionado, alarme, bancos de couro, blindado, câmera de ré, computador de bordo, conexão usb, controle automático de velocidade, navegador gps, rodas de liga leve, sensor de ré, som, teto solar, tração 4x4, trava elétrica, vidro elétrico, volante multifuncional",https://sp.olx.com.br/sao-paulo-e-regiao/autos-e-pecas/carros-vans-e-utilitarios/bmw-x3-xdrive-30e-x-line-turbo-hibrido-au-2023-1528114217
1443605810,BMW 320I A 2020,205000,BMW,320I,A,2020,81000,Gasolina,Automático,N/A,SP,São Paulo,Mooca,N/A,11,N/A,Não,Não,"air bag, air bag, ar condicionado, alarme, trava elétrica, vidro elétrico",https://sp.olx.com.br/sao-paulo-e-regiao/autos-e-pecas/carros-vans-e-utilitarios/bmw-320i-a-2020-1443605810
1511035966,BMW 320I A Modern/sport TB 2.0/a.flex 16V 4P 2024,285000,BMW,320I,A Modern/sport TB 2.0/a.flex 16V 4P,2024,55000,Flex,Automático,N/A,SP,São Paulo,Mooca,N/A,11,N/A,Não,Não,"air bag, ar condicionado, alarme, bancos de couro, câmera de ré, computador de bordo, conexão usb, controle automático de velocidade, navegador gps, rodas de liga leve, sensor de ré, teto solar, trava elétrica, vidro elétrico, volante multifuncional",https://sp.olx.com.br/sao-paulo-e-regiao/autos-e-pecas/carros-vans-e-utilitarios/bmw-320i-a-modern-sport-tb-2-0-a-flex-16v-4p-2024-1511035966
1528110220,BMW X5 Xdrive 50E 3.0 X-line Aut. (hibrido) 2025,634900,BMW,X5,Xdrive 50E 3.0 X-line Aut. (hibrido),2025,12700,Híbrido,Automático,Preto,SP,São Paulo,Vila Regente Feijó,N/A,11,Sim,Sim,Não,"air bag, ar condicionado, alarme, bancos de couro, câmera de ré, computador de bordo, conexão usb, controle automático de velocidade, navegador gps, rodas de liga leve, sensor de ré, som, teto solar, tração 4x4, trava elétrica, vidro elétrico, volante multifuncional",https://sp.olx.com.br/sao-paulo-e-regiao/autos-e-pecas/carros-vans-e-utilitarios/bmw-x5-xdrive-50e-3-0-x-line-aut-hibrido-2025-1528110220
1528100697,BMW X5 Xdrive 50E 3.0 M Sport Aut. (hibrido) 2026,830000,BMW,X5,Xdrive 50E 3.0 M Sport Aut. (hibrido),2026,4000,Gasolina,Automático,N/A,SP,São Paulo,Mooca,N/A,11,N/A,Não,Não,"air bag, air bag, ar condicionado, alarme, trava elétrica, vidro elétrico",https://sp.olx.com.br/sao-paulo-e-regiao/autos-e-pecas/carros-vans-e-utilitarios/bmw-x5-xdrive-50e-3-0-m-sport-aut-hibrido-2026-1528100697
1528099317,BMW X1 Sdrive 20I M Sport 2.0 TB Aut. 2025,279590,BMW,X1,Sdrive 20I M Sport 2.0 TB Aut.,2025,31700,Gasolina,Automático,Branco,SP,Araraquara,Jardim dos Manacás,N/A,16,Sim,Sim,Não,"air bag, ar condicionado, alarme, bancos de couro, câmera de ré, computador de bordo, conexão usb, controle automático de velocidade, navegador gps, rodas de liga leve, sensor de ré, som, teto solar, trava elétrica, vidro elétrico, volante multifuncional",https://sp.olx.com.br/regiao-de-ribeirao-preto/autos-e-pecas/carros-vans-e-utilitarios/bmw-x1-sdrive-20i-m-sport-2-0-tb-aut-2025-1528099317
1528078364,BMW 320I A 2.0 TB M Sport Activeflex 16V 4P 2022,214900,BMW,320I,A 2.0 TB M Sport Activeflex 16V 4P,2022,0,Gasolina,Automático,Cinza,SP,Bauru,Vila Nova Cidade Universitária,N/A,14,Sim,Sim,Não,"air bag, ar condicionado, alarme, câmera de ré, computador de bordo, conexão usb, controle automático de velocidade, navegador gps, rodas de liga leve, sensor de ré, teto solar, trava elétrica, vidro elétrico, volante multifuncional",https://sp.olx.com.br/regiao-de-bauru-e-marilia/autos-e-pecas/carros-vans-e-utilitarios/bmw-320i-a-2-0-tb-m-sport-activeflex-16v-4p-2022-1528078364
1528076731,BMW X1 Sdrive 20I M Sport 2.0 TB Flex Aut. 2022,180000,BMW,X1,Sdrive 20I M Sport 2.0 TB Flex Aut.,2022,97850,Flex,Automático,Cinza,SP,Cosmópolis,,N/A,19,Não,Sim,Não,"air bag, ar condicionado, alarme, bancos de couro, câmera de ré, computador de bordo, conexão usb, controle automático de velocidade, navegador gps, rodas de liga leve, sensor de ré, teto solar, trava elétrica, vidro elétrico, volante multifuncional",https://sp.olx.com.br/grande-campinas/autos-e-pecas/carros-vans-e-utilitarios/bmw-x1-sdrive-20i-m-sport-2-0-tb-flex-aut-2022-1528076731
1520164050,BMW 220i GRAN COUPE M SPORT 2.0 TB AUT. 2026,289990,BMW,220i,GRAN COUPE M SPORT 2.0 TB AUT.,2026,9000,Gasolina,Automático,Cinza,SP,Sorocaba,Jardim Isaura,N/A,15,Sim,Não,Não,"air bag, controle automático de velocidade, rodas de liga leve",https://sp.olx.com.br/regiao-de-sorocaba/autos-e-pecas/carros-vans-e-utilitarios/bmw-220i-gran-coupe-m-sport-2-0-tb-aut-2026-1520164050
1508095708,BMW M3 Competition M 3.0 Bi-TB 510cv 2024,629990,BMW,M3,Competition M 3.0 Bi-TB 510cv,2024,17000,Gasolina,Automático,Branco,SP,Sorocaba,Jardim Isaura,N/A,15,N/A,Não,Não,"air bag, ar condicionado, alarme, bancos de couro, câmera de ré, computador de bordo, conexão usb, controle automático de velocidade, interface bluetooth, navegador gps, rodas de liga leve, sensor de ré, som, trava elétrica, vidro elétrico, volante multifuncional",https://sp.olx.com.br/regiao-de-sorocaba/autos-e-pecas/carros-vans-e-utilitarios/bmw-m3-competition-m-3-0-bi-tb-510cv-2024-1508095708
1520527770,BMW M3 Competition M 3.0 Bi-TB 510cv 2023,649990,BMW,M3,Competition M 3.0 Bi-TB 510cv,2023,11000,Gasolina,Automático,Vermelho,SP,Barueri,Alphaville Centro Industrial e Empresarial/Alphaville.,N/A,11,Não,Sim,Não,"air bag, ar condicionado, alarme, bancos de couro, blindado, câmera de ré, computador de bordo, conexão usb, controle automático de velocidade, interface bluetooth, navegador gps, rodas de liga leve, sensor de ré, som, trava elétrica, vidro elétrico, volante multifuncional",https://sp.olx.com.br/sao-paulo-e-regiao/autos-e-pecas/carros-vans-e-utilitarios/bmw-m3-competition-m-3-0-bi-tb-510cv-2023-1520527770
1520715868,BMW X3 Xdrive 30E X-line Turbo Híbrido AU 2024,359900,BMW,X3,Xdrive 30E X-line Turbo Híbrido AU,2024,28653,Híbrido,Automático,Cinza,SP,São José dos Campos,Jardim Satélite,N/A,12,Sim,Sim,Não,"air bag, ar condicionado, alarme, bancos de couro, câmera de ré, computador de bordo, conexão usb, controle automático de velocidade, navegador gps, rodas de liga leve, sensor de ré, som, teto solar, tração 4x4, trava elétrica, vidro elétrico, volante multifuncional",https://sp.olx.com.br/vale-do-paraiba-e-litoral-norte/autos-e-pecas/carros-vans-e-utilitarios/bmw-x3-xdrive-30e-x-line-turbo-hibrido-au-2024-1520715868
1527982919,BMW X3 Xdrive 20I 2.0/x-line Bi-TB Flex Aut. 2020,204900,BMW,X3,Xdrive 20I 2.0/x-line Bi-TB Flex Aut.,2020,45000,Gasolina,Automático,Preto,SP,São Paulo,Ipiranga,N/A,11,N/A,Sim,Não,"air bag, ar condicionado, alarme, bancos de couro, blindado, câmera de ré, computador de bordo, conexão usb, controle automático de velocidade, interface bluetooth, navegador gps, rodas de liga leve, sensor de ré, teto solar, tração 4x4, trava elétrica, vidro elétrico, volante multifuncional",https://sp.olx.com.br/sao-paulo-e-regiao/autos-e-pecas/carros-vans-e-utilitarios/bmw-x3-xdrive-20i-2-0-x-line-bi-tb-flex-aut-2020-1527982919
1527982393,BMW X5 Xdrive 45E 3.0 M.sport Híbrido AU 2023,445790,BMW,X5,Xdrive 45E 3.0 M.sport Híbrido AU,2023,45520,Híbrido,Automático,Branco,SP,São Paulo,Vila Ema,N/A,11,N/A,Não,Não,"air bag, ar condicionado, alarme, bancos de couro, blindado, câmera de ré, computador de bordo, conexão usb, controle automático de velocidade, navegador gps, rodas de liga leve, sensor de ré, som, teto solar, tração 4x4, trava elétrica, vidro elétrico, volante multifuncional",https://sp.olx.com.br/sao-paulo-e-regiao/autos-e-pecas/carros-vans-e-utilitarios/bmw-x5-xdrive-45e-3-0-m-sport-hibrido-au-2023-1527982393
1492415290,BMW I3 BEV Full 170cv Aut. (elétrico) 2022,165900,BMW,I3,BEV Full 170cv Aut. (elétrico),2022,28900,Elétrico,Automático,Cinza,SP,São Paulo,Imirim,N/A,11,Sim,Sim,Não,"air bag, ar condicionado, alarme, bancos de couro, câmera de ré, computador de bordo, conexão usb, controle automático de velocidade, interface bluetooth, navegador gps, rodas de liga leve, sensor de ré, som, teto solar, trava elétrica, vidro elétrico, volante multifuncional",https://sp.olx.com.br/sao-paulo-e-regiao/autos-e-pecas/carros-vans-e-utilitarios/bmw-i3-bev-full-170cv-aut-eletrico-2022-1492415290
1527973177,BMW 320I 320i 2024,286900,BMW,320I,320i,2024,36700,Flex,Automático,Preto,SP,Americana,Catharina Zanaga,N/A,19,Não,Não,Não,"air bag, ar condicionado, alarme, bancos de couro, câmera de ré, computador de bordo, conexão usb, controle automático de velocidade, navegador gps, rodas de liga leve, sensor de ré, som, teto solar, trava elétrica, vidro elétrico, volante multifuncional",https://sp.olx.com.br/grande-campinas/autos-e-pecas/carros-vans-e-utilitarios/bmw-320i-320i-2024-1527973177
1527973152,BMW 320I A 2.0 TB M Sport Activeflex 16V 4P 2021,212900,BMW,320I,A 2.0 TB M Sport Activeflex 16V 4P,2021,46827,Flex,Automático,Cinza,SP,Americana,Catharina Zanaga,N/A,19,Não,Sim,Não,"air bag, ar condicionado, alarme, bancos de couro, câmera de ré, computador de bordo, conexão usb, controle automático de velocidade, navegador gps, rodas de liga leve, sensor de ré, som, teto solar, trava elétrica, vidro elétrico, volante multifuncional",https://sp.olx.com.br/grande-campinas/autos-e-pecas/carros-vans-e-utilitarios/bmw-320i-a-2-0-tb-m-sport-activeflex-16v-4p-2021-1527973152
1511260292,BMW X6 M Competition 4.4 V8 Bi-TB 625cv AUT 2024,859900,BMW,X6,M Competition 4.4 V8 Bi-TB 625cv AUT,2024,6500,Gasolina,Automático,Azul,SP,Rio Claro,Zona Central,N/A,19,Não,Não,Não,"air bag, ar condicionado, alarme, bancos de couro, câmera de ré, computador de bordo, conexão usb, controle automático de velocidade, navegador gps, rodas de liga leve, sensor de ré, teto solar, tração 4x4, trava elétrica, vidro elétrico, volante multifuncional",https://sp.olx.com.br/grande-campinas/autos-e-pecas/carros-vans-e-utilitarios/bmw-x6-m-competition-4-4-v8-bi-tb-625cv-aut-2024-1511260292
1507498528,BMW Z4 Roadster Sdrive 30I Msport 2.0 TB AUT 2020,335000,BMW,Z4,Roadster Sdrive 30I Msport 2.0 TB AUT,2020,18000,Gasolina,Automático,Azul,SP,Sorocaba,Jardim Ana Maria,N/A,15,Não,Sim,Não,"air bag, ar condicionado, bancos de couro, computador de bordo, conexão usb, controle automático de velocidade, navegador gps, rodas de liga leve, trava elétrica, vidro elétrico, volante multifuncional",https://sp.olx.com.br/regiao-de-sorocaba/autos-e-pecas/carros-vans-e-utilitarios/bmw-z4-roadster-sdrive-30i-msport-2-0-tb-aut-2020-1507498528
1527879447,BMW 320I A Modern/sport TB 2.0/a.flex 16V 4P 2023,249900,BMW,320I,A Modern/sport TB 2.0/a.flex 16V 4P,2023,40000,Flex,Automático,Branco,SP,Suzano,Vila Figueira,N/A,11,Não,Sim,Não,"air bag, ar condicionado, alarme, bancos de couro, câmera de ré, computador de bordo, conexão usb, controle automático de velocidade, interface bluetooth, navegador gps, rodas de liga leve, sensor de ré, som, teto solar, trava elétrica, vidro elétrico, volante multifuncional",https://sp.olx.com.br/sao-paulo-e-regiao/autos-e-pecas/carros-vans-e-utilitarios/bmw-320i-a-modern-sport-tb-2-0-a-flex-16v-4p-2023-1527879447
1508333122,BMW 320I A 2.0 TB M Sport Activeflex 16V 4P 2025,305000,BMW,320I,A 2.0 TB M Sport Activeflex 16V 4P,2025,24000,Flex,Automático,Cinza,SP,Ribeirão Preto,Condomínio Itamaraty,N/A,16,N/A,Não,Não,"air bag, ar condicionado, alarme, câmera de ré, rodas de liga leve, sensor de ré, som, trava elétrica, vidro elétrico, volante multifuncional",https://sp.olx.com.br/regiao-de-ribeirao-preto/autos-e-pecas/carros-vans-e-utilitarios/bmw-320i-a-2-0-tb-m-sport-activeflex-16v-4p-2025-1508333122
1527824125,BMW 320I A Modern/sport TB 2.0/a.flex 16V 4P 2022,208000,BMW,320I,A Modern/sport TB 2.0/a.flex 16V 4P,2022,51285,Flex,Automático,Branco,SP,Sorocaba,Vila Trujillo,N/A,15,Sim,N/A,N/A,"air bag, ar condicionado, alarme, bancos de couro, câmera de ré, computador de bordo, conexão usb, controle automático de velocidade, navegador gps, rodas de liga leve, sensor de ré, teto solar, trava elétrica, vidro elétrico, volante multifuncional",https://sp.olx.com.br/regiao-de-sorocaba/autos-e-pecas/carros-vans-e-utilitarios/bmw-320i-a-modern-sport-tb-2-0-a-flex-16v-4p-2022-1527824125
1524658980,BMW 320I A 2.0 TB M Sport Activeflex 16V 4P 2025,309990,BMW,320I,A 2.0 TB M Sport Activeflex 16V 4P,2025,13000,Flex,Automático,Azul,SP,Suzano,Vila Figueira,N/A,11,Sim,Sim,Não,"air bag, ar condicionado, alarme, bancos de couro, câmera de ré, computador de bordo, conexão usb, controle automático de velocidade, interface bluetooth, navegador gps, rodas de liga leve, sensor de ré, som, teto solar, trava elétrica, vidro elétrico, volante multifuncional",https://sp.olx.com.br/sao-paulo-e-regiao/autos-e-pecas/carros-vans-e-utilitarios/bmw-320i-a-2-0-tb-m-sport-activeflex-16v-4p-2025-1524658980
1489962229,BMW M235I Xdrive Gran Coupé 2.0 AUT 2022,229000,BMW,M235I,Xdrive Gran Coupé 2.0 AUT,2022,125000,Gasolina,Automático,Preto,SP,Ribeirão Preto,Residencial Flórida,N/A,16,Sim,Sim,Não,"air bag, ar condicionado, alarme, bancos de couro, câmera de ré, computador de bordo, conexão usb, controle automático de velocidade, interface bluetooth, navegador gps, rodas de liga leve, sensor de ré, som, teto solar, tração 4x4, trava elétrica, vidro elétrico, volante multifuncional",https://sp.olx.com.br/regiao-de-ribeirao-preto/autos-e-pecas/carros-vans-e-utilitarios/bmw-m235i-xdrive-gran-coupe-2-0-aut-2022-1489962229
1527823758,BMW 320I A 2.0 TB M Sport Activeflex 16V 4P 2022,209900,BMW,320I,A 2.0 TB M Sport Activeflex 16V 4P,2022,80,Flex,Automático,Branco,SP,São José do Rio Preto,Jardim Caparroz,N/A,17,Não,Não,Não,"air bag, ar condicionado, alarme, câmera de ré, computador de bordo, conexão usb, controle automático de velocidade, navegador gps, rodas de liga leve, sensor de ré, teto solar, trava elétrica, vidro elétrico, volante multifuncional",https://sp.olx.com.br/regiao-de-sao-jose-do-rio-preto/autos-e-pecas/carros-vans-e-utilitarios/bmw-320i-a-2-0-tb-m-sport-activeflex-16v-4p-2022-1527823758
1520553802,BMW X3 Xdrive 30E X-line Turbo Híbrido AU 2023,249900,BMW,X3,Xdrive 30E X-line Turbo Híbrido AU,2023,75000,Híbrido,Automático,Preto,SP,Americana,Jardim Nossa Senhora de Fátima,N/A,19,Não,Sim,Não,"air bag, ar condicionado, alarme, bancos de couro, câmera de ré, computador de bordo, conexão usb, controle automático de velocidade, navegador gps, rodas de liga leve, sensor de ré, som, teto solar, tração 4x4, trava elétrica, vidro elétrico, volante multifuncional",https://sp.olx.com.br/grande-campinas/autos-e-pecas/carros-vans-e-utilitarios/bmw-x3-xdrive-30e-x-line-turbo-hibrido-au-2023-1520553802
1527803602,BMW X1 Sdrive 20I GP 2.0 TB Aut. 2021,169800,BMW,X1,Sdrive 20I GP 2.0 TB Aut.,2021,44432,Flex,Automático,Cinza,SP,São Paulo,Vila Prudente,N/A,11,N/A,Não,Não,"air bag, ar condicionado, alarme, bancos de couro, blindado, câmera de ré, computador de bordo, controle automático de velocidade, interface bluetooth, rodas de liga leve, sensor de ré, som, trava elétrica, vidro elétrico",https://sp.olx.com.br/sao-paulo-e-regiao/autos-e-pecas/carros-vans-e-utilitarios/bmw-x1-sdrive-20i-gp-2-0-tb-aut-2021-1527803602
1527797347,BMW X1 Sdrive 20I M Sport 2.0 TB Aut. 2023,259900,BMW,X1,Sdrive 20I M Sport 2.0 TB Aut.,2023,40000,Gasolina,Automático,Preto,SP,Ribeirão Preto,Jardim Botânico,N/A,16,N/A,Não,Não,"air bag, ar condicionado, alarme, bancos de couro, câmera de ré, computador de bordo, conexão usb, controle automático de velocidade, navegador gps, rodas de liga leve, sensor de ré, som, teto solar, trava elétrica, vidro elétrico, volante multifuncional",https://sp.olx.com.br/regiao-de-ribeirao-preto/autos-e-pecas/carros-vans-e-utilitarios/bmw-x1-sdrive-20i-m-sport-2-0-tb-aut-2023-1527797347
1527782353,BMW X1 Sdrive 20I M Sport 2.0 TB Aut. 2026,328990,BMW,X1,Sdrive 20I M Sport 2.0 TB Aut.,2026,8000,Gasolina,Automático,Preto,SP,Santos,Vila Mathias,N/A,13,Não,Sim,Não,"ar condicionado, teto solar",https://sp.olx.com.br/baixada-santista-e-litoral-sul/autos-e-pecas/carros-vans-e-utilitarios/bmw-x1-sdrive-20i-m-sport-2-0-tb-aut-2026-1527782353
1527774400,BMW 218I Gran Coupe Sport GP 1.5 Bi-turbo 2022,170000,BMW,218I,Gran Coupe Sport GP 1.5 Bi-turbo,2022,28737,Gasolina,Automático,Preto,SP,Votorantim,Alphaville Nova Esplanada,N/A,15,N/A,Não,Não,"air bag, ar condicionado, alarme, câmera de ré, computador de bordo, conexão usb, controle automático de velocidade, navegador gps, rodas de liga leve, sensor de ré, teto solar, trava elétrica, vidro elétrico, volante multifuncional",https://sp.olx.com.br/regiao-de-sorocaba/autos-e-pecas/carros-vans-e-utilitarios/bmw-218i-gran-coupe-sport-gp-1-5-bi-turbo-2022-1527774400
1527772338,BMW M2 Coupe 3.0 Turbo 24V 370cv 2026,615000,BMW,M2,Coupe 3.0 Turbo 24V 370cv,2026,5700,Gasolina,Automático,Preto,SP,Votorantim,Alphaville Nova Esplanada,N/A,15,N/A,Não,Não,"air bag, ar condicionado, alarme, trava elétrica, vidro elétrico",https://sp.olx.com.br/regiao-de-sorocaba/autos-e-pecas/carros-vans-e-utilitarios/bmw-m2-coupe-3-0-turbo-24v-370cv-2026-1527772338
1520265996,BMW 320I A 2.0 TB M Sport Activeflex 16V 4P 2023,265900,BMW,320I,A 2.0 TB M Sport Activeflex 16V 4P,2023,80000,Flex,Automático,Cinza,SP,Pilar do Sul,Campo Grande,N/A,15,Não,Sim,Não,"air bag, ar condicionado, alarme, bancos de couro, câmera de ré, computador de bordo, conexão usb, controle automático de velocidade, navegador gps, rodas de liga leve, sensor de ré, som, teto solar, trava elétrica, vidro elétrico, volante multifuncional",https://sp.olx.com.br/regiao-de-sorocaba/autos-e-pecas/carros-vans-e-utilitarios/bmw-320i-a-2-0-tb-m-sport-activeflex-16v-4p-2023-1520265996
1527730136,BMW X1 Sdrive 20I X-line 2.0 TB Active Flex 2020,132900,BMW,X1,Sdrive 20I X-line 2.0 TB Active Flex,2020,66000,Flex,Automático,Cinza,SP,São Paulo,Alto de Pinheiros,N/A,11,Não,Sim,Não,"air bag, ar condicionado, alarme, bancos de couro, câmera de ré, computador de bordo, conexão usb, controle automático de velocidade, navegador gps, rodas de liga leve, sensor de ré, teto solar, trava elétrica, vidro elétrico, volante multifuncional",https://sp.olx.com.br/sao-paulo-e-regiao/autos-e-pecas/carros-vans-e-utilitarios/bmw-x1-sdrive-20i-x-line-2-0-tb-active-flex-2020-1527730136
1527695617,BMW X1 Sdrive 20I X-line 2.0 TB Active Flex 2021,160000,BMW,X1,Sdrive 20I X-line 2.0 TB Active Flex,2021,80000,Flex,Automático,Cinza,SP,Araçatuba,Centro,N/A,18,Não,Sim,Não,"air bag, ar condicionado, alarme, bancos de couro, câmera de ré, computador de bordo, conexão usb, controle automático de velocidade, navegador gps, rodas de liga leve, sensor de ré, som, teto solar, trava elétrica, vidro elétrico, volante multifuncional",https://sp.olx.com.br/regiao-de-presidente-prudente/autos-e-pecas/carros-vans-e-utilitarios/bmw-x1-sdrive-20i-x-line-2-0-tb-active-flex-2021-1527695617
1428667980,BMW X3 Xdrive 30E M SP Launch ED. TB Híbrido 2022,329000,BMW,X3,Xdrive 30E M SP Launch ED. TB Híbrido,2022,60000,Híbrido,Automático,Cinza,SP,Campinas,Jardim Nossa Senhora Auxiliadora,N/A,19,Sim,Sim,Não,"air bag, ar condicionado, alarme, bancos de couro, câmera de ré, computador de bordo, conexão usb, controle automático de velocidade, navegador gps, rodas de liga leve, sensor de ré, som, teto solar, tração 4x4, trava elétrica, vidro elétrico, volante multifuncional",https://sp.olx.com.br/grande-campinas/autos-e-pecas/carros-vans-e-utilitarios/bmw-x3-xdrive-30e-m-sp-launch-ed-tb-hibrido-2022-1428667980
1527687817,BMW 320I A Modern/sport TB 2.0/a.flex 16V 4P 2024,281000,BMW,320I,A Modern/sport TB 2.0/a.flex 16V 4P,2024,8500,Flex,Automático,Preto,SP,São Paulo,Vila Leopoldina,N/A,11,Sim,Sim,Não,"air bag, ar condicionado, alarme, bancos de couro, câmera de ré, computador de bordo, conexão usb, controle automático de velocidade, navegador gps, rodas de liga leve, sensor de ré, teto solar, trava elétrica, vidro elétrico, volante multifuncional",https://sp.olx.com.br/sao-paulo-e-regiao/autos-e-pecas/carros-vans-e-utilitarios/bmw-320i-a-modern-sport-tb-2-0-a-flex-16v-4p-2024-1527687817
1527685657,BMW 320I A 2.0 TB M Sport Activeflex 16V 4P 2022,225790,BMW,320I,A 2.0 TB M Sport Activeflex 16V 4P,2022,41300,Flex,Automático,Cinza,SP,Santo André,Vila Assunção,N/A,11,Não,Não,Não,"air bag, ar condicionado, alarme, bancos de couro, câmera de ré, computador de bordo, conexão usb, controle automático de velocidade, navegador gps, rodas de liga leve, sensor de ré, som, teto solar, trava elétrica, vidro elétrico, volante multifuncional",https://sp.olx.com.br/sao-paulo-e-regiao/autos-e-pecas/carros-vans-e-utilitarios/bmw-320i-a-2-0-tb-m-sport-activeflex-16v-4p-2022-1527685657
1527679283,BMW 320I A 2.0 TB M Sport Activeflex 16V 4P 2024,286990,BMW,320I,A 2.0 TB M Sport Activeflex 16V 4P,2024,33695,Flex,Automático,Cinza,SP,Presidente Prudente,Vila Santa Helena,N/A,18,Sim,Sim,Não,"ar condicionado, alarme, bancos de couro, câmera de ré, computador de bordo, conexão usb, controle automático de velocidade, interface bluetooth, navegador gps, rodas de liga leve, sensor de ré, som, teto solar, trava elétrica, vidro elétrico, volante multifuncional",https://sp.olx.com.br/regiao-de-presidente-prudente/autos-e-pecas/carros-vans-e-utilitarios/bmw-320i-a-2-0-tb-m-sport-activeflex-16v-4p-2024-1527679283
1515062288,BMW 320I A 2.0 TB M Sport Activeflex 16V 4P 2022,205990,BMW,320I,A 2.0 TB M Sport Activeflex 16V 4P,2022,77000,Flex,Automático,Azul,SP,Campinas,Jardim Leonor,N/A,19,Sim,Sim,Não,"air bag, ar condicionado, alarme, bancos de couro, câmera de ré, computador de bordo, conexão usb, controle automático de velocidade, navegador gps, rodas de liga leve, sensor de ré, teto solar, trava elétrica, vidro elétrico, volante multifuncional",https://sp.olx.com.br/grande-campinas/autos-e-pecas/carros-vans-e-utilitarios/bmw-320i-a-2-0-tb-m-sport-activeflex-16v-4p-2022-1515062288
1511502838,BMW X1 Sdrive 20I M Sport 2.0 TB Aut. 2025,316900,BMW,X1,Sdrive 20I M Sport 2.0 TB Aut.,2025,23000,Gasolina,,Branco,SP,Guarulhos,Jardim São Jorge,N/A,11,Não,Não,Não,"air bag, ar condicionado, alarme, bancos de couro, câmera de ré, computador de bordo, conexão usb, controle automático de velocidade, interface bluetooth, navegador gps, rodas de liga leve, sensor de ré, som, teto solar, trava elétrica, vidro elétrico, volante multifuncional",https://sp.olx.com.br/sao-paulo-e-regiao/autos-e-pecas/carros-vans-e-utilitarios/bmw-x1-sdrive-20i-m-sport-2-0-tb-aut-2025-1511502838
1527578718,BMW 320I A Modern/sport TB 2.0/a.flex 16V 4P 2020,165000,BMW,320I,A Modern/sport TB 2.0/a.flex 16V 4P,2020,96000,Gasolina,Automático,Cinza,SP,São José dos Campos,Centro,N/A,12,Não,Sim,Não,"air bag, ar condicionado, alarme, bancos de couro, câmera de ré, computador de bordo, conexão usb, controle automático de velocidade, rodas de liga leve, sensor de ré, trava elétrica, vidro elétrico, volante multifuncional",https://sp.olx.com.br/vale-do-paraiba-e-litoral-norte/autos-e-pecas/carros-vans-e-utilitarios/bmw-320i-a-modern-sport-tb-2-0-a-flex-16v-4p-2020-1527578718
1527578592,BMW X1 Sdrive 20I 2.0/2.0 TB Acti.flex Aut. 2022,153340,BMW,X1,Sdrive 20I 2.0/2.0 TB Acti.flex Aut.,2022,51000,Flex,Automático,Cinza,SP,Ribeirão Preto,Jardim Botânico,N/A,16,Não,Não,Não,"air bag, ar condicionado, alarme, bancos de couro, câmera de ré, computador de bordo, conexão usb, controle automático de velocidade, navegador gps, rodas de liga leve, sensor de ré, trava elétrica, vidro elétrico, volante multifuncional",https://sp.olx.com.br/regiao-de-ribeirao-preto/autos-e-pecas/carros-vans-e-utilitarios/bmw-x1-sdrive-20i-2-0-2-0-tb-acti-flex-aut-2022-1527578592
1363799099,BMW 320I A 2.0 TB M Sport Activeflex 16V 4P 2024,297000,BMW,320I,A 2.0 TB M Sport Activeflex 16V 4P,2024,25000,Flex,Automático,Cinza,SP,São José dos Campos,Vila Ema,N/A,12,Sim,Sim,Não,"air bag, ar condicionado, alarme, bancos de couro, câmera de ré, computador de bordo, conexão usb, controle automático de velocidade, interface bluetooth, navegador gps, rodas de liga leve, sensor de ré, som, teto solar, trava elétrica, vidro elétrico, volante multifuncional",https://sp.olx.com.br/vale-do-paraiba-e-litoral-norte/autos-e-pecas/carros-vans-e-utilitarios/bmw-320i-a-2-0-tb-m-sport-activeflex-16v-4p-2024-1363799099
1527514224,BMW 320I 320i 2024,288790,BMW,320I,320i,2024,65000,Flex,Automático,Branco,SP,São Bernardo do Campo,Anchieta,N/A,11,Não,Sim,Não,"air bag, ar condicionado, alarme, bancos de couro, câmera de ré, computador de bordo, conexão usb, controle automático de velocidade, navegador gps, rodas de liga leve, sensor de ré, som, teto solar, trava elétrica, vidro elétrico, volante multifuncional",https://sp.olx.com.br/sao-paulo-e-regiao/autos-e-pecas/carros-vans-e-utilitarios/bmw-320i-320i-2024-1527514224
1518448735,BMW X4 Xdrive 30I M-sport 2.0 TB. 252cv AUT 2022,327970,BMW,X4,Xdrive 30I M-sport 2.0 TB. 252cv AUT,2022,31000,Gasolina,Automático,Cinza,SP,São Paulo,Indianópolis,N/A,11,Sim,Não,Não,"air bag, ar condicionado, alarme, bancos de couro, blindado, câmera de ré, computador de bordo, conexão usb, controle automático de velocidade, navegador gps, rodas de liga leve, sensor de ré, som, teto solar, tração 4x4, trava elétrica, vidro elétrico, volante multifuncional",https://sp.olx.com.br/sao-paulo-e-regiao/autos-e-pecas/carros-vans-e-utilitarios/bmw-x4-xdrive-30i-m-sport-2-0-tb-252cv-aut-2022-1518448735
1503112616,BMW 320I A Modern/sport TB 2.0/a.flex 16V 4P 2022,229900,BMW,320I,A Modern/sport TB 2.0/a.flex 16V 4P,2022,39000,Gasolina,Automático,Branco,SP,Jundiaí,Vila Loureiro,N/A,11,Sim,Sim,Não,"air bag, ar condicionado, alarme, bancos de couro, câmera de ré, computador de bordo, conexão usb, controle automático de velocidade, interface bluetooth, navegador gps, rodas de liga leve, sensor de ré, som, teto solar, trava elétrica, vidro elétrico, volante multifuncional",https://sp.olx.com.br/sao-paulo-e-regiao/autos-e-pecas/carros-vans-e-utilitarios/bmw-320i-a-modern-sport-tb-2-0-a-flex-16v-4p-2022-1503112616
1511256523,BMW X6 Xdrive 40I M Sport 3.0 Bi-TB (hib.) 2024,638900,BMW,X6,Xdrive 40I M Sport 3.0 Bi-TB (hib.),2024,35000,Híbrido,Automático,Branco,SP,Santo André,Jardim,N/A,11,N/A,Sim,Não,"air bag, ar condicionado, alarme, bancos de couro, câmera de ré, computador de bordo, conexão usb, controle automático de velocidade, interface bluetooth, navegador gps, rodas de liga leve, sensor de ré, som, teto solar, tração 4x4, trava elétrica, vidro elétrico, volante multifuncional",https://sp.olx.com.br/sao-paulo-e-regiao/autos-e-pecas/carros-vans-e-utilitarios/bmw-x6-xdrive-40i-m-sport-3-0-bi-tb-hib-2024-1511256523
1514309993,BMW 320I A 2.0 TB M Sport Activeflex 16V 4P 2024,289900,BMW,320I,A 2.0 TB M Sport Activeflex 16V 4P,2024,53000,Flex,Automático,Cinza,SP,Sorocaba,Centro,N/A,15,Sim,Sim,Não,"air bag, ar condicionado, alarme, bancos de couro, câmera de ré, computador de bordo, conexão usb, controle automático de velocidade, interface bluetooth, navegador gps, rodas de liga leve, sensor de ré, som, teto solar, trava elétrica, vidro elétrico, volante multifuncional",https://sp.olx.com.br/regiao-de-sorocaba/autos-e-pecas/carros-vans-e-utilitarios/bmw-320i-a-2-0-tb-m-sport-activeflex-16v-4p-2024-1514309993
1508318616,BMW X1 Sdrive 20I M Sport 2.0 TB Aut. 2024,293900,BMW,X1,Sdrive 20I M Sport 2.0 TB Aut.,2024,44065,Gasolina,Automático,Azul,SP,Sorocaba,Vila Assis,N/A,15,Sim,Sim,Não,"air bag, ar condicionado, alarme, bancos de couro, câmera de ré, computador de bordo, conexão usb, controle automático de velocidade, interface bluetooth, navegador gps, rodas de liga leve, sensor de ré, som, teto solar, trava elétrica, vidro elétrico, volante multifuncional",https://sp.olx.com.br/regiao-de-sorocaba/autos-e-pecas/carros-vans-e-utilitarios/bmw-x1-sdrive-20i-m-sport-2-0-tb-aut-2024-1508318616
1520220663,BMW 320I A Modern/sport TB 2.0/a.flex 16V 4P 2022,219999,BMW,320I,A Modern/sport TB 2.0/a.flex 16V 4P,2022,45300,Flex,Automático,Preto,SP,Birigüi,Jardim Pérola,N/A,18,Não,Sim,Não,"air bag, ar condicionado, alarme, bancos de couro, câmera de ré, computador de bordo, conexão usb, controle automático de velocidade, navegador gps, rodas de liga leve, sensor de ré, teto solar, trava elétrica, vidro elétrico, volante multifuncional",https://sp.olx.com.br/regiao-de-presidente-prudente/autos-e-pecas/carros-vans-e-utilitarios/bmw-320i-a-modern-sport-tb-2-0-a-flex-16v-4p-2022-1520220663
1497936988,BMW X4 Xdrive 30I M-sport 2.0 TB. 252cv AUT 2021,299969,BMW,X4,Xdrive 30I M-sport 2.0 TB. 252cv AUT,2021,55000,Gasolina,Automático,N/A,SP,Santo André,Vila Príncipe de Gales,N/A,11,N/A,Sim,Não,"air bag, ar condicionado, alarme, bancos de couro, câmera de ré, computador de bordo, conexão usb, controle automático de velocidade, navegador gps, rodas de liga leve, sensor de ré, teto solar, tração 4x4, trava elétrica, vidro elétrico, volante multifuncional",https://sp.olx.com.br/sao-paulo-e-regiao/autos-e-pecas/carros-vans-e-utilitarios/bmw-x4-xdrive-30i-m-sport-2-0-tb-252cv-aut-2021-1497936988
1452661860,BMW X2 Sdrive 18I 1.5 Activeflex 136cv Aut. 2021,170000,BMW,X2,Sdrive 18I 1.5 Activeflex 136cv Aut.,2021,48000,Flex,Automático,Cinza,SP,Santana de Parnaíba,Alphaville,N/A,11,Sim,Sim,Não,"air bag, ar condicionado, alarme, bancos de couro, blindado, câmera de ré, computador de bordo, conexão usb, controle automático de velocidade, interface bluetooth, navegador gps, rodas de liga leve, sensor de ré, som, trava elétrica, vidro elétrico, volante multifuncional",https://sp.olx.com.br/sao-paulo-e-regiao/autos-e-pecas/carros-vans-e-utilitarios/bmw-x2-sdrive-18i-1-5-activeflex-136cv-aut-2021-1452661860
1496163393,BMW 320I A Modern/sport TB 2.0/a.flex 16V 4P 2024,285900,BMW,320I,A Modern/sport TB 2.0/a.flex 16V 4P,2024,17000,Flex,Automático,N/A,SP,Jundiaí,Jardim Pitangueiras II,N/A,11,N/A,Não,Não,"air bag, ar condicionado, alarme, bancos de couro, câmera de ré, computador de bordo, conexão usb, controle automático de velocidade, navegador gps, rodas de liga leve, sensor de ré, teto solar, trava elétrica, vidro elétrico, volante multifuncional",https://sp.olx.com.br/sao-paulo-e-regiao/autos-e-pecas/carros-vans-e-utilitarios/bmw-320i-a-modern-sport-tb-2-0-a-flex-16v-4p-2024-1496163393
1510731518,BMW X1 Sdrive 20I M Sport 2.0 TB Aut. 2023,282900,BMW,X1,Sdrive 20I M Sport 2.0 TB Aut.,2023,41663,Gasolina,Automático,Preto,SP,Americana,Jardim Miriam,N/A,19,Não,Não,Não,"air bag, ar condicionado, alarme, bancos de couro, câmera de ré, computador de bordo, conexão usb, controle automático de velocidade, navegador gps, rodas de liga leve, sensor de ré, som, teto solar, trava elétrica, vidro elétrico, volante multifuncional",https://sp.olx.com.br/grande-campinas/autos-e-pecas/carros-vans-e-utilitarios/bmw-x1-sdrive-20i-m-sport-2-0-tb-aut-2023-1510731518
1527368146,BMW 320I A 2.0 TB M Sport Activeflex 16V 4P 2021,205000,BMW,320I,A 2.0 TB M Sport Activeflex 16V 4P,2021,43000,Gasolina,Automático,Preto,SP,Sumaré,Residencial Portal do Lago,N/A,19,Não,Sim,Não,"air bag, ar condicionado, alarme, bancos de couro, câmera de ré, computador de bordo, conexão usb, controle automático de velocidade, interface bluetooth, navegador gps, rodas de liga leve, sensor de ré, som, teto solar, trava elétrica, vidro elétrico, volante multifuncional",https://sp.olx.com.br/grande-campinas/autos-e-pecas/carros-vans-e-utilitarios/bmw-320i-a-2-0-tb-m-sport-activeflex-16v-4p-2021-1527368146
1527366569,BMW 320I A GT Sport 2.0 Turbo 16V 184cv 5P 2020,189900,BMW,320I,A GT Sport 2.0 Turbo 16V 184cv 5P,2020,18725,Gasolina,Automático,Cinza,SP,Jundiaí,Ponte de Campinas,N/A,11,N/A,Não,Não,"air bag, ar condicionado, alarme, câmera de ré, som, trava elétrica, vidro elétrico",https://sp.olx.com.br/sao-paulo-e-regiao/autos-e-pecas/carros-vans-e-utilitarios/bmw-320i-a-gt-sport-2-0-turbo-16v-184cv-5p-2020-1527366569
1527362865,BMW 320I 320i 2022,198900,BMW,320I,320i,2022,73000,Flex,Automático,Preto,SP,Campinas,Cambuí,N/A,19,N/A,Não,Não,"air bag, ar condicionado, alarme, câmera de ré, sensor de ré, som, trava elétrica, vidro elétrico",https://sp.olx.com.br/grande-campinas/autos-e-pecas/carros-vans-e-utilitarios/bmw-320i-320i-2022-1527362865
1527357540,BMW 218I Gran Coupe Sport GP 1.5 Bi-turbo 2023,179990,BMW,218I,Gran Coupe Sport GP 1.5 Bi-turbo,2023,50000,Gasolina,,Branco,SP,Sorocaba,Parque Campolim,N/A,15,Sim,Sim,Não,"air bag, ar condicionado, alarme, bancos de couro, câmera de ré, computador de bordo, conexão usb, controle automático de velocidade, interface bluetooth, navegador gps, rodas de liga leve, sensor de ré, som, teto solar, trava elétrica, vidro elétrico, volante multifuncional",https://sp.olx.com.br/regiao-de-sorocaba/autos-e-pecas/carros-vans-e-utilitarios/bmw-218i-gran-coupe-sport-gp-1-5-bi-turbo-2023-1527357540
1527353701,BMW 320I A Modern/sport TB 2.0/a.flex 16V 4P 2022,219890,BMW,320I,A Modern/sport TB 2.0/a.flex 16V 4P,2022,52000,Flex,Automático,Branco,SP,São Paulo,Vila Carrão,N/A,11,N/A,Não,Não,"air bag, ar condicionado, alarme, bancos de couro, câmera de ré, computador de bordo, conexão usb, controle automático de velocidade, interface bluetooth, navegador gps, rodas de liga leve, sensor de ré, som, teto solar, trava elétrica, vidro elétrico, volante multifuncional",https://sp.olx.com.br/sao-paulo-e-regiao/autos-e-pecas/carros-vans-e-utilitarios/bmw-320i-a-modern-sport-tb-2-0-a-flex-16v-4p-2022-1527353701
1527343880,BMW X1 Sdrive 20I M Sport 2.0 TB Aut. 2024,288900,BMW,X1,Sdrive 20I M Sport 2.0 TB Aut.,2024,46770,Gasolina,Automático,Azul,SP,Sorocaba,Vila Assis,N/A,15,Sim,Sim,Não,"air bag, ar condicionado, alarme, bancos de couro, câmera de ré, computador de bordo, conexão usb, controle automático de velocidade, interface bluetooth, navegador gps, rodas de liga leve, sensor de ré, som, teto solar, trava elétrica, vidro elétrico, volante multifuncional",https://sp.olx.com.br/regiao-de-sorocaba/autos-e-pecas/carros-vans-e-utilitarios/bmw-x1-sdrive-20i-m-sport-2-0-tb-aut-2024-1527343880
1524845565,BMW X5 Xdrive 50E 3.0 M Sport Aut. (hibrido) 2025,740000,BMW,X5,Xdrive 50E 3.0 M Sport Aut. (hibrido),2025,17040,Híbrido,Automático,Preto,SP,São Paulo,Água Branca,N/A,11,N/A,Sim,Não,"air bag, ar condicionado, alarme, bancos de couro, blindado, câmera de ré, computador de bordo, conexão usb, controle automático de velocidade, interface bluetooth, navegador gps, rodas de liga leve, sensor de ré, som, teto solar, tração 4x4, trava elétrica, vidro elétrico, volante multifuncional",https://sp.olx.com.br/sao-paulo-e-regiao/autos-e-pecas/carros-vans-e-utilitarios/bmw-x5-xdrive-50e-3-0-m-sport-aut-hibrido-2025-1524845565
1527337276,BMW X1 Sdrive 20I M Sport 2.0 TB Aut. 2026,330000,BMW,X1,Sdrive 20I M Sport 2.0 TB Aut.,2026,8500,N/A,Automático,Preto,SP,Jundiaí,Jardim Messina,N/A,11,Sim,Sim,Não,"air bag, ar condicionado, alarme, bancos de couro, câmera de ré, computador de bordo, conexão usb, controle automático de velocidade, interface bluetooth, navegador gps, rodas de liga leve, sensor de ré, som, teto solar, trava elétrica, vidro elétrico, volante multifuncional",https://sp.olx.com.br/sao-paulo-e-regiao/autos-e-pecas/carros-vans-e-utilitarios/bmw-x1-sdrive-20i-m-sport-2-0-tb-aut-2026-1527337276
1527310889,BMW 320I A Modern/sport TB 2.0/a.flex 16V 4P 2023,255000,BMW,320I,A Modern/sport TB 2.0/a.flex 16V 4P,2023,73000,Flex,Automático,Preto,SP,São Paulo,Água Branca,N/A,11,Sim,N/A,N/A,"air bag, ar condicionado, alarme, bancos de couro, blindado, câmera de ré, computador de bordo, conexão usb, controle automático de velocidade, interface bluetooth, navegador gps, rodas de liga leve, sensor de ré, som, teto solar, trava elétrica, vidro elétrico, volante multifuncional",https://sp.olx.com.br/sao-paulo-e-regiao/autos-e-pecas/carros-vans-e-utilitarios/bmw-320i-a-modern-sport-tb-2-0-a-flex-16v-4p-2023-1527310889
1527305830,BMW 330E M Sport 2.0 Turbo Híbrido AU 2023,289900,BMW,330E,M Sport 2.0 Turbo Híbrido AU,2023,36800,Híbrido,Automático,Preto,SP,Bauru,Jardim Estoril IV,N/A,14,Não,N/A,N/A,"air bag, ar condicionado, alarme, bancos de couro, câmera de ré, computador de bordo, conexão usb, controle automático de velocidade, navegador gps, rodas de liga leve, sensor de ré, som, teto solar, trava elétrica, vidro elétrico, volante multifuncional",https://sp.olx.com.br/regiao-de-bauru-e-marilia/autos-e-pecas/carros-vans-e-utilitarios/bmw-330e-m-sport-2-0-turbo-hibrido-au-2023-1527305830
1510639195,BMW X1 Sdrive 20I 2.0/2.0 TB Acti.flex Aut. 2020,125900,BMW,X1,Sdrive 20I 2.0/2.0 TB Acti.flex Aut.,2020,84300,Flex,Automático,Preto,SP,Araçatuba,Jardim Nova Yorque,N/A,18,N/A,Sim,Não,"air bag, ar condicionado, alarme, bancos de couro, câmera de ré, computador de bordo, conexão usb, controle automático de velocidade, navegador gps, rodas de liga leve, sensor de ré, trava elétrica, vidro elétrico, volante multifuncional",https://sp.olx.com.br/regiao-de-presidente-prudente/autos-e-pecas/carros-vans-e-utilitarios/bmw-x1-sdrive-20i-2-0-2-0-tb-acti-flex-aut-2020-1510639195
1511223042,BMW X1 Sdrive 20I M Sport 2.0 TB Flex Aut. 2026,365890,BMW,X1,Sdrive 20I M Sport 2.0 TB Flex Aut.,2026,9000,Gasolina,Automático,Prata,SP,São Paulo,Imirim,N/A,11,Sim,Não,Não,"air bag, ar condicionado, alarme, câmera de ré, som, trava elétrica, vidro elétrico",https://sp.olx.com.br/sao-paulo-e-regiao/autos-e-pecas/carros-vans-e-utilitarios/bmw-x1-sdrive-20i-m-sport-2-0-tb-flex-aut-2026-1511223042
1511491129,BMW X1 Sdrive 20I M Sport 2.0 TB Flex Aut. 2022,239490,BMW,X1,Sdrive 20I M Sport 2.0 TB Flex Aut.,2022,30000,Flex,Automático,Preto,SP,São Caetano do Sul,Santo Antônio,N/A,11,Não,Sim,Não,"air bag, ar condicionado, alarme, bancos de couro, blindado, câmera de ré, computador de bordo, conexão usb, controle automático de velocidade, interface bluetooth, navegador gps, rodas de liga leve, sensor de ré, som, teto solar, trava elétrica, vidro elétrico, volante multifuncional",https://sp.olx.com.br/sao-paulo-e-regiao/autos-e-pecas/carros-vans-e-utilitarios/bmw-x1-sdrive-20i-m-sport-2-0-tb-flex-aut-2022-1511491129
1511642798,BMW 320I A Modern/sport TB 2.0/a.flex 16V 4P 2020,169900,BMW,320I,A Modern/sport TB 2.0/a.flex 16V 4P,2020,65000,Gasolina,Automático,Prata,SP,Praia Grande,Aviação,N/A,13,Sim,Sim,Não,"air bag, ar condicionado, alarme, bancos de couro, câmera de ré, computador de bordo, conexão usb, controle automático de velocidade, interface bluetooth, navegador gps, rodas de liga leve, sensor de ré, som, trava elétrica, vidro elétrico, volante multifuncional",https://sp.olx.com.br/baixada-santista-e-litoral-sul/autos-e-pecas/carros-vans-e-utilitarios/bmw-320i-a-modern-sport-tb-2-0-a-flex-16v-4p-2020-1511642798
1527215816,BMW 320I A 2.0 TB M Sport Activeflex 16V 4P 2022,216900,BMW,320I,A 2.0 TB M Sport Activeflex 16V 4P,2022,77000,Gasolina,Automático,Preto,SP,Franca,Jardim Veneza,N/A,16,N/A,Sim,Não,"air bag, ar condicionado, alarme, câmera de ré, computador de bordo, conexão usb, controle automático de velocidade, navegador gps, rodas de liga leve, sensor de ré, teto solar, trava elétrica, vidro elétrico, volante multifuncional",https://sp.olx.com.br/regiao-de-ribeirao-preto/autos-e-pecas/carros-vans-e-utilitarios/bmw-320i-a-2-0-tb-m-sport-activeflex-16v-4p-2022-1527215816
1527162744,BMW 530E M Sport 2.0 Turbo Híbrido Aut. 2020,209900,BMW,530E,M Sport 2.0 Turbo Híbrido Aut.,2020,63361,Gasolina,Automático,Cinza,SP,Sorocaba,Jardim Europa,N/A,15,N/A,Sim,Não,"air bag, ar condicionado, alarme, bancos de couro, câmera de ré, computador de bordo, conexão usb, controle automático de velocidade, navegador gps, sensor de ré, teto solar, trava elétrica, vidro elétrico, volante multifuncional",https://sp.olx.com.br/regiao-de-sorocaba/autos-e-pecas/carros-vans-e-utilitarios/bmw-530e-m-sport-2-0-turbo-hibrido-aut-2020-1527162744
1527137670,BMW X6 Xdrive 40I M Sport 3.0 Bi-TB (hib.) 2026,788800,BMW,X6,Xdrive 40I M Sport 3.0 Bi-TB (hib.),2026,500,Gasolina,Automático,N/A,SP,São Paulo,Mooca,N/A,11,N/A,Não,Não,"air bag, air bag, ar condicionado, trava elétrica, vidro elétrico",https://sp.olx.com.br/sao-paulo-e-regiao/autos-e-pecas/carros-vans-e-utilitarios/bmw-x6-xdrive-40i-m-sport-3-0-bi-tb-hib-2026-1527137670
1527124962,BMW X1 Sdrive 20I X-line 2.0 TB Active Flex 2022,189000,BMW,X1,Sdrive 20I X-line 2.0 TB Active Flex,2022,32500,Flex,Automático,Preto,SP,Sorocaba,Jardim Morumbi,N/A,15,Não,Não,Não,"air bag, ar condicionado, alarme, bancos de couro, câmera de ré, computador de bordo, conexão usb, controle automático de velocidade, navegador gps, rodas de liga leve, sensor de ré, teto solar, trava elétrica, vidro elétrico, volante multifuncional",https://sp.olx.com.br/regiao-de-sorocaba/autos-e-pecas/carros-vans-e-utilitarios/bmw-x1-sdrive-20i-x-line-2-0-tb-active-flex-2022-1527124962
1512130628,BMW 320I A 2.0 TB M Sport Activeflex 16V 4P 2025,300000,BMW,320I,A 2.0 TB M Sport Activeflex 16V 4P,2025,19800,Flex,Automático,Preto,SP,São José dos Campos,Vila Industrial,N/A,12,Sim,Sim,Não,"air bag, ar condicionado, alarme, bancos de couro, câmera de ré, computador de bordo, conexão usb, controle automático de velocidade, interface bluetooth, navegador gps, rodas de liga leve, sensor de ré, som, teto solar, trava elétrica, vidro elétrico, volante multifuncional",https://sp.olx.com.br/vale-do-paraiba-e-litoral-norte/autos-e-pecas/carros-vans-e-utilitarios/bmw-320i-a-2-0-tb-m-sport-activeflex-16v-4p-2025-1512130628
1493285486,BMW X1 Sdrive 20I X-line 2.0 TB Active Flex 2022,214969,BMW,X1,Sdrive 20I X-line 2.0 TB Active Flex,2022,48000,Flex,Automático,N/A,SP,Santo André,Vila Príncipe de Gales,N/A,11,N/A,Sim,Não,"air bag, ar condicionado, alarme, bancos de couro, câmera de ré, computador de bordo, conexão usb, controle automático de velocidade, navegador gps, rodas de liga leve, sensor de ré, teto solar, trava elétrica, vidro elétrico, volante multifuncional",https://sp.olx.com.br/sao-paulo-e-regiao/autos-e-pecas/carros-vans-e-utilitarios/bmw-x1-sdrive-20i-x-line-2-0-tb-active-flex-2022-1493285486
1527067608,BMW X5 Xdrive 45E 3.0 M.sport Híbrido AU 2022,349900,BMW,X5,Xdrive 45E 3.0 M.sport Híbrido AU,2022,58900,Híbrido,Automático,Azul,SP,Catanduva,Parque Iracema,N/A,17,Não,Não,Não,"air bag, ar condicionado, alarme, bancos de couro, câmera de ré, computador de bordo, conexão usb, controle automático de velocidade, navegador gps, rodas de liga leve, sensor de ré, som, teto solar, tração 4x4, trava elétrica, vidro elétrico, volante multifuncional",https://sp.olx.com.br/regiao-de-sao-jose-do-rio-preto/autos-e-pecas/carros-vans-e-utilitarios/bmw-x5-xdrive-45e-3-0-m-sport-hibrido-au-2022-1527067608
1511351080,BMW 320I A 2.0 TB M Sport Activeflex 16V 4P 2024,289890,BMW,320I,A 2.0 TB M Sport Activeflex 16V 4P,2024,10000,Flex,Automático,Branco,SP,São Paulo,Vila Marieta,N/A,11,Sim,Sim,Não,"air bag, ar condicionado, alarme, bancos de couro, câmera de ré, computador de bordo, conexão usb, controle automático de velocidade, interface bluetooth, navegador gps, rodas de liga leve, sensor de ré, som, teto solar, tração 4x4, trava elétrica, vidro elétrico, volante multifuncional",https://sp.olx.com.br/sao-paulo-e-regiao/autos-e-pecas/carros-vans-e-utilitarios/bmw-320i-a-2-0-tb-m-sport-activeflex-16v-4p-2024-1511351080
1527039545,BMW 320I A 2.0 Turbo/activeflex 16V 184cv 4P 2025,299890,BMW,320I,A 2.0 Turbo/activeflex 16V 184cv 4P,2025,2295,Flex,Automático,Preto,SP,Sorocaba,Boa Vista,N/A,15,N/A,Não,Não,"air bag, ar condicionado, alarme, câmera de ré, sensor de ré, som, trava elétrica, vidro elétrico",https://sp.olx.com.br/regiao-de-sorocaba/autos-e-pecas/carros-vans-e-utilitarios/bmw-320i-a-2-0-turbo-activeflex-16v-184cv-4p-2025-1527039545
1500437013,BMW I3 BEV Full 170cv Aut. (elétrico) 2022,161900,BMW,I3,BEV Full 170cv Aut. (elétrico),2022,25675,Elétrico,Automático,Cinza,SP,São Paulo,Imirim,N/A,11,Não,Não,Não,"air bag, ar condicionado, alarme, bancos de couro, câmera de ré, computador de bordo, conexão usb, controle automático de velocidade, navegador gps, rodas de liga leve, sensor de ré, som, teto solar, trava elétrica, vidro elétrico, volante multifuncional",https://sp.olx.com.br/sao-paulo-e-regiao/autos-e-pecas/carros-vans-e-utilitarios/bmw-i3-bev-full-170cv-aut-eletrico-2022-1500437013
1527020999,BMW 320I A Modern/sport TB 2.0/a.flex 16V 4P 2020,170000,BMW,320I,A Modern/sport TB 2.0/a.flex 16V 4P,2020,120000,Gasolina,Automático,Branco,SP,Penápolis,Centro,N/A,18,Sim,Sim,Não,"air bag, ar condicionado, alarme, bancos de couro, câmera de ré, computador de bordo, conexão usb, controle automático de velocidade, rodas de liga leve, sensor de ré, trava elétrica, vidro elétrico, volante multifuncional",https://sp.olx.com.br/regiao-de-presidente-prudente/autos-e-pecas/carros-vans-e-utilitarios/bmw-320i-a-modern-sport-tb-2-0-a-flex-16v-4p-2020-1527020999
1493309514,BMW IX1 Xdrive 30 M Sport (elétrico) 2024,249900,BMW,IX1,Xdrive 30 M Sport (elétrico),2024,41127,Elétrico,Automático,Preto,SP,São Paulo,Imirim,N/A,11,Não,Não,Não,"air bag, ar condicionado, alarme, bancos de couro, câmera de ré, computador de bordo, conexão usb, controle automático de velocidade, navegador gps, rodas de liga leve, sensor de ré, som, teto solar, tração 4x4, trava elétrica, vidro elétrico, volante multifuncional",https://sp.olx.com.br/sao-paulo-e-regiao/autos-e-pecas/carros-vans-e-utilitarios/bmw-ix1-xdrive-30-m-sport-eletrico-2024-1493309514
1527006718,BMW X1 Sdrive 20I M Sport 2.0 TB Aut. 2024,290900,BMW,X1,Sdrive 20I M Sport 2.0 TB Aut.,2024,46770,Gasolina,Automático,Azul,SP,Sorocaba,Vila Assis,N/A,15,N/A,Não,Não,"air bag, ar condicionado, alarme, bancos de couro, câmera de ré, computador de bordo, conexão usb, controle automático de velocidade, navegador gps, rodas de liga leve, sensor de ré, som, teto solar, trava elétrica, vidro elétrico, volante multifuncional",https://sp.olx.com.br/regiao-de-sorocaba/autos-e-pecas/carros-vans-e-utilitarios/bmw-x1-sdrive-20i-m-sport-2-0-tb-aut-2024-1527006718
1525340361,BMW 330I Sport 2.0 TB 16V 4P 2020,210990,BMW,330I,Sport 2.0 TB 16V 4P,2020,33380,Gasolina,Automático,Cinza,SP,Mogi das Cruzes,Jardim Santista,N/A,11,Sim,Sim,Não,"air bag, ar condicionado, alarme, bancos de couro, câmera de ré, computador de bordo, conexão usb, controle automático de velocidade, interface bluetooth, navegador gps, rodas de liga leve, sensor de ré, som, teto solar, trava elétrica, vidro elétrico, volante multifuncional",https://sp.olx.com.br/sao-paulo-e-regiao/autos-e-pecas/carros-vans-e-utilitarios/bmw-330i-sport-2-0-tb-16v-4p-2020-1525340361
1463322156,BMW 330E M Sport 2.0 Turbo Híbrido AU 2023,310990,BMW,330E,M Sport 2.0 Turbo Híbrido AU,2023,15506,Híbrido,Automático,Branco,SP,São José dos Campos,Condomínio Royal Park,N/A,12,Sim,Não,Não,"air bag, ar condicionado, alarme, bancos de couro, câmera de ré, computador de bordo, conexão usb, controle automático de velocidade, interface bluetooth, navegador gps, rodas de liga leve, sensor de ré, som, teto solar, trava elétrica, vidro elétrico, volante multifuncional",https://sp.olx.com.br/vale-do-paraiba-e-litoral-norte/autos-e-pecas/carros-vans-e-utilitarios/bmw-330e-m-sport-2-0-turbo-hibrido-au-2023-1463322156
1518045200,BMW X4 Xdrive 30I M-sport 2.0 TB. 252cv AUT 2020,240990,BMW,X4,Xdrive 30I M-sport 2.0 TB. 252cv AUT,2020,69434,Gasolina,Automático,Preto,SP,São José dos Campos,Condomínio Royal Park,N/A,12,Sim,Sim,Não,"air bag, ar condicionado, alarme, bancos de couro, câmera de ré, computador de bordo, conexão usb, controle automático de velocidade, interface bluetooth, navegador gps, rodas de liga leve, sensor de ré, som, teto solar, tração 4x4, trava elétrica, vidro elétrico, volante multifuncional",https://sp.olx.com.br/vale-do-paraiba-e-litoral-norte/autos-e-pecas/carros-vans-e-utilitarios/bmw-x4-xdrive-30i-m-sport-2-0-tb-252cv-aut-2020-1518045200
1288153373,BMW X4 M Competition 3.0 Bi-TB 510cv AUT 2020,379890,BMW,X4,M Competition 3.0 Bi-TB 510cv AUT,2020,70000,Gasolina,Automático,N/A,SP,Santos,Vila Mathias,N/A,13,N/A,Não,Não,"air bag, ar condicionado, alarme, bancos de couro, câmera de ré, computador de bordo, conexão usb, controle automático de velocidade, navegador gps, rodas de liga leve, sensor de ré, teto solar, tração 4x4, trava elétrica, vidro elétrico, volante multifuncional",https://sp.olx.com.br/baixada-santista-e-litoral-sul/autos-e-pecas/carros-vans-e-utilitarios/bmw-x4-m-competition-3-0-bi-tb-510cv-aut-2020-1288153373
1526989388,BMW 320I A Modern/sport TB 2.0/a.flex 16V 4P 2021,235900,BMW,320I,A Modern/sport TB 2.0/a.flex 16V 4P,2021,12860,Flex,Manual,Branco,SP,Campinas,Jardim Bela Vista,N/A,19,Sim,Sim,Não,"air bag, ar condicionado, alarme, bancos de couro, câmera de ré, computador de bordo, conexão usb, controle automático de velocidade, navegador gps, rodas de liga leve, sensor de ré, teto solar, trava elétrica, vidro elétrico, volante multifuncional",https://sp.olx.com.br/grande-campinas/autos-e-pecas/carros-vans-e-utilitarios/bmw-320i-a-modern-sport-tb-2-0-a-flex-16v-4p-2021-1526989388
1526987367,BMW 320I A 2.0 TB M Sport Activeflex 16V 4P 2022,204800,BMW,320I,A 2.0 TB M Sport Activeflex 16V 4P,2022,67000,Flex,Automático,Preto,SP,Sertãozinho,Conjunto Habitacional Antônio Nadaletto Mazzer,N/A,16,Sim,Sim,Não,"air bag, ar condicionado, alarme, bancos de couro, câmera de ré, computador de bordo, conexão usb, controle automático de velocidade, navegador gps, rodas de liga leve, sensor de ré, som, teto solar, trava elétrica, vidro elétrico, volante multifuncional",https://sp.olx.com.br/regiao-de-ribeirao-preto/autos-e-pecas/carros-vans-e-utilitarios/bmw-320i-a-2-0-tb-m-sport-activeflex-16v-4p-2022-1526987367
1526966330,BMW 420I Cabriolet M Sport 2.0 TB 16V 2P. 2025,439000,BMW,420I,Cabriolet M Sport 2.0 TB 16V 2P.,2025,10000,Gasolina,Automático,Cinza,SP,São José do Rio Preto,Jardim Maracanã,N/A,17,N/A,Não,Não,N/A,https://sp.olx.com.br/regiao-de-sao-jose-do-rio-preto/autos-e-pecas/carros-vans-e-utilitarios/bmw-420i-cabriolet-m-sport-2-0-tb-16v-2p-2025-1526966330
1510537497,BMW 320I A Modern/sport TB 2.0/a.flex 16V 4P 2023,271900,BMW,320I,A Modern/sport TB 2.0/a.flex 16V 4P,2023,50000,Flex,Automático,Cinza,SP,Sorocaba,Vila Assis,N/A,15,Sim,Sim,Não,"air bag, ar condicionado, alarme, bancos de couro, câmera de ré, computador de bordo, conexão usb, controle automático de velocidade, navegador gps, rodas de liga leve, sensor de ré, som, teto solar, trava elétrica, vidro elétrico, volante multifuncional",https://sp.olx.com.br/regiao-de-sorocaba/autos-e-pecas/carros-vans-e-utilitarios/bmw-320i-a-modern-sport-tb-2-0-a-flex-16v-4p-2023-1510537497
1526918181,BMW X3 Xdrive 30E M Sport Turbo Híbrido Aut. 2022,289900,BMW,X3,Xdrive 30E M Sport Turbo Híbrido Aut.,2022,45173,Híbrido,Automático,Cinza,SP,São Paulo,Jurubatuba,N/A,11,N/A,Sim,Não,"air bag, ar condicionado, alarme, bancos de couro, blindado, câmera de ré, computador de bordo, conexão usb, controle automático de velocidade, navegador gps, rodas de liga leve, sensor de ré, som, teto solar, tração 4x4, trava elétrica, vidro elétrico, volante multifuncional",https://sp.olx.com.br/sao-paulo-e-regiao/autos-e-pecas/carros-vans-e-utilitarios/bmw-x3-xdrive-30e-m-sport-turbo-hibrido-aut-2022-1526918181
1519655483,BMW 320I A Modern/sport TB 2.0/a.flex 16V 4P 2025,310000,BMW,320I,A Modern/sport TB 2.0/a.flex 16V 4P,2025,13000,Flex,Automático,Cinza,SP,São Paulo,Vila Santo Estevão,N/A,11,Sim,Sim,Não,"air bag, controle automático de velocidade, rodas de liga leve",https://sp.olx.com.br/sao-paulo-e-regiao/autos-e-pecas/carros-vans-e-utilitarios/bmw-320i-a-modern-sport-tb-2-0-a-flex-16v-4p-2025-1519655483
1519480081,BMW I3 BEV Full 170cv Aut. (elétrico) 2022,172900,BMW,I3,BEV Full 170cv Aut. (elétrico),2022,10000,Elétrico,Automático,Cinza,SP,São José dos Campos,Vila Ema,N/A,12,Sim,Sim,Não,"air bag, ar condicionado, alarme, bancos de couro, câmera de ré, computador de bordo, conexão usb, controle automático de velocidade, navegador gps, rodas de liga leve, sensor de ré, teto solar, trava elétrica, vidro elétrico, volante multifuncional",https://sp.olx.com.br/vale-do-paraiba-e-litoral-norte/autos-e-pecas/carros-vans-e-utilitarios/bmw-i3-bev-full-170cv-aut-eletrico-2022-1519480081
1526879528,BMW X1 Sdrive 20I X-line 2.0 TB Active Flex 2020,153990,BMW,X1,Sdrive 20I X-line 2.0 TB Active Flex,2020,57531,Flex,Automático,Preto,SP,São Paulo,City América,N/A,11,Não,Sim,Não,"air bag, ar condicionado, alarme, bancos de couro, câmera de ré, computador de bordo, conexão usb, controle automático de velocidade, interface bluetooth, navegador gps, rodas de liga leve, sensor de ré, som, teto solar, trava elétrica, vidro elétrico, volante multifuncional",https://sp.olx.com.br/sao-paulo-e-regiao/autos-e-pecas/carros-vans-e-utilitarios/bmw-x1-sdrive-20i-x-line-2-0-tb-active-flex-2020-1526879528
1526877249,BMW X1 Sdrive 20I M Sport 2.0 TB Aut. 2025,280000,BMW,X1,Sdrive 20I M Sport 2.0 TB Aut.,2025,42000,Gasolina,,Prata,SP,Ribeirão Preto,Vila Tamandaré,N/A,16,Não,Sim,Não,"air bag, ar condicionado, alarme, bancos de couro, câmera de ré, computador de bordo, conexão usb, controle automático de velocidade, navegador gps, rodas de liga leve, sensor de ré, som, teto solar, trava elétrica, vidro elétrico, volante multifuncional",https://sp.olx.com.br/regiao-de-ribeirao-preto/autos-e-pecas/carros-vans-e-utilitarios/bmw-x1-sdrive-20i-m-sport-2-0-tb-aut-2025-1526877249
1494727480,BMW X4 M40i 3.0 M Sport Edit V6 Turbo Aut. 2022,359890,BMW,X4,M40i 3.0 M Sport Edit V6 Turbo Aut.,2022,77453,Gasolina,Automático,Branco,SP,Ribeirão Preto,Jardim América,N/A,16,N/A,Não,Não,"air bag, ar condicionado, alarme, trava elétrica, vidro elétrico",https://sp.olx.com.br/regiao-de-ribeirao-preto/autos-e-pecas/carros-vans-e-utilitarios/bmw-x4-m40i-3-0-m-sport-edit-v6-turbo-aut-2022-1494727480
1526826889,BMW 320I A 2.0 TB M Sport Activeflex 16V 4P 2023,249000,BMW,320I,A 2.0 TB M Sport Activeflex 16V 4P,2023,37000,Flex,Automático,Branco,SP,Ribeirão Preto,City Ribeirão,N/A,16,Sim,Sim,Não,"air bag, ar condicionado, alarme, bancos de couro, câmera de ré, computador de bordo, conexão usb, controle automático de velocidade, navegador gps, rodas de liga leve, sensor de ré, som, teto solar, trava elétrica, vidro elétrico, volante multifuncional",https://sp.olx.com.br/regiao-de-ribeirao-preto/autos-e-pecas/carros-vans-e-utilitarios/bmw-320i-a-2-0-tb-m-sport-activeflex-16v-4p-2023-1526826889
1519534609,BMW X1 Sdrive 20I 2.0/2.0 TB Acti.flex Aut. 2022,166900,BMW,X1,Sdrive 20I 2.0/2.0 TB Acti.flex Aut.,2022,94000,Flex,Automático,Preto,SP,Votorantim,Itapeva,N/A,15,Não,Não,Não,"blindado, controle automático de velocidade, teto solar",https://sp.olx.com.br/regiao-de-sorocaba/autos-e-pecas/carros-vans-e-utilitarios/bmw-x1-sdrive-20i-2-0-2-0-tb-acti-flex-aut-2022-1519534609
1519447606,BMW X5 Xdrive 45E 3.0 M.sport Híbrido AU 2023,429900,BMW,X5,Xdrive 45E 3.0 M.sport Híbrido AU,2023,22100,Gasolina,Automático,Cinza,SP,Vinhedo,Centro,N/A,19,Não,Sim,Não,"air bag, ar condicionado, alarme, bancos de couro, câmera de ré, computador de bordo, conexão usb, controle automático de velocidade, navegador gps, rodas de liga leve, sensor de ré, som, teto solar, tração 4x4, trava elétrica, vidro elétrico, volante multifuncional",https://sp.olx.com.br/grande-campinas/autos-e-pecas/carros-vans-e-utilitarios/bmw-x5-xdrive-45e-3-0-m-sport-hibrido-au-2023-1519447606
1526715502,BMW 320I A Modern/sport TB 2.0/a.flex 16V 4P 2020,165000,BMW,320I,A Modern/sport TB 2.0/a.flex 16V 4P,2020,88000,Gasolina,Automático,Branco,SP,Marília,Cascata,N/A,14,Sim,Sim,Não,"air bag, ar condicionado, alarme, bancos de couro, câmera de ré, computador de bordo, conexão usb, controle automático de velocidade, navegador gps, rodas de liga leve, sensor de ré, som, trava elétrica, vidro elétrico, volante multifuncional",https://sp.olx.com.br/regiao-de-bauru-e-marilia/autos-e-pecas/carros-vans-e-utilitarios/bmw-320i-a-modern-sport-tb-2-0-a-flex-16v-4p-2020-1526715502
1505891509,BMW X4 Xdrive 20I M-sport 2.0 TB 184cv AUT 2025,390000,BMW,X4,Xdrive 20I M-sport 2.0 TB 184cv AUT,2025,27000,Gasolina,Automático,Preto,SP,Votuporanga,Vila América,N/A,17,Sim,Sim,Não,"air bag, controle automático de velocidade, rodas de liga leve, tração 4x4",https://sp.olx.com.br/regiao-de-sao-jose-do-rio-preto/autos-e-pecas/carros-vans-e-utilitarios/bmw-x4-xdrive-20i-m-sport-2-0-tb-184cv-aut-2025-1505891509
1526567871,BMW X1 Sdrive 20I 2.0/2.0 TB Acti.flex Aut. 2021,139000,BMW,X1,Sdrive 20I 2.0/2.0 TB Acti.flex Aut.,2021,80000,Flex,Automático,Preto,SP,São Paulo,Vila Formosa,N/A,11,Não,Sim,Não,"air bag, ar condicionado, alarme, bancos de couro, câmera de ré, computador de bordo, conexão usb, controle automático de velocidade, interface bluetooth, navegador gps, rodas de liga leve, sensor de ré, som, teto solar, trava elétrica, vidro elétrico, volante multifuncional",https://sp.olx.com.br/sao-paulo-e-regiao/autos-e-pecas/carros-vans-e-utilitarios/bmw-x1-sdrive-20i-2-0-2-0-tb-acti-flex-aut-2021-1526567871
1525020801,BMW 320I A 2.0 Turbo/activeflex 16V 184cv 4P 2021,184700,BMW,320I,A 2.0 Turbo/activeflex 16V 184cv 4P,2021,33000,Flex,Automático,Branco,SP,São Paulo,Tatuapé,N/A,11,Não,Sim,Não,"air bag, ar condicionado, alarme, bancos de couro, câmera de ré, computador de bordo, conexão usb, controle automático de velocidade, navegador gps, rodas de liga leve, sensor de ré, trava elétrica, vidro elétrico, volante multifuncional",https://sp.olx.com.br/sao-paulo-e-regiao/autos-e-pecas/carros-vans-e-utilitarios/bmw-320i-a-2-0-turbo-activeflex-16v-184cv-4p-2021-1525020801
1526673236,BMW 540I M Sport 3.0 Turbo 340cv Aut. 2020,272500,BMW,540I,M Sport 3.0 Turbo 340cv Aut.,2020,52616,Gasolina,Automático,Preto,SP,São Paulo,Jardim Silva Teles,N/A,11,N/A,Sim,Não,"air bag, ar condicionado, alarme, bancos de couro, blindado, câmera de ré, computador de bordo, conexão usb, controle automático de velocidade, interface bluetooth, navegador gps, rodas de liga leve, sensor de ré, som, teto solar, trava elétrica, vidro elétrico, volante multifuncional",https://sp.olx.com.br/sao-paulo-e-regiao/autos-e-pecas/carros-vans-e-utilitarios/bmw-540i-m-sport-3-0-turbo-340cv-aut-2020-1526673236
1526671195,BMW X6 Xdrive 40I M Sport 3.0 Bi-TB (hib.) 2025,889000,BMW,X6,Xdrive 40I M Sport 3.0 Bi-TB (hib.),2025,9000,Híbrido,Automático,Cinza,SP,São Paulo,Santa Cecília,N/A,11,Não,Sim,Não,"air bag, ar condicionado, alarme, bancos de couro, câmera de ré, computador de bordo, conexão usb, controle automático de velocidade, navegador gps, rodas de liga leve, sensor de ré, som, teto solar, tração 4x4, trava elétrica, vidro elétrico, volante multifuncional",https://sp.olx.com.br/sao-paulo-e-regiao/autos-e-pecas/carros-vans-e-utilitarios/bmw-x6-xdrive-40i-m-sport-3-0-bi-tb-hib-2025-1526671195
1526626472,BMW X1 Sdrive 20I 2.0/2.0 TB Acti.flex Aut. 2021,155990,BMW,X1,Sdrive 20I 2.0/2.0 TB Acti.flex Aut.,2021,97000,Flex,Automático,Branco,SP,Lençóis Paulista,Jardim Monte Azul,N/A,14,Não,Sim,Não,"air bag, ar condicionado, alarme, bancos de couro, câmera de ré, computador de bordo, conexão usb, controle automático de velocidade, navegador gps, rodas de liga leve, sensor de ré, trava elétrica, vidro elétrico, volante multifuncional",https://sp.olx.com.br/regiao-de-bauru-e-marilia/autos-e-pecas/carros-vans-e-utilitarios/bmw-x1-sdrive-20i-2-0-2-0-tb-acti-flex-aut-2021-1526626472
1526620286,BMW 118I Sport 1.5 TB 12V Aut. 5P 2020,135000,BMW,118I,Sport 1.5 TB 12V Aut. 5P,2020,29000,Gasolina,Automático,Azul,SP,São Paulo,Indianópolis,N/A,11,N/A,Sim,Não,"air bag, ar condicionado, alarme, bancos de couro, blindado, câmera de ré, computador de bordo, conexão usb, controle automático de velocidade, interface bluetooth, navegador gps, rodas de liga leve, sensor de ré, som, trava elétrica, vidro elétrico, volante multifuncional",https://sp.olx.com.br/sao-paulo-e-regiao/autos-e-pecas/carros-vans-e-utilitarios/bmw-118i-sport-1-5-tb-12v-aut-5p-2020-1526620286
1526620216,BMW 320I A 2.0 TB M Sport Activeflex 16V 4P 2021,195990,BMW,320I,A 2.0 TB M Sport Activeflex 16V 4P,2021,68000,Gasolina,Automático,Cinza,SP,São Paulo,Vila Graciosa,N/A,11,Não,Sim,Não,"air bag, ar condicionado, alarme, bancos de couro, câmera de ré, computador de bordo, conexão usb, controle automático de velocidade, navegador gps, rodas de liga leve, sensor de ré, teto solar, trava elétrica, vidro elétrico, volante multifuncional",https://sp.olx.com.br/sao-paulo-e-regiao/autos-e-pecas/carros-vans-e-utilitarios/bmw-320i-a-2-0-tb-m-sport-activeflex-16v-4p-2021-1526620216
1526601660,BMW X5 Xdrive 50E 3.0 M Sport Aut. (hibrido) 2025,599900,BMW,X5,Xdrive 50E 3.0 M Sport Aut. (hibrido),2025,20237,Gasolina,Automático,N/A,SP,São Paulo,Vila Leopoldina,N/A,11,N/A,Não,Não,"air bag, ar condicionado, alarme, bancos de couro, câmera de ré, computador de bordo, conexão usb, controle automático de velocidade, navegador gps, rodas de liga leve, sensor de ré, som, teto solar, tração 4x4, trava elétrica, vidro elétrico, volante multifuncional",https://sp.olx.com.br/sao-paulo-e-regiao/autos-e-pecas/carros-vans-e-utilitarios/bmw-x5-xdrive-50e-3-0-m-sport-aut-hibrido-2025-1526601660
1507907455,BMW 330I Sport 2.0 TB 16V 4P 2020,210000,BMW,330I,Sport 2.0 TB 16V 4P,2020,55000,Gasolina,Automático,Branco,SP,São José dos Campos,Urbanova VI,N/A,12,Não,Sim,Não,"air bag, ar condicionado, alarme, bancos de couro, câmera de ré, computador de bordo, conexão usb, controle automático de velocidade, interface bluetooth, navegador gps, rodas de liga leve, sensor de ré, som, teto solar, trava elétrica, vidro elétrico, volante multifuncional",https://sp.olx.com.br/vale-do-paraiba-e-litoral-norte/autos-e-pecas/carros-vans-e-utilitarios/bmw-330i-sport-2-0-tb-16v-4p-2020-1507907455
1526584736,BMW X1 Sdrive 20I 2.0/2.0 TB Acti.flex Aut. 2022,187690,BMW,X1,Sdrive 20I 2.0/2.0 TB Acti.flex Aut.,2022,70321,Flex,Automático,Branco,SP,São Paulo,Água Branca,N/A,11,N/A,N/A,N/A,"air bag, ar condicionado, alarme, bancos de couro, blindado, câmera de ré, computador de bordo, conexão usb, controle automático de velocidade, interface bluetooth, navegador gps, rodas de liga leve, sensor de ré, som, trava elétrica, vidro elétrico, volante multifuncional",https://sp.olx.com.br/sao-paulo-e-regiao/autos-e-pecas/carros-vans-e-utilitarios/bmw-x1-sdrive-20i-2-0-2-0-tb-acti-flex-aut-2022-1526584736
1526581697,BMW 320I A 2.0 TB M Sport Activeflex 16V 4P 2025,299890,BMW,320I,A 2.0 TB M Sport Activeflex 16V 4P,2025,12694,Flex,Automático,Preto,SP,São Caetano do Sul,Cerâmica,N/A,11,N/A,Não,Não,"ar condicionado, alarme, câmera de ré, sensor de ré, trava elétrica, vidro elétrico",https://sp.olx.com.br/sao-paulo-e-regiao/autos-e-pecas/carros-vans-e-utilitarios/bmw-320i-a-2-0-tb-m-sport-activeflex-16v-4p-2025-1526581697
1526576568,BMW X4 Xdrive 30I M-sport 2.0 TB. 252cv AUT 2021,272000,BMW,X4,Xdrive 30I M-sport 2.0 TB. 252cv AUT,2021,47000,Gasolina,Automático,Cinza,SP,São José dos Campos,Jardim Satélite,N/A,12,Não,Não,Não,"air bag, ar condicionado, alarme, bancos de couro, câmera de ré, computador de bordo, conexão usb, controle automático de velocidade, interface bluetooth, navegador gps, rodas de liga leve, sensor de ré, som, teto solar, tração 4x4, trava elétrica, vidro elétrico, volante multifuncional",https://sp.olx.com.br/vale-do-paraiba-e-litoral-norte/autos-e-pecas/carros-vans-e-utilitarios/bmw-x4-xdrive-30i-m-sport-2-0-tb-252cv-aut-2021-1526576568
1526574002,BMW X1 Sdrive 20I M Sport 2.0 TB Aut. 2024,291900,BMW,X1,Sdrive 20I M Sport 2.0 TB Aut.,2024,18000,Gasolina,Automático,Branco,SP,Santo André,Jardim,N/A,11,Sim,Sim,Não,"air bag, ar condicionado, alarme, bancos de couro, câmera de ré, computador de bordo, conexão usb, controle automático de velocidade, navegador gps, rodas de liga leve, sensor de ré, som, teto solar, trava elétrica, vidro elétrico, volante multifuncional",https://sp.olx.com.br/sao-paulo-e-regiao/autos-e-pecas/carros-vans-e-utilitarios/bmw-x1-sdrive-20i-m-sport-2-0-tb-aut-2024-1526574002
1526538935,BMW X1 Sdrive 20I X-line 2.0 TB Aut. 2026,310000,BMW,X1,Sdrive 20I X-line 2.0 TB Aut.,2026,26500,N/A,Automático,Preto,SP,São José dos Campos,Jardim Oswaldo Cruz,N/A,12,Sim,N/A,N/A,"air bag, ar condicionado, alarme, bancos de couro, câmera de ré, computador de bordo, conexão usb, controle automático de velocidade, interface bluetooth, navegador gps, rodas de liga leve, sensor de ré, som, teto solar, trava elétrica, vidro elétrico, volante multifuncional",https://sp.olx.com.br/vale-do-paraiba-e-litoral-norte/autos-e-pecas/carros-vans-e-utilitarios/bmw-x1-sdrive-20i-x-line-2-0-tb-aut-2026-1526538935
1526470211,BMW 320I A 2.0 TB M Sport Activeflex 16V 4P 2020,198900,BMW,320I,A 2.0 TB M Sport Activeflex 16V 4P,2020,81406,Gasolina,Automático,Branco,SP,Americana,Jardim Miriam,N/A,19,Não,Não,Não,"air bag, ar condicionado, alarme, bancos de couro, câmera de ré, computador de bordo, conexão usb, controle automático de velocidade, navegador gps, rodas de liga leve, sensor de ré, som, teto solar, trava elétrica, vidro elétrico, volante multifuncional",https://sp.olx.com.br/grande-campinas/autos-e-pecas/carros-vans-e-utilitarios/bmw-320i-a-2-0-tb-m-sport-activeflex-16v-4p-2020-1526470211
1526462270,BMW X3 M50 Xdrive 3.0 V6 Aut. (híbrido) 2026,579900,BMW,X3,M50 Xdrive 3.0 V6 Aut. (híbrido),2026,3404,Gasolina,Automático,Preto,SP,São Paulo,Saúde,N/A,11,N/A,Não,Não,"air bag, ar condicionado, alarme, trava elétrica, vidro elétrico",https://sp.olx.com.br/sao-paulo-e-regiao/autos-e-pecas/carros-vans-e-utilitarios/bmw-x3-m50-xdrive-3-0-v6-aut-hibrido-2026-1526462270
1526440056,BMW X1 Sdrive 20I M Sport 2.0 TB Aut. 2026,328900,BMW,X1,Sdrive 20I M Sport 2.0 TB Aut.,2026,18355,Gasolina,Automático,Prata,SP,Taubaté,Jardim das Nações,N/A,12,Sim,Não,Não,"air bag, ar condicionado, alarme, câmera de ré, som, trava elétrica, vidro elétrico",https://sp.olx.com.br/vale-do-paraiba-e-litoral-norte/autos-e-pecas/carros-vans-e-utilitarios/bmw-x1-sdrive-20i-m-sport-2-0-tb-aut-2026-1526440056
1526403418,BMW 320I A 2.0 Turbo/activeflex 16V 184cv 4P 2022,221000,BMW,320I,A 2.0 Turbo/activeflex 16V 184cv 4P,2022,74000,Flex,Automático,Preto,SP,Diadema,Conceição,N/A,11,Não,Sim,Não,N/A,https://sp.olx.com.br/sao-paulo-e-regiao/autos-e-pecas/carros-vans-e-utilitarios/bmw-320i-a-2-0-turbo-activeflex-16v-184cv-4p-2022-1526403418
1526389322,BMW X4 Xdrive 30I M-sport 2.0 TB. 252cv AUT 2024,349900,BMW,X4,Xdrive 30I M-sport 2.0 TB. 252cv AUT,2024,63111,Gasolina,Automático,Cinza,SP,São José dos Campos,Vila Industrial,N/A,12,Não,Não,Não,"air bag, ar condicionado, alarme, bancos de couro, câmera de ré, computador de bordo, conexão usb, controle automático de velocidade, navegador gps, rodas de liga leve, sensor de ré, som, teto solar, tração 4x4, trava elétrica, vidro elétrico, volante multifuncional",https://sp.olx.com.br/vale-do-paraiba-e-litoral-norte/autos-e-pecas/carros-vans-e-utilitarios/bmw-x4-xdrive-30i-m-sport-2-0-tb-252cv-aut-2024-1526389322
1526376190,BMW X3 Xdrive 30E Turbo Híbrido AUT 2021,199850,BMW,X3,Xdrive 30E Turbo Híbrido AUT,2021,57500,Híbrido,Automático,Preto,SP,São José dos Campos,Parque Residencial Aquarius,N/A,12,Não,Não,Não,"air bag, ar condicionado, alarme, bancos de couro, câmera de ré, computador de bordo, conexão usb, controle automático de velocidade, navegador gps, rodas de liga leve, sensor de ré, teto solar, tração 4x4, trava elétrica, vidro elétrico, volante multifuncional",https://sp.olx.com.br/vale-do-paraiba-e-litoral-norte/autos-e-pecas/carros-vans-e-utilitarios/bmw-x3-xdrive-30e-turbo-hibrido-aut-2021-1526376190
1526347719,BMW 320I A 2.0 TB M Sport Activeflex 16V 4P 2023,269900,BMW,320I,A 2.0 TB M Sport Activeflex 16V 4P,2023,0,Flex,Automático,Branco,SP,Praia Grande,Canto do Forte,N/A,13,Sim,Sim,Não,"air bag, ar condicionado, alarme, bancos de couro, câmera de ré, computador de bordo, conexão usb, controle automático de velocidade, interface bluetooth, navegador gps, rodas de liga leve, sensor de ré, som, teto solar, trava elétrica, vidro elétrico, volante multifuncional",https://sp.olx.com.br/baixada-santista-e-litoral-sul/autos-e-pecas/carros-vans-e-utilitarios/bmw-320i-a-2-0-tb-m-sport-activeflex-16v-4p-2023-1526347719
1526346386,BMW X1 Sdrive 20I M Sport 2.0 TB Flex Aut. 2024,349800,BMW,X1,Sdrive 20I M Sport 2.0 TB Flex Aut.,2024,24000,Gasolina,Automático,N/A,SP,São Paulo,Mooca,N/A,11,N/A,N/A,N/A,"air bag, air bag, ar condicionado, trava elétrica, vidro elétrico",https://sp.olx.com.br/sao-paulo-e-regiao/autos-e-pecas/carros-vans-e-utilitarios/bmw-x1-sdrive-20i-m-sport-2-0-tb-flex-aut-2024-1526346386
1526346118,BMW X1 Sdrive 20I M Sport 2.0 TB Flex Aut. 2024,358800,BMW,X1,Sdrive 20I M Sport 2.0 TB Flex Aut.,2024,20000,Gasolina,Automático,N/A,SP,São Paulo,Mooca,N/A,11,N/A,Não,Não,"air bag, air bag, ar condicionado, trava elétrica, vidro elétrico",https://sp.olx.com.br/sao-paulo-e-regiao/autos-e-pecas/carros-vans-e-utilitarios/bmw-x1-sdrive-20i-m-sport-2-0-tb-flex-aut-2024-1526346118
1518020487,BMW X3 Xdrive 30E X-line Turbo Híbrido AU 2021,219890,BMW,X3,Xdrive 30E X-line Turbo Híbrido AU,2021,67559,Gasolina,Automático,Cinza,SP,São José dos Campos,Jardim Satélite,N/A,12,N/A,Não,Não,"air bag, ar condicionado, alarme, bancos de couro, câmera de ré, computador de bordo, controle automático de velocidade, navegador gps, rodas de liga leve, sensor de ré, teto solar, tração 4x4, trava elétrica, vidro elétrico, volante multifuncional",https://sp.olx.com.br/vale-do-paraiba-e-litoral-norte/autos-e-pecas/carros-vans-e-utilitarios/bmw-x3-xdrive-30e-x-line-turbo-hibrido-au-2021-1518020487
1526299139,BMW X1 Sdrive 20I 2.0/2.0 TB Acti.flex Aut. 2022,164890,BMW,X1,Sdrive 20I 2.0/2.0 TB Acti.flex Aut.,2022,67000,Flex,Automático,N/A,SP,Santos,Vila Mathias,N/A,13,N/A,Não,Não,"air bag, ar condicionado, alarme, bancos de couro, câmera de ré, computador de bordo, conexão usb, controle automático de velocidade, navegador gps, rodas de liga leve, sensor de ré, trava elétrica, vidro elétrico, volante multifuncional",https://sp.olx.com.br/baixada-santista-e-litoral-sul/autos-e-pecas/carros-vans-e-utilitarios/bmw-x1-sdrive-20i-2-0-2-0-tb-acti-flex-aut-2022-1526299139
1526284942,BMW 320I A Modern/sport TB 2.0/a.flex 16V 4P 2025,304000,BMW,320I,A Modern/sport TB 2.0/a.flex 16V 4P,2025,23000,Flex,Automático,Cinza,SP,São Paulo,Vila Sônia,N/A,11,Sim,N/A,N/A,"air bag, controle automático de velocidade, rodas de liga leve",https://sp.olx.com.br/sao-paulo-e-regiao/autos-e-pecas/carros-vans-e-utilitarios/bmw-320i-a-modern-sport-tb-2-0-a-flex-16v-4p-2025-1526284942
1430833045,BMW 320i 2.0 16V TURBO GASOLINA SPORT AUTOMÁTICO,230950,BMW,320I,A Modern/sport TB 2.0/a.flex 16V 4P,2020,62500,Gasolina,Automático,Cinza,SP,São Paulo,Indianópolis,N/A,11,Não,Sim,Não,"air bag, ar condicionado, alarme, bancos de couro, câmera de ré, computador de bordo, conexão usb, controle automático de velocidade, rodas de liga leve, sensor de ré, trava elétrica, vidro elétrico, volante multifuncional",https://sp.olx.com.br/sao-paulo-e-regiao/autos-e-pecas/carros-vans-e-utilitarios/bmw-320i-2-0-16v-turbo-gasolina-sport-automatico-1430833045
1526231626,BMW X1 Sdrive 20I M Sport 2.0 TB Aut. 2024,320000,BMW,X1,Sdrive 20I M Sport 2.0 TB Aut.,2024,50000,Gasolina,,Prata,SP,Caraguatatuba,Indaiá,N/A,12,Não,N/A,N/A,"air bag, ar condicionado, alarme, bancos de couro, câmera de ré, computador de bordo, conexão usb, controle automático de velocidade, navegador gps, rodas de liga leve, sensor de ré, som, teto solar, trava elétrica, vidro elétrico, volante multifuncional",https://sp.olx.com.br/vale-do-paraiba-e-litoral-norte/autos-e-pecas/carros-vans-e-utilitarios/bmw-x1-sdrive-20i-m-sport-2-0-tb-aut-2024-1526231626
1526202512,BMW 320I A Modern/sport TB 2.0/a.flex 16V 4P 2021,184900,BMW,320I,A Modern/sport TB 2.0/a.flex 16V 4P,2021,93000,Flex,Automático,Branco,SP,Santo André,Jardim,N/A,11,N/A,Sim,Não,"air bag, ar condicionado, alarme, bancos de couro, câmera de ré, computador de bordo, conexão usb, controle automático de velocidade, navegador gps, rodas de liga leve, sensor de ré, teto solar, trava elétrica, vidro elétrico, volante multifuncional",https://sp.olx.com.br/sao-paulo-e-regiao/autos-e-pecas/carros-vans-e-utilitarios/bmw-320i-a-modern-sport-tb-2-0-a-flex-16v-4p-2021-1526202512
1526178798,BMW X1 Sdrive 20I M Sport 2.0 TB Aut. 2026,444990,BMW,X1,Sdrive 20I M Sport 2.0 TB Aut.,2026,12000,Flex,Automático,Preto,SP,São Caetano do Sul,Santo Antônio,N/A,11,Não,Sim,Não,"air bag, ar condicionado, alarme, bancos de couro, blindado, câmera de ré, computador de bordo, conexão usb, controle automático de velocidade, navegador gps, rodas de liga leve, sensor de ré, som, teto solar, trava elétrica, vidro elétrico, volante multifuncional",https://sp.olx.com.br/sao-paulo-e-regiao/autos-e-pecas/carros-vans-e-utilitarios/bmw-x1-sdrive-20i-m-sport-2-0-tb-aut-2026-1526178798
1526174995,BMW 330E M Sport 2.0 Turbo Híbrido AU 2022,252700,BMW,330E,M Sport 2.0 Turbo Híbrido AU,2022,48918,Híbrido,Automático,Azul,SP,São Paulo,Jardim Dom Bosco,N/A,11,Não,Sim,Não,"air bag, ar condicionado, alarme, bancos de couro, câmera de ré, computador de bordo, conexão usb, controle automático de velocidade, navegador gps, rodas de liga leve, sensor de ré, som, teto solar, trava elétrica, vidro elétrico, volante multifuncional",https://sp.olx.com.br/sao-paulo-e-regiao/autos-e-pecas/carros-vans-e-utilitarios/bmw-330e-m-sport-2-0-turbo-hibrido-au-2022-1526174995
1526161903,BMW X6 Xdrive 40I M Sport 3.0 Bi-turbo 2025,684990,BMW,X6,Xdrive 40I M Sport 3.0 Bi-turbo,2025,17611,Híbrido,Automático,Preto,SP,Campinas,Jardim das Paineiras,N/A,19,Não,Sim,Não,"air bag, ar condicionado, alarme, bancos de couro, câmera de ré, computador de bordo, conexão usb, controle automático de velocidade, navegador gps, rodas de liga leve, sensor de ré, som, teto solar, tração 4x4, trava elétrica, vidro elétrico, volante multifuncional",https://sp.olx.com.br/grande-campinas/autos-e-pecas/carros-vans-e-utilitarios/bmw-x6-xdrive-40i-m-sport-3-0-bi-turbo-2025-1526161903
1486234664,BMW X2 Sdrive 18I 1.5 Activeflex 136cv Aut. 2020,128900,BMW,X2,Sdrive 18I 1.5 Activeflex 136cv Aut.,2020,90000,Flex,Automático,Branco,SP,Sorocaba,Jardim Residencial Mont Blanc,N/A,15,N/A,Não,Não,"air bag, ar condicionado, alarme, bancos de couro, câmera de ré, computador de bordo, conexão usb, controle automático de velocidade, navegador gps, rodas de liga leve, sensor de ré, trava elétrica, vidro elétrico, volante multifuncional",https://sp.olx.com.br/regiao-de-sorocaba/autos-e-pecas/carros-vans-e-utilitarios/bmw-x2-sdrive-18i-1-5-activeflex-136cv-aut-2020-1486234664
1488870256,BMW X1 Sdrive 20I M Sport 2.0 TB Flex Aut. 2024,297900,BMW,X1,Sdrive 20I M Sport 2.0 TB Flex Aut.,2024,27000,Gasolina,Automático,Prata,SP,Sorocaba,Jardim Residencial Mont Blanc,N/A,15,Não,Não,Não,"air bag, alarme, sensor de ré, som, trava elétrica, vidro elétrico",https://sp.olx.com.br/regiao-de-sorocaba/autos-e-pecas/carros-vans-e-utilitarios/bmw-x1-sdrive-20i-m-sport-2-0-tb-flex-aut-2024-1488870256
1526134911,BMW X1 Sdrive 20I M Sport 2.0 TB Flex Aut. 2022,187000,BMW,X1,Sdrive 20I M Sport 2.0 TB Flex Aut.,2022,40000,Flex,Automático,Branco,SP,Taubaté,São Gonçalo,N/A,12,Não,Sim,Não,"air bag, ar condicionado, alarme, bancos de couro, câmera de ré, computador de bordo, conexão usb, controle automático de velocidade, navegador gps, rodas de liga leve, sensor de ré, teto solar, trava elétrica, vidro elétrico, volante multifuncional",https://sp.olx.com.br/vale-do-paraiba-e-litoral-norte/autos-e-pecas/carros-vans-e-utilitarios/bmw-x1-sdrive-20i-m-sport-2-0-tb-flex-aut-2022-1526134911
1526153043,BMW 320I A Modern/sport TB 2.0/a.flex 16V 4P 2020,183990,BMW,320I,A Modern/sport TB 2.0/a.flex 16V 4P,2020,78690,Gasolina,Automático,Cinza,SP,São Bernardo do Campo,Centro,N/A,11,N/A,Não,Não,"air bag, ar condicionado, alarme, bancos de couro, câmera de ré, computador de bordo, conexão usb, controle automático de velocidade, interface bluetooth, rodas de liga leve, sensor de ré, som, trava elétrica, vidro elétrico, volante multifuncional",https://sp.olx.com.br/sao-paulo-e-regiao/autos-e-pecas/carros-vans-e-utilitarios/bmw-320i-a-modern-sport-tb-2-0-a-flex-16v-4p-2020-1526153043
1526129334,BMW 320I A Modern/sport TB 2.0/a.flex 16V 4P 2025,307000,BMW,320I,A Modern/sport TB 2.0/a.flex 16V 4P,2025,38830,Flex,Automático,Preto,SP,Ribeirão Preto,Vila Tibério,N/A,16,Sim,Não,Não,"air bag, controle automático de velocidade, rodas de liga leve",https://sp.olx.com.br/regiao-de-ribeirao-preto/autos-e-pecas/carros-vans-e-utilitarios/bmw-320i-a-modern-sport-tb-2-0-a-flex-16v-4p-2025-1526129334
1526112253,BMW 320I 2022,219900,BMW,320I,,2022,66000,Flex,Automático,Preto,SP,Sorocaba,Além Ponte,N/A,15,Não,Não,Sim,N/A,https://sp.olx.com.br/regiao-de-sorocaba/autos-e-pecas/carros-vans-e-utilitarios/bmw-320i-2022-1526112253
1526112255,BMW 320I 2022,219900,BMW,320I,,2022,66000,Flex,Automático,Preto,SP,Sorocaba,Além Ponte,N/A,15,Não,Não,Sim,N/A,https://sp.olx.com.br/regiao-de-sorocaba/autos-e-pecas/carros-vans-e-utilitarios/bmw-320i-2022-1526112255
1526109168,BMW X1 Sdrive 20I M Sport 2.0 TB Flex Aut. 2022,169980,BMW,X1,Sdrive 20I M Sport 2.0 TB Flex Aut.,2022,99300,Flex,Automático,Preto,SP,Ribeirão Preto,Jardim Botânico,N/A,16,N/A,Não,Não,"air bag, ar condicionado, alarme, bancos de couro, câmera de ré, computador de bordo, conexão usb, controle automático de velocidade, navegador gps, rodas de liga leve, sensor de ré, teto solar, trava elétrica, vidro elétrico, volante multifuncional",https://sp.olx.com.br/regiao-de-ribeirao-preto/autos-e-pecas/carros-vans-e-utilitarios/bmw-x1-sdrive-20i-m-sport-2-0-tb-flex-aut-2022-1526109168
1526109172,BMW 320I 320i 2020,199890,BMW,320I,320i,2020,99000,Gasolina,Automático,Preto,SP,Indaiatuba,Vila Vitória I,N/A,19,N/A,Não,Não,N/A,https://sp.olx.com.br/grande-campinas/autos-e-pecas/carros-vans-e-utilitarios/bmw-320i-320i-2020-1526109172
1518886859,BMW X3 M40i 3.0 Turbo V6 360cv Aut. 2024,390000,BMW,X3,M40i 3.0 Turbo V6 360cv Aut.,2024,16000,Gasolina,Automático,Preto,SP,Santana de Parnaíba,Aldeia da Serra,N/A,11,Não,Não,Não,"air bag, ar condicionado, alarme, bancos de couro, câmera de ré, computador de bordo, conexão usb, controle automático de velocidade, navegador gps, rodas de liga leve, sensor de ré, som, teto solar, tração 4x4, trava elétrica, vidro elétrico, volante multifuncional",https://sp.olx.com.br/sao-paulo-e-regiao/autos-e-pecas/carros-vans-e-utilitarios/bmw-x3-m40i-3-0-turbo-v6-360cv-aut-2024-1518886859
1526045435,BMW X1 Sdrive 20I X-line 2.0 TB Aut. 2023,252990,BMW,X1,Sdrive 20I X-line 2.0 TB Aut.,2023,29900,Gasolina,Automático,Verde,SP,Taubaté,Parque Senhor do Bonfim,N/A,12,N/A,Não,Não,"air bag, ar condicionado, alarme, bancos de couro, câmera de ré, computador de bordo, conexão usb, controle automático de velocidade, interface bluetooth, navegador gps, rodas de liga leve, sensor de ré, teto solar, trava elétrica, vidro elétrico, volante multifuncional",https://sp.olx.com.br/vale-do-paraiba-e-litoral-norte/autos-e-pecas/carros-vans-e-utilitarios/bmw-x1-sdrive-20i-x-line-2-0-tb-aut-2023-1526045435
1526032511,BMW 320I A Modern/sport TB 2.0/a.flex 16V 4P 2022,220990,BMW,320I,A Modern/sport TB 2.0/a.flex 16V 4P,2022,73924,Flex,Automático,Preto,SP,Taubaté,Jardim Baronesa,N/A,12,N/A,Não,Não,"air bag, ar condicionado, alarme, bancos de couro, câmera de ré, computador de bordo, conexão usb, controle automático de velocidade, navegador gps, rodas de liga leve, sensor de ré, teto solar, trava elétrica, vidro elétrico, volante multifuncional",https://sp.olx.com.br/vale-do-paraiba-e-litoral-norte/autos-e-pecas/carros-vans-e-utilitarios/bmw-320i-a-modern-sport-tb-2-0-a-flex-16v-4p-2022-1526032511
1509986475,BMW 320I A Modern/sport TB 2.0/a.flex 16V 4P 2024,264190,BMW,320I,A Modern/sport TB 2.0/a.flex 16V 4P,2024,30797,Flex,Automático,Cinza,SP,Ribeirão Preto,Ribeirânia,N/A,16,Sim,Sim,Não,"air bag, ar condicionado, alarme, bancos de couro, câmera de ré, computador de bordo, conexão usb, controle automático de velocidade, interface bluetooth, navegador gps, rodas de liga leve, sensor de ré, som, teto solar, trava elétrica, vidro elétrico, volante multifuncional",https://sp.olx.com.br/regiao-de-ribeirao-preto/autos-e-pecas/carros-vans-e-utilitarios/bmw-320i-a-modern-sport-tb-2-0-a-flex-16v-4p-2024-1509986475
1526016425,BMW 320I A Modern/sport TB 2.0/a.flex 16V 4P 2020,174900,BMW,320I,A Modern/sport TB 2.0/a.flex 16V 4P,2020,45000,Gasolina,Automático,Vermelho,SP,São Paulo,Vila Bela,N/A,11,Não,Sim,Não,"air bag, ar condicionado, alarme, bancos de couro, câmera de ré, computador de bordo, conexão usb, controle automático de velocidade, rodas de liga leve, sensor de ré, trava elétrica, vidro elétrico, volante multifuncional",https://sp.olx.com.br/sao-paulo-e-regiao/autos-e-pecas/carros-vans-e-utilitarios/bmw-320i-a-modern-sport-tb-2-0-a-flex-16v-4p-2020-1526016425
1526013569,BMW 320I A Modern/sport TB 2.0/a.flex 16V 4P 2023,248990,BMW,320I,A Modern/sport TB 2.0/a.flex 16V 4P,2023,53643,Flex,Automático,Branco,SP,São Paulo,Jardim São Cristóvão,N/A,11,Sim,Sim,Não,"air bag, ar condicionado, alarme, bancos de couro, câmera de ré, computador de bordo, conexão usb, controle automático de velocidade, interface bluetooth, navegador gps, rodas de liga leve, sensor de ré, som, teto solar, trava elétrica, vidro elétrico, volante multifuncional",https://sp.olx.com.br/sao-paulo-e-regiao/autos-e-pecas/carros-vans-e-utilitarios/bmw-320i-a-modern-sport-tb-2-0-a-flex-16v-4p-2023-1526013569
1526008260,BMW X1 Sdrive 20I 2.0/2.0 TB Acti.flex Aut. 2022,190000,BMW,X1,Sdrive 20I 2.0/2.0 TB Acti.flex Aut.,2022,71000,Flex,Automático,Branco,SP,São Paulo,Água Branca,N/A,11,Sim,Sim,Não,"air bag, ar condicionado, alarme, bancos de couro, blindado, câmera de ré, computador de bordo, conexão usb, controle automático de velocidade, navegador gps, rodas de liga leve, sensor de ré, som, trava elétrica, vidro elétrico, volante multifuncional",https://sp.olx.com.br/sao-paulo-e-regiao/autos-e-pecas/carros-vans-e-utilitarios/bmw-x1-sdrive-20i-2-0-2-0-tb-acti-flex-aut-2022-1526008260
1496638629,BMW X1 Sdrive 20I X-line 2.0 TB Aut. 2023,249900,BMW,X1,Sdrive 20I X-line 2.0 TB Aut.,2023,26000,Gasolina,Automático,Azul,SP,Piedade,Centro,N/A,15,N/A,Sim,Não,"air bag, ar condicionado, alarme, bancos de couro, câmera de ré, computador de bordo, conexão usb, controle automático de velocidade, interface bluetooth, navegador gps, rodas de liga leve, sensor de ré, som, teto solar, trava elétrica, vidro elétrico, volante multifuncional",https://sp.olx.com.br/regiao-de-sorocaba/autos-e-pecas/carros-vans-e-utilitarios/bmw-x1-sdrive-20i-x-line-2-0-tb-aut-2023-1496638629
1496667632,BMW 420I Cabriolet M Sport 2.0 TB 16V 2P. 2025,460000,BMW,420I,Cabriolet M Sport 2.0 TB 16V 2P.,2025,10200,Gasolina,Automático,Cinza,SP,Mogi das Cruzes,Jardim Armênia,N/A,11,N/A,Não,Não,N/A,https://sp.olx.com.br/sao-paulo-e-regiao/autos-e-pecas/carros-vans-e-utilitarios/bmw-420i-cabriolet-m-sport-2-0-tb-16v-2p-2025-1496667632
1470037343,BMW 320I A 2.0 TB M Sport Activeflex 16V 4P 2024,285999,BMW,320I,A 2.0 TB M Sport Activeflex 16V 4P,2024,21000,Flex,Automático,Cinza,SP,São Paulo,Vila Gumercindo,N/A,11,Sim,Sim,Não,"air bag, ar condicionado, alarme, bancos de couro, câmera de ré, computador de bordo, conexão usb, controle automático de velocidade, navegador gps, rodas de liga leve, sensor de ré, som, teto solar, trava elétrica, vidro elétrico, volante multifuncional",https://sp.olx.com.br/sao-paulo-e-regiao/autos-e-pecas/carros-vans-e-utilitarios/bmw-320i-a-2-0-tb-m-sport-activeflex-16v-4p-2024-1470037343
1525820357,BMW 430I Cabriolet M Sport 2.0 TB 258cv 2P 2022,369990,BMW,430I,Cabriolet M Sport 2.0 TB 258cv 2P,2022,23128,Gasolina,Automático,Azul,SP,Americana,Loteamento Israel,N/A,19,Não,Sim,Não,"air bag, ar condicionado, alarme, bancos de couro, câmera de ré, computador de bordo, conexão usb, controle automático de velocidade, navegador gps, rodas de liga leve, sensor de ré, som, trava elétrica, vidro elétrico, volante multifuncional",https://sp.olx.com.br/grande-campinas/autos-e-pecas/carros-vans-e-utilitarios/bmw-430i-cabriolet-m-sport-2-0-tb-258cv-2p-2022-1525820357
1525814151,BMW X1 Sdrive 20I M Sport 2.0 TB Aut. 2024,262800,BMW,X1,Sdrive 20I M Sport 2.0 TB Aut.,2024,38000,Gasolina,Automático,Prata,SP,Sertãozinho,Conjunto Habitacional Antônio Nadaletto Mazzer,N/A,16,Sim,Sim,Não,"air bag, ar condicionado, alarme, bancos de couro, câmera de ré, computador de bordo, conexão usb, controle automático de velocidade, navegador gps, rodas de liga leve, sensor de ré, som, teto solar, tração 4x4, trava elétrica, vidro elétrico, volante multifuncional",https://sp.olx.com.br/regiao-de-ribeirao-preto/autos-e-pecas/carros-vans-e-utilitarios/bmw-x1-sdrive-20i-m-sport-2-0-tb-aut-2024-1525814151
1525737648,BMW 320I A Modern/sport TB 2.0/a.flex 16V 4P 2026,342800,BMW,320I,A Modern/sport TB 2.0/a.flex 16V 4P,2026,170,Flex,Automático,Preto,SP,Jundiaí,Núcleo Colonial Barão de Jundiaí,N/A,11,Não,Sim,Não,"air bag, ar condicionado, alarme, bancos de couro, câmera de ré, computador de bordo, conexão usb, controle automático de velocidade, interface bluetooth, navegador gps, rodas de liga leve, sensor de ré, som, teto solar, trava elétrica, vidro elétrico, volante multifuncional",https://sp.olx.com.br/sao-paulo-e-regiao/autos-e-pecas/carros-vans-e-utilitarios/bmw-320i-a-modern-sport-tb-2-0-a-flex-16v-4p-2026-1525737648
1516178666,BMW 320I A Modern/sport TB 2.0/a.flex 16V 4P 2022,207990,BMW,320I,A Modern/sport TB 2.0/a.flex 16V 4P,2022,60000,Flex,Automático,Branco,SP,Taubaté,Bel Recanto,N/A,12,Não,Sim,Não,"air bag, ar condicionado, alarme, bancos de couro, câmera de ré, computador de bordo, conexão usb, controle automático de velocidade, interface bluetooth, navegador gps, rodas de liga leve, sensor de ré, som, teto solar, trava elétrica, vidro elétrico, volante multifuncional",https://sp.olx.com.br/vale-do-paraiba-e-litoral-norte/autos-e-pecas/carros-vans-e-utilitarios/bmw-320i-a-modern-sport-tb-2-0-a-flex-16v-4p-2022-1516178666
1525708505,BMW X1 Sdrive 20I X-line 2.0 TB Active Flex 2020,140900,BMW,X1,Sdrive 20I X-line 2.0 TB Active Flex,2020,89000,Flex,Automático,Cinza,SP,São Paulo,Chácara Mafalda,N/A,11,N/A,Não,Não,"air bag, ar condicionado, alarme, bancos de couro, câmera de ré, computador de bordo, conexão usb, controle automático de velocidade, navegador gps, rodas de liga leve, sensor de ré, teto solar, trava elétrica, vidro elétrico, volante multifuncional",https://sp.olx.com.br/sao-paulo-e-regiao/autos-e-pecas/carros-vans-e-utilitarios/bmw-x1-sdrive-20i-x-line-2-0-tb-active-flex-2020-1525708505
1510041831,BMW 320I 320i 2026,293000,BMW,320I,320i,2026,5594,Flex,Automático,Preto,SP,São Paulo,Alto da Mooca,N/A,11,N/A,Não,Não,"ar condicionado, câmera de ré, sensor de ré, trava elétrica, vidro elétrico",https://sp.olx.com.br/sao-paulo-e-regiao/autos-e-pecas/carros-vans-e-utilitarios/bmw-320i-320i-2026-1510041831
1525701396,BMW X1 Sdrive 20I M Sport 2.0 TB Aut. 2025,314990,BMW,X1,Sdrive 20I M Sport 2.0 TB Aut.,2025,53000,Gasolina,Automático,Branco,SP,São Paulo,Pirajussara,N/A,11,Sim,Sim,Não,"air bag, ar condicionado, alarme, bancos de couro, câmera de ré, computador de bordo, conexão usb, controle automático de velocidade, navegador gps, rodas de liga leve, sensor de ré, som, teto solar, tração 4x4, trava elétrica, vidro elétrico, volante multifuncional",https://sp.olx.com.br/sao-paulo-e-regiao/autos-e-pecas/carros-vans-e-utilitarios/bmw-x1-sdrive-20i-m-sport-2-0-tb-aut-2025-1525701396
1525692210,BMW IX1 Xdrive 30 M Sport (elétrico) 2024,279950,BMW,IX1,Xdrive 30 M Sport (elétrico),2024,25000,Elétrico,Automático,Preto,SP,Santana de Parnaíba,Alphaville,N/A,11,Não,N/A,N/A,"air bag, ar condicionado, alarme, bancos de couro, câmera de ré, computador de bordo, conexão usb, controle automático de velocidade, navegador gps, rodas de liga leve, sensor de ré, som, teto solar, tração 4x4, trava elétrica, vidro elétrico, volante multifuncional",https://sp.olx.com.br/sao-paulo-e-regiao/autos-e-pecas/carros-vans-e-utilitarios/bmw-ix1-xdrive-30-m-sport-eletrico-2024-1525692210
1525613055,BMW 330I M Sport 2.0 TB 16V 4P 2020,179999,BMW,330I,M Sport 2.0 TB 16V 4P,2020,118000,Gasolina,Automático,Preto,SP,Bertioga,Albatróz,N/A,13,Não,Sim,Não,"air bag, ar condicionado, alarme, bancos de couro, câmera de ré, computador de bordo, conexão usb, controle automático de velocidade, navegador gps, rodas de liga leve, sensor de ré, teto solar, trava elétrica, vidro elétrico, volante multifuncional",https://sp.olx.com.br/baixada-santista-e-litoral-sul/autos-e-pecas/carros-vans-e-utilitarios/bmw-330i-m-sport-2-0-tb-16v-4p-2020-1525613055
1525557604,BMW 320I A 2.0 TB M Sport Activeflex 16V 4P 2022,215000,BMW,320I,A 2.0 TB M Sport Activeflex 16V 4P,2022,67000,Flex,Automático,Preto,SP,Mogi das Cruzes,Jardim Armênia,N/A,11,Sim,Sim,Não,"air bag, ar condicionado, alarme, bancos de couro, câmera de ré, computador de bordo, conexão usb, controle automático de velocidade, navegador gps, rodas de liga leve, sensor de ré, teto solar, trava elétrica, vidro elétrico, volante multifuncional",https://sp.olx.com.br/sao-paulo-e-regiao/autos-e-pecas/carros-vans-e-utilitarios/bmw-320i-a-2-0-tb-m-sport-activeflex-16v-4p-2022-1525557604
1525570827,BMW X1 Sdrive 20I 2.0/2.0 TB Acti.flex Aut. 2020,138900,BMW,X1,Sdrive 20I 2.0/2.0 TB Acti.flex Aut.,2020,63670,Flex,Automático,Preto,SP,Jundiaí,Vila Arens II,N/A,11,N/A,Não,Não,"air bag, ar condicionado, alarme, bancos de couro, câmera de ré, computador de bordo, conexão usb, controle automático de velocidade, navegador gps, rodas de liga leve, sensor de ré, som, trava elétrica, vidro elétrico, volante multifuncional",https://sp.olx.com.br/sao-paulo-e-regiao/autos-e-pecas/carros-vans-e-utilitarios/bmw-x1-sdrive-20i-2-0-2-0-tb-acti-flex-aut-2020-1525570827
1525526550,BMW IX1 Xdrive 30 M Sport (elétrico) 2024,274980,BMW,IX1,Xdrive 30 M Sport (elétrico),2024,25800,Elétrico,Automático,Preto,SP,Ribeirão Preto,Jardim Botânico,N/A,16,N/A,Não,Não,"air bag, ar condicionado, alarme, bancos de couro, câmera de ré, computador de bordo, conexão usb, controle automático de velocidade, navegador gps, rodas de liga leve, sensor de ré, som, teto solar, tração 4x4, trava elétrica, vidro elétrico, volante multifuncional",https://sp.olx.com.br/regiao-de-ribeirao-preto/autos-e-pecas/carros-vans-e-utilitarios/bmw-ix1-xdrive-30-m-sport-eletrico-2024-1525526550
1452595412,BMW 330E M Sport 2.0 Turbo Híbrido AU 2023,282980,BMW,330E,M Sport 2.0 Turbo Híbrido AU,2023,34000,Híbrido,Automático,Cinza,SP,Ribeirão Preto,Jardim Botânico,N/A,16,N/A,Não,Não,"air bag, ar condicionado, alarme, bancos de couro, câmera de ré, computador de bordo, conexão usb, controle automático de velocidade, interface bluetooth, navegador gps, rodas de liga leve, sensor de ré, som, teto solar, trava elétrica, vidro elétrico, volante multifuncional",https://sp.olx.com.br/regiao-de-ribeirao-preto/autos-e-pecas/carros-vans-e-utilitarios/bmw-330e-m-sport-2-0-turbo-hibrido-au-2023-1452595412
1506297833,BMW 320I A GT Sport 2.0 Turbo 16V 184cv 5P 2022,188800,BMW,320I,A GT Sport 2.0 Turbo 16V 184cv 5P,2022,66259,Flex,Automático,Cinza,SP,Louveira,Vila Bossi,N/A,19,Não,Não,Não,"air bag, alarme, sensor de ré, som, trava elétrica, vidro elétrico",https://sp.olx.com.br/grande-campinas/autos-e-pecas/carros-vans-e-utilitarios/bmw-320i-a-gt-sport-2-0-turbo-16v-184cv-5p-2022-1506297833
1525495662,BMW X3 M40i 3.0 Turbo V6 360cv Aut. 2021,210909,BMW,X3,M40i 3.0 Turbo V6 360cv Aut.,2021,25000,Gasolina,Automático,Branco,SP,São José dos Campos,Jardim Satélite,N/A,12,Não,Não,Não,"air bag, ar condicionado, alarme, bancos de couro, câmera de ré, computador de bordo, controle automático de velocidade, navegador gps, rodas de liga leve, sensor de ré, teto solar, tração 4x4, trava elétrica, vidro elétrico, volante multifuncional",https://sp.olx.com.br/vale-do-paraiba-e-litoral-norte/autos-e-pecas/carros-vans-e-utilitarios/bmw-x3-m40i-3-0-turbo-v6-360cv-aut-2021-1525495662
1518316845,BMW 330E M Sport 2.0 Turbo Híbrido AU 2025,339999,BMW,330E,M Sport 2.0 Turbo Híbrido AU,2025,38900,N/A,,Cinza,SP,São Paulo,Vila Andrade,N/A,11,Não,Sim,Não,"air bag, ar condicionado, alarme, bancos de couro, câmera de ré, computador de bordo, conexão usb, controle automático de velocidade, interface bluetooth, navegador gps, rodas de liga leve, sensor de ré, som, teto solar, trava elétrica, vidro elétrico, volante multifuncional",https://sp.olx.com.br/sao-paulo-e-regiao/autos-e-pecas/carros-vans-e-utilitarios/bmw-330e-m-sport-2-0-turbo-hibrido-au-2025-1518316845
1525443710,BMW 320I 320i 2024,258900,BMW,320I,320i,2024,37000,Flex,Automático,Branco,SP,Jacareí,Jardim Esper,N/A,12,Sim,Sim,Não,"air bag, ar condicionado, alarme, bancos de couro, câmera de ré, computador de bordo, conexão usb, controle automático de velocidade, navegador gps, rodas de liga leve, sensor de ré, som, teto solar, trava elétrica, vidro elétrico, volante multifuncional",https://sp.olx.com.br/vale-do-paraiba-e-litoral-norte/autos-e-pecas/carros-vans-e-utilitarios/bmw-320i-320i-2024-1525443710
1525443428,BMW X1 Sdrive 20I X-line 2.0 TB Active Flex 2021,169990,BMW,X1,Sdrive 20I X-line 2.0 TB Active Flex,2021,71260,Flex,Automático,Preto,SP,Taubaté,Jardim das Nações,N/A,12,N/A,Não,Não,"air bag, ar condicionado, alarme, bancos de couro, câmera de ré, computador de bordo, conexão usb, controle automático de velocidade, navegador gps, rodas de liga leve, sensor de ré, teto solar, trava elétrica, vidro elétrico, volante multifuncional",https://sp.olx.com.br/vale-do-paraiba-e-litoral-norte/autos-e-pecas/carros-vans-e-utilitarios/bmw-x1-sdrive-20i-x-line-2-0-tb-active-flex-2021-1525443428
1525430003,BMW I3 BEV Full 170cv Aut. (elétrico) 2020,134990,BMW,I3,BEV Full 170cv Aut. (elétrico),2020,44184,Elétrico,Automático,Branco,SP,São Paulo,Santo Amaro,N/A,11,Não,Sim,Não,"air bag, air bag, ar condicionado, ar condicionado, alarme, alarme, bancos de couro, bancos de couro, câmera de ré, câmera de ré, computador de bordo, computador de bordo, conexão usb, conexão usb, controle automático de velocidade, controle automático de velocidade, navegador gps, navegador gps, rodas de liga leve, rodas de liga leve, sensor de ré, teto solar, teto solar, trava elétrica, trava elétrica, vidro elétrico, vidro elétrico, volante multifuncional, volante multifuncional",https://sp.olx.com.br/sao-paulo-e-regiao/autos-e-pecas/carros-vans-e-utilitarios/bmw-i3-bev-full-170cv-aut-eletrico-2020-1525430003
1525421965,BMW X1 Sdrive 20I X-line 2.0 TB Aut. 2025,299900,BMW,X1,Sdrive 20I X-line 2.0 TB Aut.,2025,15150,Gasolina,Automático,Prata,SP,Mauá,Matriz,N/A,11,Sim,Sim,Não,"air bag, ar condicionado, alarme, bancos de couro, câmera de ré, computador de bordo, conexão usb, controle automático de velocidade, navegador gps, rodas de liga leve, sensor de ré, teto solar, trava elétrica, vidro elétrico, volante multifuncional",https://sp.olx.com.br/sao-paulo-e-regiao/autos-e-pecas/carros-vans-e-utilitarios/bmw-x1-sdrive-20i-x-line-2-0-tb-aut-2025-1525421965
1525408426,BMW 530E M Sport 2.0 Turbo Híbrido Aut. 2023,290000,BMW,530E,M Sport 2.0 Turbo Híbrido Aut.,2023,40098,Híbrido,Automático,Branco,SP,São Paulo,Vila Sônia,N/A,11,Sim,N/A,N/A,"air bag, ar condicionado, alarme, bancos de couro, câmera de ré, computador de bordo, conexão usb, controle automático de velocidade, navegador gps, rodas de liga leve, sensor de ré, som, teto solar, trava elétrica, vidro elétrico, volante multifuncional",https://sp.olx.com.br/sao-paulo-e-regiao/autos-e-pecas/carros-vans-e-utilitarios/bmw-530e-m-sport-2-0-turbo-hibrido-aut-2023-1525408426
1525406827,BMW 320I A Modern/sport TB 2.0/a.flex 16V 4P 2024,275000,BMW,320I,A Modern/sport TB 2.0/a.flex 16V 4P,2024,23083,Flex,Automático,Cinza,SP,São Paulo,Vila Sônia,N/A,11,Sim,Sim,Não,"air bag, ar condicionado, alarme, bancos de couro, câmera de ré, computador de bordo, conexão usb, controle automático de velocidade, navegador gps, rodas de liga leve, sensor de ré, som, teto solar, trava elétrica, vidro elétrico, volante multifuncional",https://sp.olx.com.br/sao-paulo-e-regiao/autos-e-pecas/carros-vans-e-utilitarios/bmw-320i-a-modern-sport-tb-2-0-a-flex-16v-4p-2024-1525406827
1525404243,BMW 320I A Modern/sport TB 2.0/a.flex 16V 4P 2022,245000,BMW,320I,A Modern/sport TB 2.0/a.flex 16V 4P,2022,40080,Flex,Automático,Preto,SP,São Paulo,Vila Sônia,N/A,11,Sim,Sim,Não,"air bag, ar condicionado, alarme, bancos de couro, câmera de ré, computador de bordo, conexão usb, controle automático de velocidade, interface bluetooth, navegador gps, rodas de liga leve, sensor de ré, som, teto solar, trava elétrica, vidro elétrico, volante multifuncional",https://sp.olx.com.br/sao-paulo-e-regiao/autos-e-pecas/carros-vans-e-utilitarios/bmw-320i-a-modern-sport-tb-2-0-a-flex-16v-4p-2022-1525404243
1525349706,BMW 320I A Modern/sport TB 2.0/a.flex 16V 4P 2024,296000,BMW,320I,A Modern/sport TB 2.0/a.flex 16V 4P,2024,17500,Flex,Automático,Cinza,SP,Piracicaba,Jardim Califórnia,N/A,19,Não,Sim,Não,"air bag, ar condicionado, alarme, bancos de couro, câmera de ré, computador de bordo, conexão usb, controle automático de velocidade, navegador gps, rodas de liga leve, sensor de ré, som, teto solar, trava elétrica, vidro elétrico, volante multifuncional",https://sp.olx.com.br/grande-campinas/autos-e-pecas/carros-vans-e-utilitarios/bmw-320i-a-modern-sport-tb-2-0-a-flex-16v-4p-2024-1525349706
1525342172,BMW 320I A 2.0 TB M Sport Activeflex 16V 4P 2022,229990,BMW,320I,A 2.0 TB M Sport Activeflex 16V 4P,2022,72570,Gasolina,Automático,Azul,SP,Mogi das Cruzes,Jardim Santista,N/A,11,Não,Sim,Não,"air bag, ar condicionado, alarme, bancos de couro, câmera de ré, computador de bordo, conexão usb, controle automático de velocidade, navegador gps, rodas de liga leve, sensor de ré, som, teto solar, trava elétrica, vidro elétrico, volante multifuncional",https://sp.olx.com.br/sao-paulo-e-regiao/autos-e-pecas/carros-vans-e-utilitarios/bmw-320i-a-2-0-tb-m-sport-activeflex-16v-4p-2022-1525342172
1525304061,BMW 320I A Modern/sport TB 2.0/a.flex 16V 4P 2020,163000,BMW,320I,A Modern/sport TB 2.0/a.flex 16V 4P,2020,78000,Gasolina,Automático,Branco,SP,São Paulo,Vila Carrão,N/A,11,Não,Sim,Não,"air bag, ar condicionado, alarme, bancos de couro, câmera de ré, computador de bordo, conexão usb, controle automático de velocidade, rodas de liga leve, sensor de ré, trava elétrica, vidro elétrico, volante multifuncional",https://sp.olx.com.br/sao-paulo-e-regiao/autos-e-pecas/carros-vans-e-utilitarios/bmw-320i-a-modern-sport-tb-2-0-a-flex-16v-4p-2020-1525304061
1518168670,BMW X1 Sdrive 20I X-line 2.0 TB Active Flex 2022,164500,BMW,X1,Sdrive 20I X-line 2.0 TB Active Flex,2022,70000,Flex,Automático,Preto,SP,São Paulo,Butantã,N/A,11,Sim,Sim,Não,"air bag, ar condicionado, alarme, bancos de couro, câmera de ré, computador de bordo, conexão usb, controle automático de velocidade, interface bluetooth, navegador gps, rodas de liga leve, sensor de ré, som, teto solar, tração 4x4, trava elétrica, vidro elétrico, volante multifuncional",https://sp.olx.com.br/sao-paulo-e-regiao/autos-e-pecas/carros-vans-e-utilitarios/bmw-x1-sdrive-20i-x-line-2-0-tb-active-flex-2022-1518168670
1525296877,BMW X1 Sdrive 20I 2.0/2.0 TB Acti.flex Aut. 2022,162900,BMW,X1,Sdrive 20I 2.0/2.0 TB Acti.flex Aut.,2022,100000,Flex,Automático,Cinza,SP,Atibaia,Jardim Estância Brasil,N/A,11,Não,Sim,Não,"air bag, ar condicionado, alarme, bancos de couro, câmera de ré, computador de bordo, conexão usb, controle automático de velocidade, interface bluetooth, navegador gps, rodas de liga leve, sensor de ré, som, trava elétrica, vidro elétrico, volante multifuncional",https://sp.olx.com.br/sao-paulo-e-regiao/autos-e-pecas/carros-vans-e-utilitarios/bmw-x1-sdrive-20i-2-0-2-0-tb-acti-flex-aut-2022-1525296877
1525285813,BMW 320I A 2.0 Turbo/activeflex 16V 184cv 4P 2023,286900,BMW,320I,A 2.0 Turbo/activeflex 16V 184cv 4P,2023,17319,Flex,Automático,Azul,SP,São Paulo,Saúde,N/A,11,N/A,Não,Não,"air bag, ar condicionado, alarme, bancos de couro, blindado, câmera de ré, computador de bordo, conexão usb, controle automático de velocidade, navegador gps, rodas de liga leve, sensor de ré, trava elétrica, vidro elétrico, volante multifuncional",https://sp.olx.com.br/sao-paulo-e-regiao/autos-e-pecas/carros-vans-e-utilitarios/bmw-320i-a-2-0-turbo-activeflex-16v-184cv-4p-2023-1525285813
1525263361,BMW 320I A 2.0 TB M Sport Activeflex 16V 4P 2022,247800,BMW,320I,A 2.0 TB M Sport Activeflex 16V 4P,2022,11314,Flex,Automático,Preto,SP,Vinhedo,Nova Vinhedo,N/A,19,Sim,Sim,Não,"air bag, ar condicionado, alarme, câmera de ré, computador de bordo, conexão usb, controle automático de velocidade, navegador gps, rodas de liga leve, sensor de ré, som, teto solar, trava elétrica, vidro elétrico, volante multifuncional",https://sp.olx.com.br/grande-campinas/autos-e-pecas/carros-vans-e-utilitarios/bmw-320i-a-2-0-tb-m-sport-activeflex-16v-4p-2022-1525263361
1525260547,BMW X1 Sdrive 20I M Sport 2.0 TB Flex Aut. 2025,309900,BMW,X1,Sdrive 20I M Sport 2.0 TB Flex Aut.,2025,8000,Gasolina,Automático,Preto,SP,Guarulhos,Vila Hulda,N/A,11,Sim,Sim,Não,"air bag, alarme, sensor de ré, som, trava elétrica, vidro elétrico",https://sp.olx.com.br/sao-paulo-e-regiao/autos-e-pecas/carros-vans-e-utilitarios/bmw-x1-sdrive-20i-m-sport-2-0-tb-flex-aut-2025-1525260547
1525251784,BMW M3 Competition M 3.0 Bi-TB 510cv 2024,749900,BMW,M3,Competition M 3.0 Bi-TB 510cv,2024,7000,Gasolina,Automático,Branco,SP,São Caetano do Sul,Santo Antônio,N/A,11,Não,Não,Não,"air bag, ar condicionado, alarme, bancos de couro, blindado, câmera de ré, computador de bordo, conexão usb, controle automático de velocidade, navegador gps, rodas de liga leve, sensor de ré, som, trava elétrica, vidro elétrico, volante multifuncional",https://sp.olx.com.br/sao-paulo-e-regiao/autos-e-pecas/carros-vans-e-utilitarios/bmw-m3-competition-m-3-0-bi-tb-510cv-2024-1525251784
1525244624,BMW X4 Xdrive 20I M-sport 2.0 TB 184cv AUT 2025,379900,BMW,X4,Xdrive 20I M-sport 2.0 TB 184cv AUT,2025,11000,Gasolina,Automático,Cinza,SP,Americana,Jardim Nossa Senhora de Fátima,N/A,19,Não,Não,Não,"air bag, ar condicionado, alarme, bancos de couro, câmera de ré, computador de bordo, conexão usb, controle automático de velocidade, interface bluetooth, rodas de liga leve, sensor de ré, som, teto solar, trava elétrica, vidro elétrico",https://sp.olx.com.br/grande-campinas/autos-e-pecas/carros-vans-e-utilitarios/bmw-x4-xdrive-20i-m-sport-2-0-tb-184cv-aut-2025-1525244624
1525167166,BMW 330E M Sport 2.0 Turbo Híbrido AU 2024,375000,BMW,330E,M Sport 2.0 Turbo Híbrido AU,2024,24500,Híbrido,Automático,Azul,SP,Praia Grande,Caiçara,N/A,13,N/A,Sim,Não,"air bag, ar condicionado, alarme, bancos de couro, blindado, câmera de ré, computador de bordo, conexão usb, controle automático de velocidade, navegador gps, rodas de liga leve, sensor de ré, som, teto solar, trava elétrica, vidro elétrico, volante multifuncional",https://sp.olx.com.br/baixada-santista-e-litoral-sul/autos-e-pecas/carros-vans-e-utilitarios/bmw-330e-m-sport-2-0-turbo-hibrido-au-2024-1525167166
1525165904,BMW 530E M Sport 2.0 Turbo Híbrido Aut. 2023,295000,BMW,530E,M Sport 2.0 Turbo Híbrido Aut.,2023,41000,Híbrido,Automático,Branco,SP,São Paulo,Água Branca,N/A,11,Sim,Sim,Não,"air bag, ar condicionado, alarme, bancos de couro, câmera de ré, computador de bordo, conexão usb, controle automático de velocidade, interface bluetooth, navegador gps, rodas de liga leve, sensor de ré, som, teto solar, trava elétrica, vidro elétrico, volante multifuncional",https://sp.olx.com.br/sao-paulo-e-regiao/autos-e-pecas/carros-vans-e-utilitarios/bmw-530e-m-sport-2-0-turbo-hibrido-aut-2023-1525165904
1525159599,BMW 320I A 2.0 TB M Sport Activeflex 16V 4P 2022,224900,BMW,320I,A 2.0 TB M Sport Activeflex 16V 4P,2022,19900,Gasolina,Automático,Preto,SP,São Bernardo do Campo,Baeta Neves,N/A,11,Não,Não,Não,"air bag, ar condicionado, alarme, câmera de ré, computador de bordo, conexão usb, controle automático de velocidade, navegador gps, rodas de liga leve, sensor de ré, teto solar, trava elétrica, vidro elétrico, volante multifuncional",https://sp.olx.com.br/sao-paulo-e-regiao/autos-e-pecas/carros-vans-e-utilitarios/bmw-320i-a-2-0-tb-m-sport-activeflex-16v-4p-2022-1525159599
1525131749,BMW 320I A 2.0 TB M Sport Activeflex 16V 4P 2026,334990,BMW,320I,A 2.0 TB M Sport Activeflex 16V 4P,2026,18000,Flex,Automático,Preto,SP,São Paulo,Vila Esperança,N/A,11,Sim,Sim,Não,"air bag, ar condicionado, alarme, bancos de couro, câmera de ré, computador de bordo, conexão usb, controle automático de velocidade, interface bluetooth, navegador gps, rodas de liga leve, sensor de ré, som, teto solar, trava elétrica, vidro elétrico, volante multifuncional",https://sp.olx.com.br/sao-paulo-e-regiao/autos-e-pecas/carros-vans-e-utilitarios/bmw-320i-a-2-0-tb-m-sport-activeflex-16v-4p-2026-1525131749
1523679885,BMW 320I A Modern/sport TB 2.0/a.flex 16V 4P 2024,269000,BMW,320I,A Modern/sport TB 2.0/a.flex 16V 4P,2024,27000,Flex,Automático,Cinza,SP,Guaíra,,N/A,17,Sim,Sim,Não,"air bag, ar condicionado, alarme, bancos de couro, câmera de ré, computador de bordo, conexão usb, controle automático de velocidade, navegador gps, rodas de liga leve, sensor de ré, teto solar, trava elétrica, vidro elétrico, volante multifuncional",https://sp.olx.com.br/regiao-de-sao-jose-do-rio-preto/autos-e-pecas/carros-vans-e-utilitarios/bmw-320i-a-modern-sport-tb-2-0-a-flex-16v-4p-2024-1523679885
1525007812,BMW X4 Xdrive 30I M-sport 2.0 TB. 252cv AUT 2022,339000,BMW,X4,Xdrive 30I M-sport 2.0 TB. 252cv AUT,2022,39000,Gasolina,Automático,Preto,SP,São Paulo,Bom Retiro,N/A,11,Não,Não,Não,"air bag, ar condicionado, alarme, bancos de couro, blindado, câmera de ré, computador de bordo, conexão usb, controle automático de velocidade, interface bluetooth, navegador gps, rodas de liga leve, sensor de ré, som, teto solar, tração 4x4, trava elétrica, vidro elétrico, volante multifuncional",https://sp.olx.com.br/sao-paulo-e-regiao/autos-e-pecas/carros-vans-e-utilitarios/bmw-x4-xdrive-30i-m-sport-2-0-tb-252cv-aut-2022-1525007812
1525005061,BMW X1 Sdrive 20I M Sport 2.0 TB Aut. 2024,294900,BMW,X1,Sdrive 20I M Sport 2.0 TB Aut.,2024,32000,Gasolina,Automático,Branco,SP,Mirassol,Jardim Santa Rita,N/A,17,Não,Não,Não,"air bag, ar condicionado, alarme, bancos de couro, câmera de ré, computador de bordo, conexão usb, controle automático de velocidade, navegador gps, rodas de liga leve, sensor de ré, som, teto solar, trava elétrica, vidro elétrico, volante multifuncional",https://sp.olx.com.br/regiao-de-sao-jose-do-rio-preto/autos-e-pecas/carros-vans-e-utilitarios/bmw-x1-sdrive-20i-m-sport-2-0-tb-aut-2024-1525005061
1520142291,BMW X4 Xdrive 30I M-sport 2.0 TB. 252cv AUT 2023,325990,BMW,X4,Xdrive 30I M-sport 2.0 TB. 252cv AUT,2023,38313,Gasolina,Automático,Cinza,SP,Sorocaba,Jardim Europa,N/A,15,Sim,Sim,Não,"air bag, ar condicionado, alarme, bancos de couro, câmera de ré, computador de bordo, conexão usb, controle automático de velocidade, navegador gps, rodas de liga leve, sensor de ré, som, teto solar, tração 4x4, trava elétrica, vidro elétrico, volante multifuncional",https://sp.olx.com.br/regiao-de-sorocaba/autos-e-pecas/carros-vans-e-utilitarios/bmw-x4-xdrive-30i-m-sport-2-0-tb-252cv-aut-2023-1520142291
1514771215,BMW X1 Sdrive 20I X-line 2.0 TB Active Flex 2024,328000,BMW,X1,Sdrive 20I X-line 2.0 TB Active Flex,2024,30700,Gasolina,Automático,N/A,SP,São Paulo,Mooca,N/A,11,N/A,Não,Não,"air bag, air bag, ar condicionado, alarme, trava elétrica, vidro elétrico",https://sp.olx.com.br/sao-paulo-e-regiao/autos-e-pecas/carros-vans-e-utilitarios/bmw-x1-sdrive-20i-x-line-2-0-tb-active-flex-2024-1514771215
1507395525,BMW 320I A 2.0 Turbo/activeflex 16V 184cv 4P 2022,242900,BMW,320I,A 2.0 Turbo/activeflex 16V 184cv 4P,2022,49900,Flex,Automático,Preto,SP,Sorocaba,Vila Assis,N/A,15,N/A,Não,Não,"air bag, ar condicionado, alarme, bancos de couro, blindado, câmera de ré, computador de bordo, conexão usb, controle automático de velocidade, interface bluetooth, navegador gps, rodas de liga leve, sensor de ré, som, teto solar, trava elétrica, vidro elétrico, volante multifuncional",https://sp.olx.com.br/regiao-de-sorocaba/autos-e-pecas/carros-vans-e-utilitarios/bmw-320i-a-2-0-turbo-activeflex-16v-184cv-4p-2022-1507395525
1517748614,BMW X5 Xdrive 45E 3.0 M.sport Híbrido AU 2022,412900,BMW,X5,Xdrive 45E 3.0 M.sport Híbrido AU,2022,45000,Híbrido,Automático,Preto,SP,Ribeirão Preto,Jardim Irajá,N/A,16,N/A,Sim,Não,"air bag, ar condicionado, alarme, bancos de couro, câmera de ré, computador de bordo, conexão usb, controle automático de velocidade, interface bluetooth, navegador gps, rodas de liga leve, sensor de ré, som, teto solar, tração 4x4, trava elétrica, vidro elétrico, volante multifuncional",https://sp.olx.com.br/regiao-de-ribeirao-preto/autos-e-pecas/carros-vans-e-utilitarios/bmw-x5-xdrive-45e-3-0-m-sport-hibrido-au-2022-1517748614
1522819544,BMW 320I A 2.0 TB M Sport Activeflex 16V 4P 2025,309900,BMW,320I,A 2.0 TB M Sport Activeflex 16V 4P,2025,16890,N/A,,Branco,SP,Assis,Renascence Residencial,N/A,18,Sim,Sim,Não,"air bag, ar condicionado, alarme, bancos de couro, câmera de ré, computador de bordo, conexão usb, controle automático de velocidade, interface bluetooth, navegador gps, rodas de liga leve, sensor de ré, som, teto solar, trava elétrica, vidro elétrico, volante multifuncional",https://sp.olx.com.br/regiao-de-presidente-prudente/autos-e-pecas/carros-vans-e-utilitarios/bmw-320i-a-2-0-tb-m-sport-activeflex-16v-4p-2025-1522819544
1524954351,BMW X1 Sdrive 20I M Sport 2.0 TB Aut. 2025,314900,BMW,X1,Sdrive 20I M Sport 2.0 TB Aut.,2025,12800,Gasolina,,Preto,SP,Praia Grande,Canto do Forte,N/A,13,Sim,Sim,Não,"air bag, ar condicionado, alarme, bancos de couro, câmera de ré, computador de bordo, conexão usb, controle automático de velocidade, navegador gps, rodas de liga leve, sensor de ré, som, teto solar, trava elétrica, vidro elétrico, volante multifuncional",https://sp.olx.com.br/baixada-santista-e-litoral-sul/autos-e-pecas/carros-vans-e-utilitarios/bmw-x1-sdrive-20i-m-sport-2-0-tb-aut-2025-1524954351
1517692242,BMW X3 Xdrive 30E Turbo Híbrido AUT 2021,178900,BMW,X3,Xdrive 30E Turbo Híbrido AUT,2021,72000,Híbrido,Automático,Cinza,SP,São José dos Campos,Parque Residencial Aquarius,N/A,12,Sim,Sim,Não,"air bag, ar condicionado, alarme, bancos de couro, câmera de ré, computador de bordo, conexão usb, controle automático de velocidade, navegador gps, rodas de liga leve, sensor de ré, teto solar, tração 4x4, trava elétrica, vidro elétrico, volante multifuncional",https://sp.olx.com.br/vale-do-paraiba-e-litoral-norte/autos-e-pecas/carros-vans-e-utilitarios/bmw-x3-xdrive-30e-turbo-hibrido-aut-2021-1517692242
1524850559,BMW 320I A Modern/sport TB 2.0/a.flex 16V 4P 2023,228990,BMW,320I,A Modern/sport TB 2.0/a.flex 16V 4P,2023,84075,Flex,Automático,Preto,SP,Presidente Prudente,Vila Santa Helena,N/A,18,Não,Sim,Não,"air bag, ar condicionado, alarme, bancos de couro, câmera de ré, computador de bordo, conexão usb, controle automático de velocidade, navegador gps, rodas de liga leve, sensor de ré, som, teto solar, trava elétrica, vidro elétrico, volante multifuncional",https://sp.olx.com.br/regiao-de-presidente-prudente/autos-e-pecas/carros-vans-e-utilitarios/bmw-320i-a-modern-sport-tb-2-0-a-flex-16v-4p-2023-1524850559
1524845157,BMW 320I A Modern/sport TB 2.0/a.flex 16V 4P 2023,224000,BMW,320I,A Modern/sport TB 2.0/a.flex 16V 4P,2023,88880,Flex,Automático,Preto,SP,Presidente Prudente,Vila Santa Helena,N/A,18,Sim,N/A,N/A,"air bag, ar condicionado, alarme, bancos de couro, câmera de ré, computador de bordo, conexão usb, controle automático de velocidade, interface bluetooth, navegador gps, rodas de liga leve, sensor de ré, teto solar, trava elétrica, vidro elétrico, volante multifuncional",https://sp.olx.com.br/regiao-de-presidente-prudente/autos-e-pecas/carros-vans-e-utilitarios/bmw-320i-a-modern-sport-tb-2-0-a-flex-16v-4p-2023-1524845157
1524840936,BMW 320I A Modern/sport TB 2.0/a.flex 16V 4P 2024,320000,BMW,320I,A Modern/sport TB 2.0/a.flex 16V 4P,2024,22000,Flex,Automático,Azul,SP,São Paulo,Água Branca,N/A,11,Sim,Sim,Não,"air bag, ar condicionado, alarme, bancos de couro, blindado, câmera de ré, computador de bordo, conexão usb, controle automático de velocidade, interface bluetooth, navegador gps, rodas de liga leve, sensor de ré, som, teto solar, trava elétrica, vidro elétrico, volante multifuncional",https://sp.olx.com.br/sao-paulo-e-regiao/autos-e-pecas/carros-vans-e-utilitarios/bmw-320i-a-modern-sport-tb-2-0-a-flex-16v-4p-2024-1524840936
1516191800,BMW 330I Sport 2.0 TB 16V 4P 2020,213900,BMW,330I,Sport 2.0 TB 16V 4P,2020,74800,Gasolina,Automático,Preto,SP,São José do Rio Preto,Parque Quinta das Paineiras,N/A,17,N/A,Não,Não,"air bag, ar condicionado, alarme, bancos de couro, câmera de ré, computador de bordo, conexão usb, controle automático de velocidade, navegador gps, rodas de liga leve, sensor de ré, teto solar, trava elétrica, vidro elétrico, volante multifuncional",https://sp.olx.com.br/regiao-de-sao-jose-do-rio-preto/autos-e-pecas/carros-vans-e-utilitarios/bmw-330i-sport-2-0-tb-16v-4p-2020-1516191800
1524835747,BMW X3 M40i 3.0 M Sport Edit. V6 Turbo Aut. 2022,320000,BMW,X3,M40i 3.0 M Sport Edit. V6 Turbo Aut.,2022,92000,Gasolina,Automático,Cinza,SP,Guarujá,Loteamento João Batista Julião,N/A,13,Não,Sim,Não,"air bag, ar condicionado, alarme, bancos de couro, câmera de ré, computador de bordo, conexão usb, controle automático de velocidade, navegador gps, rodas de liga leve, sensor de ré, som, teto solar, tração 4x4, trava elétrica, vidro elétrico, volante multifuncional",https://sp.olx.com.br/baixada-santista-e-litoral-sul/autos-e-pecas/carros-vans-e-utilitarios/bmw-x3-m40i-3-0-m-sport-edit-v6-turbo-aut-2022-1524835747
1524835129,BMW 320I A 2.0 TB M Sport Activeflex 16V 4P 2025,299990,BMW,320I,A 2.0 TB M Sport Activeflex 16V 4P,2025,38830,N/A,,Preto,SP,Ribeirão Preto,Ribeirânia,N/A,16,Sim,Sim,Não,"air bag, ar condicionado, alarme, bancos de couro, câmera de ré, computador de bordo, conexão usb, controle automático de velocidade, interface bluetooth, navegador gps, rodas de liga leve, sensor de ré, som, teto solar, trava elétrica, vidro elétrico, volante multifuncional",https://sp.olx.com.br/regiao-de-ribeirao-preto/autos-e-pecas/carros-vans-e-utilitarios/bmw-320i-a-2-0-tb-m-sport-activeflex-16v-4p-2025-1524835129
1524780340,BMW 320I A Modern/sport TB 2.0/a.flex 16V 4P 2026,310000,BMW,320I,A Modern/sport TB 2.0/a.flex 16V 4P,2026,10000,Flex,Automático,N/A,SP,São Paulo,Mooca,N/A,11,N/A,Não,Não,"air bag, air bag, ar condicionado, alarme, trava elétrica, vidro elétrico",https://sp.olx.com.br/sao-paulo-e-regiao/autos-e-pecas/carros-vans-e-utilitarios/bmw-320i-a-modern-sport-tb-2-0-a-flex-16v-4p-2026-1524780340
1524774502,BMW 320I 320i 2021,213900,BMW,320I,320i,2021,70000,Flex,Automático,Branco,SP,Rio Claro,Zona Central,N/A,19,Não,Não,Não,"ar condicionado, ar condicionado, câmera de ré, trava elétrica, vidro elétrico",https://sp.olx.com.br/grande-campinas/autos-e-pecas/carros-vans-e-utilitarios/bmw-320i-320i-2021-1524774502
1524761656,BMW X1 Sdrive 20I M Sport 2.0 TB Flex Aut. 2022,199900,BMW,X1,Sdrive 20I M Sport 2.0 TB Flex Aut.,2022,44000,Flex,Automático,Cinza,SP,São Paulo,Vila Regente Feijó,N/A,11,Não,Sim,Não,"air bag, ar condicionado, alarme, bancos de couro, câmera de ré, computador de bordo, conexão usb, controle automático de velocidade, navegador gps, rodas de liga leve, sensor de ré, som, teto solar, trava elétrica, vidro elétrico, volante multifuncional",https://sp.olx.com.br/sao-paulo-e-regiao/autos-e-pecas/carros-vans-e-utilitarios/bmw-x1-sdrive-20i-m-sport-2-0-tb-flex-aut-2022-1524761656
1517802772,BMW 540I M Sport 3.0 Turbo 340cv Aut. 2020,269990,BMW,540I,M Sport 3.0 Turbo 340cv Aut.,2020,52616,Gasolina,Automático,Preto,SP,São Paulo,Jardim São Cristóvão,N/A,11,Sim,Sim,Não,"air bag, ar condicionado, alarme, bancos de couro, blindado, câmera de ré, computador de bordo, conexão usb, controle automático de velocidade, interface bluetooth, navegador gps, rodas de liga leve, sensor de ré, som, teto solar, trava elétrica, vidro elétrico, volante multifuncional",https://sp.olx.com.br/sao-paulo-e-regiao/autos-e-pecas/carros-vans-e-utilitarios/bmw-540i-m-sport-3-0-turbo-340cv-aut-2020-1517802772
1524710739,BMW M3 Competition M 3.0 Bi-TB 510cv 2023,569800,BMW,M3,Competition M 3.0 Bi-TB 510cv,2023,39000,Gasolina,Automático,Cinza,SP,Barueri,Alphaville Centro Industrial e Empresarial/Alphaville.,N/A,11,Não,Sim,Não,"air bag, ar condicionado, alarme, bancos de couro, câmera de ré, computador de bordo, conexão usb, controle automático de velocidade, navegador gps, rodas de liga leve, sensor de ré, som, trava elétrica, vidro elétrico, volante multifuncional",https://sp.olx.com.br/sao-paulo-e-regiao/autos-e-pecas/carros-vans-e-utilitarios/bmw-m3-competition-m-3-0-bi-tb-510cv-2023-1524710739
1524657398,BMW X4 Xdrive 30I M-sport 2.0 TB. 252cv AUT 2024,399990,BMW,X4,Xdrive 30I M-sport 2.0 TB. 252cv AUT,2024,83190,Gasolina,Automático,Cinza,SP,Campinas,Jardim do Trevo,N/A,19,N/A,Não,Não,"air bag, ar condicionado, alarme, bancos de couro, blindado, câmera de ré, computador de bordo, conexão usb, controle automático de velocidade, navegador gps, rodas de liga leve, sensor de ré, som, teto solar, tração 4x4, trava elétrica, vidro elétrico, volante multifuncional",https://sp.olx.com.br/grande-campinas/autos-e-pecas/carros-vans-e-utilitarios/bmw-x4-xdrive-30i-m-sport-2-0-tb-252cv-aut-2024-1524657398
1524657383,BMW X4 Xdrive 30I M-sport 2.0 TB. 252cv AUT 2024,399990,BMW,X4,Xdrive 30I M-sport 2.0 TB. 252cv AUT,2024,83190,Gasolina,Automático,Cinza,SP,Campinas,Jardim do Trevo,N/A,19,N/A,Não,Não,"air bag, ar condicionado, alarme, bancos de couro, blindado, câmera de ré, computador de bordo, conexão usb, controle automático de velocidade, navegador gps, rodas de liga leve, sensor de ré, som, teto solar, tração 4x4, trava elétrica, vidro elétrico, volante multifuncional",https://sp.olx.com.br/grande-campinas/autos-e-pecas/carros-vans-e-utilitarios/bmw-x4-xdrive-30i-m-sport-2-0-tb-252cv-aut-2024-1524657383
1524639559,BMW 320I A 2.0 Turbo/activeflex 16V 184cv 4P 2021,159900,BMW,320I,A 2.0 Turbo/activeflex 16V 184cv 4P,2021,203229,Flex,Automático,Azul,SP,São Paulo,Jardim do Alto,N/A,11,Não,Sim,Não,"air bag, ar condicionado, alarme, bancos de couro, câmera de ré, computador de bordo, conexão usb, controle automático de velocidade, navegador gps, rodas de liga leve, sensor de ré, trava elétrica, vidro elétrico, volante multifuncional",https://sp.olx.com.br/sao-paulo-e-regiao/autos-e-pecas/carros-vans-e-utilitarios/bmw-320i-a-2-0-turbo-activeflex-16v-184cv-4p-2021-1524639559
1524648818,BMW X4 Xdrive 30I M-sport 2.0 TB. 252cv AUT 2020,215000,BMW,X4,Xdrive 30I M-sport 2.0 TB. 252cv AUT,2020,94000,Gasolina,Automático,Preto,SP,Ribeirão Preto,Jardim Cristo Redentor,N/A,16,Não,Não,Não,"air bag, ar condicionado, alarme, bancos de couro, câmera de ré, computador de bordo, conexão usb, controle automático de velocidade, navegador gps, rodas de liga leve, sensor de ré, teto solar, tração 4x4, trava elétrica, vidro elétrico, volante multifuncional",https://sp.olx.com.br/regiao-de-ribeirao-preto/autos-e-pecas/carros-vans-e-utilitarios/bmw-x4-xdrive-30i-m-sport-2-0-tb-252cv-aut-2020-1524648818
1524637244,BMW 320I A 2.0 TB M Sport Activeflex 16V 4P 2026,349890,BMW,320I,A 2.0 TB M Sport Activeflex 16V 4P,2026,2510,Flex,Automático,Branco,SP,Santo André,Tamanduateí 8,N/A,11,Sim,Sim,Não,"air bag, ar condicionado, alarme, bancos de couro, câmera de ré, computador de bordo, conexão usb, controle automático de velocidade, interface bluetooth, navegador gps, rodas de liga leve, sensor de ré, som, teto solar, trava elétrica, vidro elétrico, volante multifuncional",https://sp.olx.com.br/sao-paulo-e-regiao/autos-e-pecas/carros-vans-e-utilitarios/bmw-320i-a-2-0-tb-m-sport-activeflex-16v-4p-2026-1524637244
1524634668,BMW X1 Sdrive 20I M Sport 2.0 TB Aut. 2023,274800,BMW,X1,Sdrive 20I M Sport 2.0 TB Aut.,2023,49900,Gasolina,Automático,Prata,SP,São Paulo,Várzea da Barra Funda,N/A,11,Não,Não,Não,"air bag, ar condicionado, alarme, bancos de couro, câmera de ré, computador de bordo, conexão usb, controle automático de velocidade, navegador gps, rodas de liga leve, sensor de ré, som, teto solar, trava elétrica, vidro elétrico, volante multifuncional",https://sp.olx.com.br/sao-paulo-e-regiao/autos-e-pecas/carros-vans-e-utilitarios/bmw-x1-sdrive-20i-m-sport-2-0-tb-aut-2023-1524634668
1524598717,BMW 320I A Modern/sport TB 2.0/a.flex 16V 4P 2023,200900,BMW,320I,A Modern/sport TB 2.0/a.flex 16V 4P,2023,39500,Flex,Automático,Cinza,SP,Mogi das Cruzes,Centro,N/A,11,Sim,Sim,Não,"air bag, ar condicionado, alarme, bancos de couro, câmera de ré, computador de bordo, conexão usb, controle automático de velocidade, navegador gps, rodas de liga leve, sensor de ré, teto solar, trava elétrica, vidro elétrico, volante multifuncional",https://sp.olx.com.br/sao-paulo-e-regiao/autos-e-pecas/carros-vans-e-utilitarios/bmw-320i-a-modern-sport-tb-2-0-a-flex-16v-4p-2023-1524598717
1524592115,BMW X6 Xdrive 40I M Sport 3.0 Bi-TB (hib.) 2025,675900,BMW,X6,Xdrive 40I M Sport 3.0 Bi-TB (hib.),2025,23222,Híbrido,Automático,Branco,SP,São Paulo,Instituto de Previdência,N/A,11,Sim,Não,Não,"air bag, ar condicionado, alarme, bancos de couro, câmera de ré, computador de bordo, conexão usb, controle automático de velocidade, navegador gps, rodas de liga leve, sensor de ré, som, teto solar, tração 4x4, trava elétrica, vidro elétrico, volante multifuncional",https://sp.olx.com.br/sao-paulo-e-regiao/autos-e-pecas/carros-vans-e-utilitarios/bmw-x6-xdrive-40i-m-sport-3-0-bi-tb-hib-2025-1524592115
1473920227,BMW 320I A 2.0 TB M Sport Activeflex 16V 4P 2024,319900,BMW,320I,A 2.0 TB M Sport Activeflex 16V 4P,2024,19000,Flex,Automático,Azul,SP,Santos,Vila Mathias,N/A,13,Sim,Sim,Não,"air bag, ar condicionado, alarme, bancos de couro, câmera de ré, computador de bordo, conexão usb, controle automático de velocidade, navegador gps, rodas de liga leve, sensor de ré, som, teto solar, trava elétrica, vidro elétrico, volante multifuncional",https://sp.olx.com.br/baixada-santista-e-litoral-sul/autos-e-pecas/carros-vans-e-utilitarios/bmw-320i-a-2-0-tb-m-sport-activeflex-16v-4p-2024-1473920227
1522988491,BMW 320I A Modern/sport TB 2.0/a.flex 16V 4P 2020,169999,BMW,320I,A Modern/sport TB 2.0/a.flex 16V 4P,2020,147000,Gasolina,Automático,Vermelho,SP,Mogi das Cruzes,Centro,N/A,11,N/A,Não,Não,"air bag, ar condicionado, alarme, bancos de couro, câmera de ré, computador de bordo, conexão usb, controle automático de velocidade, rodas de liga leve, sensor de ré, trava elétrica, vidro elétrico, volante multifuncional",https://sp.olx.com.br/sao-paulo-e-regiao/autos-e-pecas/carros-vans-e-utilitarios/bmw-320i-a-modern-sport-tb-2-0-a-flex-16v-4p-2020-1522988491
1524526971,BMW X3 Xdrive 30E M Sport Turbo Híbrido Aut. 2024,332000,BMW,X3,Xdrive 30E M Sport Turbo Híbrido Aut.,2024,36000,Gasolina,Automático,N/A,SP,São Paulo,Mooca,N/A,11,N/A,Não,Não,"air bag, ar condicionado, alarme, bancos de couro, câmera de ré, computador de bordo, conexão usb, controle automático de velocidade, navegador gps, rodas de liga leve, sensor de ré, som, teto solar, tração 4x4, trava elétrica, vidro elétrico, volante multifuncional",https://sp.olx.com.br/sao-paulo-e-regiao/autos-e-pecas/carros-vans-e-utilitarios/bmw-x3-xdrive-30e-m-sport-turbo-hibrido-aut-2024-1524526971
1524524615,BMW M3 Competition M 3.0 Bi-TB 510cv 2024,629000,BMW,M3,Competition M 3.0 Bi-TB 510cv,2024,10000,Gasolina,Automático,Cinza,SP,Ribeirão Preto,City Ribeirão,N/A,16,Sim,Não,Não,"air bag, ar condicionado, alarme, bancos de couro, câmera de ré, computador de bordo, conexão usb, controle automático de velocidade, navegador gps, rodas de liga leve, sensor de ré, som, trava elétrica, vidro elétrico, volante multifuncional",https://sp.olx.com.br/regiao-de-ribeirao-preto/autos-e-pecas/carros-vans-e-utilitarios/bmw-m3-competition-m-3-0-bi-tb-510cv-2024-1524524615
1524523586,BMW 320I 320i 2024,274800,BMW,320I,320i,2024,35000,Flex,Automático,Cinza,SP,Sertãozinho,Conjunto Habitacional Antônio Nadaletto Mazzer,N/A,16,Não,Sim,Não,"ar condicionado, alarme, bancos de couro, câmera de ré, navegador gps, rodas de liga leve, sensor de ré, som, teto solar, trava elétrica, vidro elétrico, volante multifuncional",https://sp.olx.com.br/regiao-de-ribeirao-preto/autos-e-pecas/carros-vans-e-utilitarios/bmw-320i-320i-2024-1524523586
1524461621,BMW 320I A 2.0 TB M Sport Activeflex 16V 4P 2022,216990,BMW,320I,A 2.0 TB M Sport Activeflex 16V 4P,2022,59500,Flex,Automático,Branco,SP,Sorocaba,Jardim Novo Horizonte,N/A,15,Não,Sim,Não,"air bag, ar condicionado, alarme, bancos de couro, câmera de ré, computador de bordo, conexão usb, controle automático de velocidade, interface bluetooth, navegador gps, rodas de liga leve, sensor de ré, som, teto solar, trava elétrica, vidro elétrico, volante multifuncional",https://sp.olx.com.br/regiao-de-sorocaba/autos-e-pecas/carros-vans-e-utilitarios/bmw-320i-a-2-0-tb-m-sport-activeflex-16v-4p-2022-1524461621
1468609175,BMW X3 Xdrive 30E X-line Turbo Híbrido AU 2022,250000,BMW,X3,Xdrive 30E X-line Turbo Híbrido AU,2022,48256,Híbrido,Automático,Preto,SP,Ribeirão Preto,Centro,N/A,16,Não,Não,Não,"air bag, ar condicionado, alarme, bancos de couro, câmera de ré, computador de bordo, conexão usb, controle automático de velocidade, navegador gps, rodas de liga leve, sensor de ré, som, teto solar, tração 4x4, trava elétrica, vidro elétrico, volante multifuncional",https://sp.olx.com.br/regiao-de-ribeirao-preto/autos-e-pecas/carros-vans-e-utilitarios/bmw-x3-xdrive-30e-x-line-turbo-hibrido-au-2022-1468609175
1524432947,BMW X1 Sdrive 20I 2.0/2.0 TB Acti.flex Aut. 2020,155000,BMW,X1,Sdrive 20I 2.0/2.0 TB Acti.flex Aut.,2020,93000,Flex,Automático,Preto,SP,São Paulo,Pinheiros,N/A,11,N/A,Sim,Não,"air bag, ar condicionado, alarme, bancos de couro, blindado, câmera de ré, computador de bordo, conexão usb, controle automático de velocidade, navegador gps, rodas de liga leve, sensor de ré, trava elétrica, vidro elétrico, volante multifuncional",https://sp.olx.com.br/sao-paulo-e-regiao/autos-e-pecas/carros-vans-e-utilitarios/bmw-x1-sdrive-20i-2-0-2-0-tb-acti-flex-aut-2020-1524432947
1524391523,BMW 320I A 2.0 TB M Sport Activeflex 16V 4P 2020,179900,BMW,320I,A 2.0 TB M Sport Activeflex 16V 4P,2020,96700,Gasolina,Automático,Cinza,SP,Sorocaba,Wanel Ville,N/A,15,Não,Não,Não,"air bag, ar condicionado, alarme, bancos de couro, câmera de ré, computador de bordo, conexão usb, controle automático de velocidade, interface bluetooth, navegador gps, rodas de liga leve, sensor de ré, som, teto solar, trava elétrica, vidro elétrico, volante multifuncional",https://sp.olx.com.br/regiao-de-sorocaba/autos-e-pecas/carros-vans-e-utilitarios/bmw-320i-a-2-0-tb-m-sport-activeflex-16v-4p-2020-1524391523
1524379544,BMW 320I A Modern/sport TB 2.0/a.flex 16V 4P 2023,242300,BMW,320I,A Modern/sport TB 2.0/a.flex 16V 4P,2023,53643,Flex,Automático,Branco,SP,Indaiatuba,Vila Homero,N/A,19,Sim,Sim,Não,"air bag, ar condicionado, alarme, bancos de couro, câmera de ré, computador de bordo, conexão usb, controle automático de velocidade, navegador gps, rodas de liga leve, sensor de ré, teto solar, trava elétrica, vidro elétrico, volante multifuncional",https://sp.olx.com.br/grande-campinas/autos-e-pecas/carros-vans-e-utilitarios/bmw-320i-a-modern-sport-tb-2-0-a-flex-16v-4p-2023-1524379544
1503744316,BMW M3 Competition M 3.0 Bi-TB 510cv 2024,650000,BMW,M3,Competition M 3.0 Bi-TB 510cv,2024,10000,Gasolina,Automático,Azul,SP,Barueri,Alphaville Industrial,N/A,11,N/A,Não,Não,"air bag, ar condicionado, alarme, bancos de couro, câmera de ré, computador de bordo, conexão usb, controle automático de velocidade, navegador gps, rodas de liga leve, sensor de ré, som, trava elétrica, vidro elétrico, volante multifuncional",https://sp.olx.com.br/sao-paulo-e-regiao/autos-e-pecas/carros-vans-e-utilitarios/bmw-m3-competition-m-3-0-bi-tb-510cv-2024-1503744316
1524310958,BMW X1 Sdrive 20I 2.0/2.0 TB Acti.flex Aut. 2020,128000,BMW,X1,Sdrive 20I 2.0/2.0 TB Acti.flex Aut.,2020,72000,Flex,Automático,Cinza,SP,Santos,Vila Mathias,N/A,13,Não,Sim,Não,"air bag, ar condicionado, alarme, bancos de couro, câmera de ré, computador de bordo, conexão usb, controle automático de velocidade, navegador gps, rodas de liga leve, sensor de ré, trava elétrica, vidro elétrico, volante multifuncional",https://sp.olx.com.br/baixada-santista-e-litoral-sul/autos-e-pecas/carros-vans-e-utilitarios/bmw-x1-sdrive-20i-2-0-2-0-tb-acti-flex-aut-2020-1524310958
1521012624,BMW 320I A 2.0 TB M Sport Activeflex 16V 4P 2023,269000,BMW,320I,A 2.0 TB M Sport Activeflex 16V 4P,2023,21500,Flex,Automático,N/A,SP,Sorocaba,Jardim Residencial Chácara Ondina,N/A,15,Não,Sim,Não,"air bag, ar condicionado, alarme, bancos de couro, câmera de ré, computador de bordo, conexão usb, controle automático de velocidade, navegador gps, rodas de liga leve, sensor de ré, som, teto solar, trava elétrica, vidro elétrico, volante multifuncional",https://sp.olx.com.br/regiao-de-sorocaba/autos-e-pecas/carros-vans-e-utilitarios/bmw-320i-a-2-0-tb-m-sport-activeflex-16v-4p-2023-1521012624
1524308614,BMW 320I 320i 2020,179900,BMW,320I,320i,2020,90200,Gasolina,Automático,Branco,SP,Americana,Jardim São Domingos,N/A,19,Não,Sim,Não,"air bag, ar condicionado, alarme, bancos de couro, câmera de ré, computador de bordo, controle automático de velocidade, navegador gps, rodas de liga leve, sensor de ré, som, teto solar, trava elétrica, vidro elétrico, volante multifuncional",https://sp.olx.com.br/grande-campinas/autos-e-pecas/carros-vans-e-utilitarios/bmw-320i-320i-2020-1524308614
1524295917,BMW 320I A 2.0 Turbo/activeflex 16V 184cv 4P 2021,179900,BMW,320I,A 2.0 Turbo/activeflex 16V 184cv 4P,2021,74000,Flex,Automático,Preto,SP,Ribeirão Preto,Jardim Botânico,N/A,16,N/A,Não,Não,"air bag, ar condicionado, alarme, bancos de couro, câmera de ré, computador de bordo, conexão usb, controle automático de velocidade, navegador gps, rodas de liga leve, sensor de ré, trava elétrica, vidro elétrico, volante multifuncional",https://sp.olx.com.br/regiao-de-ribeirao-preto/autos-e-pecas/carros-vans-e-utilitarios/bmw-320i-a-2-0-turbo-activeflex-16v-184cv-4p-2021-1524295917
1524285268,BMW X6 M Competition 4.4 V8 Bi-TB (hib) Aut. 2023,719900,BMW,X6,M Competition 4.4 V8 Bi-TB (hib) Aut.,2023,22000,Gasolina,Automático,Preto,SP,São Caetano do Sul,Barcelona,N/A,11,Não,Sim,Não,"air bag, ar condicionado, alarme, bancos de couro, blindado, câmera de ré, computador de bordo, conexão usb, controle automático de velocidade, navegador gps, rodas de liga leve, sensor de ré, som, teto solar, tração 4x4, trava elétrica, vidro elétrico, volante multifuncional",https://sp.olx.com.br/sao-paulo-e-regiao/autos-e-pecas/carros-vans-e-utilitarios/bmw-x6-m-competition-4-4-v8-bi-tb-hib-aut-2023-1524285268
1524209748,BMW 218I Gran Coupe Sport GP 1.5 Bi-turbo 2022,165000,BMW,218I,Gran Coupe Sport GP 1.5 Bi-turbo,2022,41000,Gasolina,Automático,Preto,SP,São Paulo,Interlagos,N/A,11,Não,Sim,Não,"air bag, ar condicionado, alarme, câmera de ré, computador de bordo, conexão usb, controle automático de velocidade, interface bluetooth, navegador gps, rodas de liga leve, sensor de ré, som, teto solar, trava elétrica, vidro elétrico, volante multifuncional",https://sp.olx.com.br/sao-paulo-e-regiao/autos-e-pecas/carros-vans-e-utilitarios/bmw-218i-gran-coupe-sport-gp-1-5-bi-turbo-2022-1524209748
1522628627,BMW 118I Sport 1.5 TB 12V Aut. 5P 2020,125000,BMW,118I,Sport 1.5 TB 12V Aut. 5P,2020,122000,Gasolina,Automático,Preto,SP,Mogi das Cruzes,Mogi Moderno,N/A,11,N/A,Sim,Não,"air bag, controle automático de velocidade, rodas de liga leve",https://sp.olx.com.br/sao-paulo-e-regiao/autos-e-pecas/carros-vans-e-utilitarios/bmw-118i-sport-1-5-tb-12v-aut-5p-2020-1522628627
1524147636,BMW 320I A 2.0 TB M Sport Activeflex 16V 4P 2023,248900,BMW,320I,A 2.0 TB M Sport Activeflex 16V 4P,2023,48359,Flex,Automático,Branco,SP,Ribeirão Preto,Nova Aliança,N/A,16,N/A,Não,Não,"air bag, ar condicionado, alarme, bancos de couro, câmera de ré, computador de bordo, conexão usb, controle automático de velocidade, navegador gps, rodas de liga leve, sensor de ré, som, teto solar, trava elétrica, vidro elétrico, volante multifuncional",https://sp.olx.com.br/regiao-de-ribeirao-preto/autos-e-pecas/carros-vans-e-utilitarios/bmw-320i-a-2-0-tb-m-sport-activeflex-16v-4p-2023-1524147636
1524126304,BMW X3 M Competition 3.0 Bi-TB V6 510cv AUT 2021,469900,BMW,X3,M Competition 3.0 Bi-TB V6 510cv AUT,2021,49000,Gasolina,Automático,Preto,SP,São Caetano do Sul,Santo Antônio,N/A,11,Sim,Sim,Não,"air bag, ar condicionado, alarme, bancos de couro, blindado, câmera de ré, computador de bordo, conexão usb, controle automático de velocidade, navegador gps, rodas de liga leve, sensor de ré, som, teto solar, tração 4x4, trava elétrica, vidro elétrico, volante multifuncional",https://sp.olx.com.br/sao-paulo-e-regiao/autos-e-pecas/carros-vans-e-utilitarios/bmw-x3-m-competition-3-0-bi-tb-v6-510cv-aut-2021-1524126304
1488171583,BMW 320I A 2.0 TB M Sport Activeflex 16V 4P 2024,299900,BMW,320I,A 2.0 TB M Sport Activeflex 16V 4P,2024,11806,Flex,Automático,Azul,SP,Sorocaba,Vila Assis,N/A,15,Sim,Sim,Não,"air bag, ar condicionado, alarme, bancos de couro, câmera de ré, computador de bordo, conexão usb, controle automático de velocidade, interface bluetooth, navegador gps, rodas de liga leve, sensor de ré, som, teto solar, trava elétrica, vidro elétrico, volante multifuncional",https://sp.olx.com.br/regiao-de-sorocaba/autos-e-pecas/carros-vans-e-utilitarios/bmw-320i-a-2-0-tb-m-sport-activeflex-16v-4p-2024-1488171583
1524118114,BMW X3 Xdrive 30E X-line Turbo Híbrido AU 2022,300000,BMW,X3,Xdrive 30E X-line Turbo Híbrido AU,2022,35470,Híbrido,Automático,Preto,SP,São Paulo,Vila Leopoldina,N/A,11,Não,Sim,Não,"air bag, ar condicionado, alarme, bancos de couro, blindado, câmera de ré, computador de bordo, conexão usb, controle automático de velocidade, navegador gps, rodas de liga leve, sensor de ré, som, teto solar, tração 4x4, trava elétrica, vidro elétrico, volante multifuncional",https://sp.olx.com.br/sao-paulo-e-regiao/autos-e-pecas/carros-vans-e-utilitarios/bmw-x3-xdrive-30e-x-line-turbo-hibrido-au-2022-1524118114
1524115156,BMW X2 Sdrive 18I 1.5 Activeflex 136cv Aut. 2020,136900,BMW,X2,Sdrive 18I 1.5 Activeflex 136cv Aut.,2020,80000,Flex,Automático,Preto,SP,Guarulhos,Jardim Bom Clima,N/A,11,Não,Sim,Não,"air bag, ar condicionado, alarme, bancos de couro, câmera de ré, computador de bordo, conexão usb, controle automático de velocidade, interface bluetooth, navegador gps, rodas de liga leve, sensor de ré, som, trava elétrica, vidro elétrico, volante multifuncional",https://sp.olx.com.br/sao-paulo-e-regiao/autos-e-pecas/carros-vans-e-utilitarios/bmw-x2-sdrive-18i-1-5-activeflex-136cv-aut-2020-1524115156
1524109984,BMW I3 BEV Full 170cv Aut. (elétrico) 2022,167900,BMW,I3,BEV Full 170cv Aut. (elétrico),2022,29595,Elétrico,Automático,Cinza,SP,São Paulo,Imirim,N/A,11,Sim,Sim,Não,"air bag, ar condicionado, alarme, bancos de couro, câmera de ré, computador de bordo, conexão usb, controle automático de velocidade, interface bluetooth, navegador gps, rodas de liga leve, sensor de ré, som, teto solar, trava elétrica, vidro elétrico, volante multifuncional",https://sp.olx.com.br/sao-paulo-e-regiao/autos-e-pecas/carros-vans-e-utilitarios/bmw-i3-bev-full-170cv-aut-eletrico-2022-1524109984
1524102023,BMW X1 Sdrive 20I M Sport 2.0 TB Aut. 2026,449990,BMW,X1,Sdrive 20I M Sport 2.0 TB Aut.,2026,0,Gasolina,Automático,Preto,SP,São Caetano do Sul,Santa Paula,N/A,11,Sim,Não,Não,"air bag, ar condicionado, alarme, bancos de couro, blindado, câmera de ré, computador de bordo, conexão usb, controle automático de velocidade, navegador gps, rodas de liga leve, sensor de ré, som, teto solar, trava elétrica, vidro elétrico, volante multifuncional",https://sp.olx.com.br/sao-paulo-e-regiao/autos-e-pecas/carros-vans-e-utilitarios/bmw-x1-sdrive-20i-m-sport-2-0-tb-aut-2026-1524102023
1524099003,BMW X1 Sdrive 20I M Sport 2.0 TB Aut. 2025,314900,BMW,X1,Sdrive 20I M Sport 2.0 TB Aut.,2025,7881,Gasolina,Automático,Azul,SP,São Paulo,Saúde,N/A,11,N/A,Não,Não,"air bag, ar condicionado, alarme, bancos de couro, câmera de ré, computador de bordo, conexão usb, controle automático de velocidade, navegador gps, rodas de liga leve, sensor de ré, som, teto solar, trava elétrica, vidro elétrico, volante multifuncional",https://sp.olx.com.br/sao-paulo-e-regiao/autos-e-pecas/carros-vans-e-utilitarios/bmw-x1-sdrive-20i-m-sport-2-0-tb-aut-2025-1524099003
1524072369,BMW X3 Xdrive 30E M Sport Turbo Híbrido Aut. 2022,279990,BMW,X3,Xdrive 30E M Sport Turbo Híbrido Aut.,2022,78000,Híbrido,Automático,Azul,SP,Campinas,Jardim Guanabara,N/A,19,N/A,Sim,Não,"air bag, ar condicionado, alarme, bancos de couro, câmera de ré, computador de bordo, conexão usb, controle automático de velocidade, navegador gps, rodas de liga leve, sensor de ré, som, teto solar, tração 4x4, trava elétrica, vidro elétrico, volante multifuncional",https://sp.olx.com.br/grande-campinas/autos-e-pecas/carros-vans-e-utilitarios/bmw-x3-xdrive-30e-m-sport-turbo-hibrido-aut-2022-1524072369
1460581405,BMW IX XDrive 40 Aut. (elétrico) 2023,519990,BMW,IX XDrive 40,Aut. (elétrico),2023,1500,Flex,Automático,Azul,SP,Piracicaba,Morumbi,N/A,19,N/A,Não,Não,"air bag, ar condicionado, alarme, bancos de couro, câmera de ré, computador de bordo, conexão usb, controle automático de velocidade, navegador gps, rodas de liga leve, sensor de ré, som, tração 4x4, trava elétrica, vidro elétrico, volante multifuncional",https://sp.olx.com.br/grande-campinas/autos-e-pecas/carros-vans-e-utilitarios/bmw-ix-xdrive-40-aut-eletrico-2023-1460581405
1463170387,BMW X4 M40i 3.0 Turbo V6 360cv Aut. 2020,419990,BMW,X4,M40i 3.0 Turbo V6 360cv Aut.,2020,26000,Gasolina,Automático,Preto,SP,Piracicaba,Morumbi,N/A,19,N/A,Não,Não,"air bag, ar condicionado, alarme, bancos de couro, câmera de ré, computador de bordo, conexão usb, controle automático de velocidade, navegador gps, rodas de liga leve, sensor de ré, teto solar, tração 4x4, trava elétrica, vidro elétrico, volante multifuncional",https://sp.olx.com.br/grande-campinas/autos-e-pecas/carros-vans-e-utilitarios/bmw-x4-m40i-3-0-turbo-v6-360cv-aut-2020-1463170387
1463237482,BMW 320I A 2.0 Turbo/activeflex 16V 184cv 4P 2025,319950,BMW,320I,A 2.0 Turbo/activeflex 16V 184cv 4P,2025,2500,Flex,Automático,Preto,SP,Piracicaba,Morumbi,N/A,19,N/A,Não,Não,"air bag, sensor de ré, som, vidro elétrico",https://sp.olx.com.br/grande-campinas/autos-e-pecas/carros-vans-e-utilitarios/bmw-320i-a-2-0-turbo-activeflex-16v-184cv-4p-2025-1463237482
1503028324,BMW X1 Sdrive 20I M Sport 2.0 TB Aut. 2022,189990,BMW,X1,Sdrive 20I M Sport 2.0 TB Aut.,2022,45617,Gasolina,Automático,Branco,SP,Campinas,Parque Itália,N/A,19,N/A,Não,Não,N/A,https://sp.olx.com.br/grande-campinas/autos-e-pecas/carros-vans-e-utilitarios/bmw-x1-sdrive-20i-m-sport-2-0-tb-aut-2022-1503028324
1462519316,BMW X5 Xdrive 50E 3.0 M Sport Aut. (hibrido) 2025,619490,BMW,X5,Xdrive 50E 3.0 M Sport Aut. (hibrido),2025,18000,Híbrido,Automático,Preto,SP,Sorocaba,Boa Vista,N/A,15,N/A,Não,Não,"air bag, ar condicionado, alarme, bancos de couro, câmera de ré, computador de bordo, conexão usb, controle automático de velocidade, navegador gps, rodas de liga leve, sensor de ré, som, teto solar, tração 4x4, trava elétrica, vidro elétrico, volante multifuncional",https://sp.olx.com.br/regiao-de-sorocaba/autos-e-pecas/carros-vans-e-utilitarios/bmw-x5-xdrive-50e-3-0-m-sport-aut-hibrido-2025-1462519316
1444822938,BMW X1 Sdrive 20I M Sport 2.0 TB Aut. 2026,369950,BMW,X1,Sdrive 20I M Sport 2.0 TB Aut.,2026,0,Gasolina,Automático,Azul,SP,Sorocaba,Boa Vista,N/A,15,N/A,Não,Não,"air bag, ar condicionado, câmera de ré, sensor de ré, som, trava elétrica, vidro elétrico",https://sp.olx.com.br/regiao-de-sorocaba/autos-e-pecas/carros-vans-e-utilitarios/bmw-x1-sdrive-20i-m-sport-2-0-tb-aut-2026-1444822938
1514314966,BMW 320I A 2.0 TB M Sport Activeflex 16V 4P 2025,309990,BMW,320I,A 2.0 TB M Sport Activeflex 16V 4P,2025,25879,Flex,Automático,Cinza,SP,Itu,Centro,N/A,11,Sim,Não,Não,"air bag, rodas de liga leve",https://sp.olx.com.br/sao-paulo-e-regiao/autos-e-pecas/carros-vans-e-utilitarios/bmw-320i-a-2-0-tb-m-sport-activeflex-16v-4p-2025-1514314966
1524002537,BMW X3 Xdrive 30E Turbo Híbrido AUT 2024,370000,BMW,X3,Xdrive 30E Turbo Híbrido AUT,2024,49475,Híbrido,Automático,Cinza,SP,Jundiaí,Ponte de Campinas,N/A,11,N/A,Não,Não,"air bag, ar condicionado, alarme, blindado, câmera de ré, som, trava elétrica, vidro elétrico",https://sp.olx.com.br/sao-paulo-e-regiao/autos-e-pecas/carros-vans-e-utilitarios/bmw-x3-xdrive-30e-turbo-hibrido-aut-2024-1524002537
1507887115,BMW X5 Xdrive M50d 3.0 381cv Diesel 2020,389990,BMW,X5,Xdrive M50d 3.0 381cv Diesel,2020,68000,Diesel,Automático,Preto,SP,Campinas,Cambuí,N/A,19,Sim,Sim,Não,"air bag, ar condicionado, alarme, bancos de couro, câmera de ré, computador de bordo, conexão usb, controle automático de velocidade, interface bluetooth, navegador gps, rodas de liga leve, sensor de ré, som, teto solar, tração 4x4, trava elétrica, vidro elétrico, volante multifuncional",https://sp.olx.com.br/grande-campinas/autos-e-pecas/carros-vans-e-utilitarios/bmw-x5-xdrive-m50d-3-0-381cv-diesel-2020-1507887115
1426988335,BMW 320i M Sport 2022 BLINDADO ,270000,BMW,320I,A 2.0 TB M Sport Activeflex 16V 4P,2022,37000,Gasolina,Automático,Branco,SP,São Bernardo do Campo,Rudge Ramos,N/A,11,Sim,Sim,Não,"air bag, ar condicionado, alarme, bancos de couro, blindado, câmera de ré, computador de bordo, conexão usb, controle automático de velocidade, interface bluetooth, navegador gps, rodas de liga leve, sensor de ré, som, teto solar, trava elétrica, vidro elétrico, volante multifuncional",https://sp.olx.com.br/sao-paulo-e-regiao/autos-e-pecas/carros-vans-e-utilitarios/bmw-320i-m-sport-2022-blindado-1426988335
1523831735,BMW 320I 320i 2024,284900,BMW,320I,320i,2024,39000,Flex,Automático,Cinza,SP,São José do Rio Preto,Pinheiros,N/A,17,Sim,Sim,Não,"air bag, ar condicionado, alarme, bancos de couro, câmera de ré, computador de bordo, controle automático de velocidade, navegador gps, rodas de liga leve, sensor de ré, som, teto solar, trava elétrica, vidro elétrico, volante multifuncional",https://sp.olx.com.br/regiao-de-sao-jose-do-rio-preto/autos-e-pecas/carros-vans-e-utilitarios/bmw-320i-320i-2024-1523831735
1523823433,BMW 320I 320i 2022,196889,BMW,320I,320i,2022,55280,Flex,Automático,Branco,SP,Taboão da Serra,Vila Iasi,N/A,11,Não,Não,Não,"air bag, ar condicionado, bancos de couro, câmera de ré, computador de bordo, conexão usb, controle automático de velocidade, rodas de liga leve, som, trava elétrica, vidro elétrico, volante multifuncional",https://sp.olx.com.br/sao-paulo-e-regiao/autos-e-pecas/carros-vans-e-utilitarios/bmw-320i-320i-2022-1523823433
1523760289,BMW 320I A 2.0 Turbo/activeflex 16V 184cv 4P 2021,198990,BMW,320I,A 2.0 Turbo/activeflex 16V 184cv 4P,2021,70000,Flex,Automático,Cinza,SP,Barueri,Alphaville Centro Industrial e Empresarial/Alphaville.,N/A,11,N/A,Sim,Não,"air bag, ar condicionado, alarme, bancos de couro, câmera de ré, computador de bordo, conexão usb, controle automático de velocidade, interface bluetooth, navegador gps, rodas de liga leve, sensor de ré, som, teto solar, trava elétrica, vidro elétrico, volante multifuncional",https://sp.olx.com.br/sao-paulo-e-regiao/autos-e-pecas/carros-vans-e-utilitarios/bmw-320i-a-2-0-turbo-activeflex-16v-184cv-4p-2021-1523760289
1523754929,BMW X3 Xdrive 30E X-line Turbo Híbrido AU 2023,248900,BMW,X3,Xdrive 30E X-line Turbo Híbrido AU,2023,66000,Híbrido,Automático,Branco,SP,São José do Rio Preto,Pinheiros,N/A,17,Sim,Sim,Não,"air bag, ar condicionado, alarme, bancos de couro, câmera de ré, computador de bordo, conexão usb, controle automático de velocidade, navegador gps, rodas de liga leve, sensor de ré, som, teto solar, tração 4x4, trava elétrica, vidro elétrico, volante multifuncional",https://sp.olx.com.br/regiao-de-sao-jose-do-rio-preto/autos-e-pecas/carros-vans-e-utilitarios/bmw-x3-xdrive-30e-x-line-turbo-hibrido-au-2023-1523754929
1523752103,BMW 320I A 2.0 TB M Sport Activeflex 16V 4P 2020,195000,BMW,320I,A 2.0 TB M Sport Activeflex 16V 4P,2020,51600,Gasolina,Automático,N/A,SP,São Paulo,Jardim Popular,N/A,11,N/A,Sim,Não,"air bag, ar condicionado, alarme, bancos de couro, câmera de ré, computador de bordo, conexão usb, controle automático de velocidade, navegador gps, rodas de liga leve, sensor de ré, som, teto solar, trava elétrica, vidro elétrico, volante multifuncional",https://sp.olx.com.br/sao-paulo-e-regiao/autos-e-pecas/carros-vans-e-utilitarios/bmw-320i-a-2-0-tb-m-sport-activeflex-16v-4p-2020-1523752103
1467916818,BMW 320I A 2.0 TB M Sport Activeflex 16V 4P 2025,315000,BMW,320I,A 2.0 TB M Sport Activeflex 16V 4P,2025,13000,Flex,Automático,Branco,SP,São José do Rio Preto,Jardim Maracanã,N/A,17,N/A,Não,Não,N/A,https://sp.olx.com.br/regiao-de-sao-jose-do-rio-preto/autos-e-pecas/carros-vans-e-utilitarios/bmw-320i-a-2-0-tb-m-sport-activeflex-16v-4p-2025-1467916818
1523703052,BMW 330E M Sport 2.0 Turbo Híbrido AU 2024,289990,BMW,330E,M Sport 2.0 Turbo Híbrido AU,2024,11647,Híbrido,Automático,Azul,SP,São Paulo,Imirim,N/A,11,Sim,Não,Não,"air bag, ar condicionado, alarme, bancos de couro, câmera de ré, computador de bordo, conexão usb, controle automático de velocidade, navegador gps, rodas de liga leve, sensor de ré, som, teto solar, trava elétrica, vidro elétrico, volante multifuncional",https://sp.olx.com.br/sao-paulo-e-regiao/autos-e-pecas/carros-vans-e-utilitarios/bmw-330e-m-sport-2-0-turbo-hibrido-au-2024-1523703052
1523689340,BMW 118I M Sport 1.5 TB 12V Aut. 5P 2023,209900,BMW,118I,M Sport 1.5 TB 12V Aut. 5P,2023,24000,Gasolina,Automático,Branco,SP,Presidente Prudente,Jardim Cambuy,N/A,18,Sim,Sim,Não,"air bag, ar condicionado, alarme, bancos de couro, câmera de ré, computador de bordo, conexão usb, controle automático de velocidade, interface bluetooth, navegador gps, rodas de liga leve, sensor de ré, som, teto solar, trava elétrica, vidro elétrico, volante multifuncional",https://sp.olx.com.br/regiao-de-presidente-prudente/autos-e-pecas/carros-vans-e-utilitarios/bmw-118i-m-sport-1-5-tb-12v-aut-5p-2023-1523689340
1521242547,BMW 320I A Modern/sport TB 2.0/a.flex 16V 4P 2020,183900,BMW,320I,A Modern/sport TB 2.0/a.flex 16V 4P,2020,61000,Gasolina,Automático,Preto,SP,São Paulo,Higienópolis,N/A,11,Sim,Sim,Não,"air bag, ar condicionado, alarme, bancos de couro, câmera de ré, computador de bordo, conexão usb, controle automático de velocidade, interface bluetooth, rodas de liga leve, sensor de ré, teto solar, trava elétrica, vidro elétrico, volante multifuncional",https://sp.olx.com.br/sao-paulo-e-regiao/autos-e-pecas/carros-vans-e-utilitarios/bmw-320i-a-modern-sport-tb-2-0-a-flex-16v-4p-2020-1521242547
1523519383,BMW X1 Sdrive 20I X-line 2.0 TB Aut. 2023,249990,BMW,X1,Sdrive 20I X-line 2.0 TB Aut.,2023,32000,Gasolina,Automático,Preto,SP,Barueri,Alphaville Centro Industrial e Empresarial/Alphaville.,N/A,11,Sim,Sim,Não,"air bag, ar condicionado, alarme, bancos de couro, câmera de ré, computador de bordo, conexão usb, controle automático de velocidade, navegador gps, rodas de liga leve, sensor de ré, teto solar, trava elétrica, vidro elétrico, volante multifuncional",https://sp.olx.com.br/sao-paulo-e-regiao/autos-e-pecas/carros-vans-e-utilitarios/bmw-x1-sdrive-20i-x-line-2-0-tb-aut-2023-1523519383
1523505141,BMW 320I A Modern/sport TB 2.0/a.flex 16V 4P 2024,271900,BMW,320I,A Modern/sport TB 2.0/a.flex 16V 4P,2024,20000,Flex,Automático,Azul,SP,São Paulo,Nova Piraju,N/A,11,Sim,Sim,Não,"air bag, ar condicionado, alarme, bancos de couro, câmera de ré, computador de bordo, conexão usb, controle automático de velocidade, navegador gps, rodas de liga leve, sensor de ré, teto solar, trava elétrica, vidro elétrico, volante multifuncional",https://sp.olx.com.br/sao-paulo-e-regiao/autos-e-pecas/carros-vans-e-utilitarios/bmw-320i-a-modern-sport-tb-2-0-a-flex-16v-4p-2024-1523505141
1523501005,BMW X3 M40i 3.0 Turbo V6 360cv Aut. 2022,380000,BMW,X3,M40i 3.0 Turbo V6 360cv Aut.,2022,42000,Gasolina,Automático,Preto,SP,Pereira Barreto,,N/A,18,Não,Sim,Não,"air bag, ar condicionado, alarme, bancos de couro, câmera de ré, computador de bordo, conexão usb, controle automático de velocidade, navegador gps, rodas de liga leve, sensor de ré, som, teto solar, tração 4x4, trava elétrica, vidro elétrico, volante multifuncional",https://sp.olx.com.br/regiao-de-presidente-prudente/autos-e-pecas/carros-vans-e-utilitarios/bmw-x3-m40i-3-0-turbo-v6-360cv-aut-2022-1523501005
1523488375,BMW 330E M Sport 2.0 Turbo Híbrido AU 2023,284900,BMW,330E,M Sport 2.0 Turbo Híbrido AU,2023,62000,Gasolina,Automático,Azul,SP,Mogi das Cruzes,Jardim Armênia,N/A,11,N/A,Não,Não,"air bag, ar condicionado, alarme, bancos de couro, câmera de ré, computador de bordo, conexão usb, controle automático de velocidade, navegador gps, rodas de liga leve, sensor de ré, som, teto solar, trava elétrica, vidro elétrico, volante multifuncional",https://sp.olx.com.br/sao-paulo-e-regiao/autos-e-pecas/carros-vans-e-utilitarios/bmw-330e-m-sport-2-0-turbo-hibrido-au-2023-1523488375
1523439979,BMW X6 2021,539890,BMW,X6,,2021,25698,Gasolina,,N/A,SP,São Bernardo do Campo,Centro,N/A,11,N/A,Não,Não,"air bag, ar condicionado, alarme, som, trava elétrica, vidro elétrico",https://sp.olx.com.br/sao-paulo-e-regiao/autos-e-pecas/carros-vans-e-utilitarios/bmw-x6-2021-1523439979
1523439326,BMW X2 Sdrive 18I 1.5 Activeflex 136cv Aut. 2020,132910,BMW,X2,Sdrive 18I 1.5 Activeflex 136cv Aut.,2020,50000,Flex,Automático,Branco,SP,Americana,Jardim Terramérica III,N/A,19,Não,Sim,Não,"air bag, ar condicionado, alarme, bancos de couro, câmera de ré, computador de bordo, conexão usb, controle automático de velocidade, navegador gps, rodas de liga leve, sensor de ré, trava elétrica, vidro elétrico, volante multifuncional",https://sp.olx.com.br/grande-campinas/autos-e-pecas/carros-vans-e-utilitarios/bmw-x2-sdrive-18i-1-5-activeflex-136cv-aut-2020-1523439326
1507541840,BMW 320I A 2.0 Turbo/activeflex 16V 184cv 4P 2021,165900,BMW,320I,A 2.0 Turbo/activeflex 16V 184cv 4P,2021,81000,Flex,Automático,Cinza,SP,Ribeirão Preto,Vila do Golfe,N/A,16,N/A,Sim,Não,"air bag, ar condicionado, alarme, bancos de couro, câmera de ré, computador de bordo, conexão usb, controle automático de velocidade, navegador gps, rodas de liga leve, sensor de ré, trava elétrica, vidro elétrico, volante multifuncional",https://sp.olx.com.br/regiao-de-ribeirao-preto/autos-e-pecas/carros-vans-e-utilitarios/bmw-320i-a-2-0-turbo-activeflex-16v-184cv-4p-2021-1507541840
1523404596,BMW 320I 320i 2022,204890,BMW,320I,320i,2022,46581,Flex,Automático,Cinza,SP,Sorocaba,Jardim Residencial Martinez,N/A,15,Sim,Sim,Não,"air bag, ar condicionado, alarme, bancos de couro, câmera de ré, computador de bordo, conexão usb, controle automático de velocidade, navegador gps, rodas de liga leve, sensor de ré, som, teto solar, trava elétrica, vidro elétrico, volante multifuncional",https://sp.olx.com.br/regiao-de-sorocaba/autos-e-pecas/carros-vans-e-utilitarios/bmw-320i-320i-2022-1523404596
1499933549,BMW X6 Xdrive 40I M Sport 3.0 Bi-turbo 2022,515000,BMW,X6,Xdrive 40I M Sport 3.0 Bi-turbo,2022,27000,Gasolina,Automático,Preto,SP,São Paulo,Carandiru,N/A,11,Não,Sim,Não,"air bag, ar condicionado, alarme, bancos de couro, câmera de ré, computador de bordo, conexão usb, controle automático de velocidade, navegador gps, rodas de liga leve, sensor de ré, som, teto solar, tração 4x4, trava elétrica, vidro elétrico, volante multifuncional",https://sp.olx.com.br/sao-paulo-e-regiao/autos-e-pecas/carros-vans-e-utilitarios/bmw-x6-xdrive-40i-m-sport-3-0-bi-turbo-2022-1499933549
1523274001,BMW X1 Sdrive 20I X-line 2.0 TB Active Flex 2020,149590,BMW,X1,Sdrive 20I X-line 2.0 TB Active Flex,2020,67000,Flex,Automático,Branco,SP,São Carlos,Centro,N/A,16,N/A,Sim,Não,"air bag, ar condicionado, alarme, bancos de couro, câmera de ré, computador de bordo, conexão usb, controle automático de velocidade, interface bluetooth, navegador gps, rodas de liga leve, sensor de ré, som, teto solar, trava elétrica, vidro elétrico, volante multifuncional",https://sp.olx.com.br/regiao-de-ribeirao-preto/autos-e-pecas/carros-vans-e-utilitarios/bmw-x1-sdrive-20i-x-line-2-0-tb-active-flex-2020-1523274001
1523144427,BMW 320I A 2.0 TB M Sport Activeflex 16V 4P 2024,272900,BMW,320I,A 2.0 TB M Sport Activeflex 16V 4P,2024,33000,Flex,Automático,Preto,SP,Jundiaí,Parque Brasília,N/A,11,Sim,Sim,Não,"air bag, ar condicionado, alarme, bancos de couro, câmera de ré, computador de bordo, conexão usb, controle automático de velocidade, navegador gps, rodas de liga leve, sensor de ré, som, teto solar, trava elétrica, vidro elétrico, volante multifuncional",https://sp.olx.com.br/sao-paulo-e-regiao/autos-e-pecas/carros-vans-e-utilitarios/bmw-320i-a-2-0-tb-m-sport-activeflex-16v-4p-2024-1523144427
1523039925,BMW X1 Sdrive 20I X-line 2.0 TB Active Flex 2021,139000,BMW,X1,Sdrive 20I X-line 2.0 TB Active Flex,2021,92000,Flex,Automático,Azul,SP,Jundiaí,Centro,N/A,11,Não,Sim,Sim,"air bag, ar condicionado, alarme, bancos de couro, câmera de ré, computador de bordo, conexão usb, controle automático de velocidade, navegador gps, rodas de liga leve, sensor de ré, teto solar, trava elétrica, vidro elétrico, volante multifuncional",https://sp.olx.com.br/sao-paulo-e-regiao/autos-e-pecas/carros-vans-e-utilitarios/bmw-x1-sdrive-20i-x-line-2-0-tb-active-flex-2021-1523039925
1476857198,BMW 420I Cabriolet M Sport 2.0 TB 16V 2P. 2026,455000,BMW,420I,Cabriolet M Sport 2.0 TB 16V 2P.,2026,3000,Flex,Automático,Azul,SP,São Joaquim da Barra,,N/A,16,Sim,Sim,Não,"air bag, ar condicionado, alarme, bancos de couro, câmera de ré, computador de bordo, conexão usb, controle automático de velocidade, interface bluetooth, navegador gps, rodas de liga leve, sensor de ré, som, trava elétrica, vidro elétrico, volante multifuncional",https://sp.olx.com.br/regiao-de-ribeirao-preto/autos-e-pecas/carros-vans-e-utilitarios/bmw-420i-cabriolet-m-sport-2-0-tb-16v-2p-2026-1476857198
1523008692,BMW 320I A 2.0 TB M Sport Activeflex 16V 4P 2020,186900,BMW,320I,A 2.0 TB M Sport Activeflex 16V 4P,2020,63000,Gasolina,Automático,Branco,SP,São Paulo,Cidade São Francisco,N/A,11,Não,Sim,Não,"air bag, ar condicionado, alarme, bancos de couro, câmera de ré, computador de bordo, conexão usb, controle automático de velocidade, navegador gps, rodas de liga leve, sensor de ré, som, teto solar, trava elétrica, vidro elétrico, volante multifuncional",https://sp.olx.com.br/sao-paulo-e-regiao/autos-e-pecas/carros-vans-e-utilitarios/bmw-320i-a-2-0-tb-m-sport-activeflex-16v-4p-2020-1523008692
1523010167,BMW 320I A Modern/sport TB 2.0/a.flex 16V 4P 2024,287990,BMW,320I,A Modern/sport TB 2.0/a.flex 16V 4P,2024,28025,Flex,Automático,Branco,SP,Carapicuíba,Vila Municipal,N/A,11,N/A,Não,Não,"air bag, ar condicionado, alarme, bancos de couro, câmera de ré, computador de bordo, conexão usb, controle automático de velocidade, navegador gps, rodas de liga leve, sensor de ré, som, teto solar, trava elétrica, vidro elétrico, volante multifuncional",https://sp.olx.com.br/sao-paulo-e-regiao/autos-e-pecas/carros-vans-e-utilitarios/bmw-320i-a-modern-sport-tb-2-0-a-flex-16v-4p-2024-1523010167
1523003830,BMW 320I A Modern/sport TB 2.0/a.flex 16V 4P 2022,179900,BMW,320I,A Modern/sport TB 2.0/a.flex 16V 4P,2022,103,Flex,Automático,Branco,SP,Ribeirão Preto,Jardim Cybelli,N/A,16,Não,N/A,N/A,"air bag, ar condicionado, alarme, bancos de couro, câmera de ré, computador de bordo, conexão usb, controle automático de velocidade, interface bluetooth, navegador gps, rodas de liga leve, sensor de ré, som, teto solar, trava elétrica, vidro elétrico, volante multifuncional",https://sp.olx.com.br/regiao-de-ribeirao-preto/autos-e-pecas/carros-vans-e-utilitarios/bmw-320i-a-modern-sport-tb-2-0-a-flex-16v-4p-2022-1523003830
1522992564,BMW X1 Sdrive 20I X-line 2.0 TB Active Flex 2021,163000,BMW,X1,Sdrive 20I X-line 2.0 TB Active Flex,2021,90482,Flex,Automático,Branco,SP,Assis,Centro,N/A,18,Não,Sim,Não,"air bag, ar condicionado, alarme, bancos de couro, câmera de ré, computador de bordo, conexão usb, controle automático de velocidade, navegador gps, rodas de liga leve, sensor de ré, som, teto solar, trava elétrica, vidro elétrico, volante multifuncional",https://sp.olx.com.br/regiao-de-presidente-prudente/autos-e-pecas/carros-vans-e-utilitarios/bmw-x1-sdrive-20i-x-line-2-0-tb-active-flex-2021-1522992564
1509837512,BMW 320I A Modern/sport TB 2.0/a.flex 16V 4P 2023,271900,BMW,320I,A Modern/sport TB 2.0/a.flex 16V 4P,2023,54629,Flex,Automático,Cinza,SP,Sorocaba,Vila Assis,N/A,15,Não,Sim,Não,"air bag, ar condicionado, alarme, bancos de couro, câmera de ré, computador de bordo, conexão usb, controle automático de velocidade, interface bluetooth, navegador gps, rodas de liga leve, sensor de ré, som, teto solar, trava elétrica, vidro elétrico, volante multifuncional",https://sp.olx.com.br/regiao-de-sorocaba/autos-e-pecas/carros-vans-e-utilitarios/bmw-320i-a-modern-sport-tb-2-0-a-flex-16v-4p-2023-1509837512
1522969347,BMW 320I 320i 2026,349900,BMW,320I,320i,2026,21000,Flex,Automático,Azul,SP,Rio Claro,Zona Central,N/A,19,Não,Não,Não,"ar condicionado, ar condicionado, câmera de ré, trava elétrica, vidro elétrico",https://sp.olx.com.br/grande-campinas/autos-e-pecas/carros-vans-e-utilitarios/bmw-320i-320i-2026-1522969347
1522957791,BMW 320I 320i 2024,269900,BMW,320I,320i,2024,42000,Flex,Automático,Cinza,SP,Rio Claro,Zona Central,N/A,19,Não,Não,Não,"ar condicionado, ar condicionado, câmera de ré, trava elétrica, vidro elétrico",https://sp.olx.com.br/grande-campinas/autos-e-pecas/carros-vans-e-utilitarios/bmw-320i-320i-2024-1522957791
1479224390,BMW M3 Competition M 3.0 Bi-TB 510cv 2021,527900,BMW,M3,Competition M 3.0 Bi-TB 510cv,2021,28000,Gasolina,Automático,Preto,SP,São Paulo,Mooca,N/A,11,Não,Não,Não,"air bag, ar condicionado, alarme, bancos de couro, câmera de ré, computador de bordo, conexão usb, controle automático de velocidade, navegador gps, rodas de liga leve, sensor de ré, som, trava elétrica, vidro elétrico, volante multifuncional",https://sp.olx.com.br/sao-paulo-e-regiao/autos-e-pecas/carros-vans-e-utilitarios/bmw-m3-competition-m-3-0-bi-tb-510cv-2021-1479224390
1522861029,BMW X1 Sdrive 20I X-line 2.0 TB Active Flex 2022,190000,BMW,X1,Sdrive 20I X-line 2.0 TB Active Flex,2022,30000,Flex,Automático,Branco,SP,Osvaldo Cruz,,N/A,18,Sim,Sim,Não,"air bag, ar condicionado, alarme, bancos de couro, câmera de ré, computador de bordo, conexão usb, controle automático de velocidade, interface bluetooth, navegador gps, rodas de liga leve, sensor de ré, som, teto solar, trava elétrica, vidro elétrico, volante multifuncional",https://sp.olx.com.br/regiao-de-presidente-prudente/autos-e-pecas/carros-vans-e-utilitarios/bmw-x1-sdrive-20i-x-line-2-0-tb-active-flex-2022-1522861029
1522842801,BMW 320I A 2.0 TB M Sport Activeflex 16V 4P 2023,254800,BMW,320I,A 2.0 TB M Sport Activeflex 16V 4P,2023,85000,Flex,Automático,Cinza,SP,Sertãozinho,Conjunto Habitacional Antônio Nadaletto Mazzer,N/A,16,Sim,Sim,Não,"air bag, ar condicionado, alarme, bancos de couro, câmera de ré, computador de bordo, conexão usb, controle automático de velocidade, navegador gps, rodas de liga leve, sensor de ré, som, teto solar, trava elétrica, vidro elétrico, volante multifuncional",https://sp.olx.com.br/regiao-de-ribeirao-preto/autos-e-pecas/carros-vans-e-utilitarios/bmw-320i-a-2-0-tb-m-sport-activeflex-16v-4p-2023-1522842801
1491003707,BMW X3 Xdrive 30E Turbo Híbrido AUT 2021,224890,BMW,X3,Xdrive 30E Turbo Híbrido AUT,2021,48335,Híbrido,Automático,Preto,SP,São Paulo,Vila Regente Feijó,N/A,11,Não,Não,Não,"air bag, ar condicionado, alarme, bancos de couro, câmera de ré, computador de bordo, conexão usb, controle automático de velocidade, navegador gps, rodas de liga leve, sensor de ré, som, teto solar, tração 4x4, trava elétrica, vidro elétrico, volante multifuncional",https://sp.olx.com.br/sao-paulo-e-regiao/autos-e-pecas/carros-vans-e-utilitarios/bmw-x3-xdrive-30e-turbo-hibrido-aut-2021-1491003707
1521058784,BMW 320I A 2.0 TB M Sport Activeflex 16V 4P 2025,300000,BMW,320I,A 2.0 TB M Sport Activeflex 16V 4P,2025,16500,N/A,,Preto,SP,Barueri,Centro,N/A,11,Sim,Sim,Não,"air bag, ar condicionado, alarme, bancos de couro, câmera de ré, computador de bordo, conexão usb, controle automático de velocidade, interface bluetooth, navegador gps, rodas de liga leve, sensor de ré, som, teto solar, trava elétrica, vidro elétrico, volante multifuncional",https://sp.olx.com.br/sao-paulo-e-regiao/autos-e-pecas/carros-vans-e-utilitarios/bmw-320i-a-2-0-tb-m-sport-activeflex-16v-4p-2025-1521058784
1522801113,BMW M2 BMW Competition 3.0 Bi-turbo 410cv 2020,399000,BMW,M2,BMW Competition 3.0 Bi-turbo 410cv,2020,51800,Gasolina,Automático,Prata,SP,São José do Rio Preto,Jardim Maracanã,N/A,17,N/A,Não,Não,"air bag, ar condicionado, alarme, bancos de couro, câmera de ré, computador de bordo, conexão usb, controle automático de velocidade, navegador gps, rodas de liga leve, sensor de ré, teto solar, trava elétrica, vidro elétrico, volante multifuncional",https://sp.olx.com.br/regiao-de-sao-jose-do-rio-preto/autos-e-pecas/carros-vans-e-utilitarios/bmw-m2-bmw-competition-3-0-bi-turbo-410cv-2020-1522801113
1522760361,BMW 320I A Modern/sport TB 2.0/a.flex 16V 4P 2023,256990,BMW,320I,A Modern/sport TB 2.0/a.flex 16V 4P,2023,16819,Flex,Automático,Branco,SP,Santo André,Parque Jaçatuba,N/A,11,Sim,Sim,Não,"air bag, ar condicionado, alarme, bancos de couro, câmera de ré, computador de bordo, conexão usb, controle automático de velocidade, interface bluetooth, navegador gps, rodas de liga leve, sensor de ré, som, teto solar, trava elétrica, vidro elétrico, volante multifuncional",https://sp.olx.com.br/sao-paulo-e-regiao/autos-e-pecas/carros-vans-e-utilitarios/bmw-320i-a-modern-sport-tb-2-0-a-flex-16v-4p-2023-1522760361
1522758213,BMW 320I A 2.0 Turbo/activeflex 16V 184cv 4P 2024,279900,BMW,320I,A 2.0 Turbo/activeflex 16V 184cv 4P,2024,23000,Flex,Automático,Preto,SP,Vinhedo,Nova Vinhedo,N/A,19,Sim,Sim,Não,"air bag, ar condicionado, alarme, bancos de couro, câmera de ré, computador de bordo, conexão usb, controle automático de velocidade, navegador gps, rodas de liga leve, sensor de ré, som, trava elétrica, vidro elétrico, volante multifuncional",https://sp.olx.com.br/grande-campinas/autos-e-pecas/carros-vans-e-utilitarios/bmw-320i-a-2-0-turbo-activeflex-16v-184cv-4p-2024-1522758213
1522731379,BMW 320I 320i 2021,197890,BMW,320I,320i,2021,88000,Gasolina,Automático,Cinza,SP,São Paulo,Jardim Independência,N/A,11,N/A,Não,Não,"ar condicionado, alarme, câmera de ré, sensor de ré, trava elétrica, vidro elétrico",https://sp.olx.com.br/sao-paulo-e-regiao/autos-e-pecas/carros-vans-e-utilitarios/bmw-320i-320i-2021-1522731379
1522729810,BMW X5 Xdrive 50E 3.0 M Sport Aut. (hibrido) 2025,635000,BMW,X5,Xdrive 50E 3.0 M Sport Aut. (hibrido),2025,15830,Híbrido,Automático,Cinza,SP,Ribeirão Preto,Nova Aliança,N/A,16,N/A,Não,Não,"air bag, ar condicionado, alarme, bancos de couro, câmera de ré, computador de bordo, conexão usb, controle automático de velocidade, navegador gps, rodas de liga leve, sensor de ré, som, teto solar, tração 4x4, trava elétrica, vidro elétrico, volante multifuncional",https://sp.olx.com.br/regiao-de-ribeirao-preto/autos-e-pecas/carros-vans-e-utilitarios/bmw-x5-xdrive-50e-3-0-m-sport-aut-hibrido-2025-1522729810
1522727676,BMW 320I A Modern/sport TB 2.0/a.flex 16V 4P 2024,299900,BMW,320I,A Modern/sport TB 2.0/a.flex 16V 4P,2024,22000,Flex,Automático,Preto,SP,Guarulhos,Jardim Maia,N/A,11,Sim,Sim,Não,"air bag, ar condicionado, alarme, bancos de couro, blindado, câmera de ré, computador de bordo, conexão usb, controle automático de velocidade, navegador gps, rodas de liga leve, sensor de ré, som, teto solar, trava elétrica, vidro elétrico, volante multifuncional",https://sp.olx.com.br/sao-paulo-e-regiao/autos-e-pecas/carros-vans-e-utilitarios/bmw-320i-a-modern-sport-tb-2-0-a-flex-16v-4p-2024-1522727676
1522716581,BMW IX1 Xdrive 30 M Sport (elétrico) 2025,339990,BMW,IX1,Xdrive 30 M Sport (elétrico),2025,6039,Elétrico,Automático,Branco,SP,Valinhos,Vila Genoveva,N/A,19,Sim,Sim,Não,"alarme, controle automático de velocidade, rodas de liga leve",https://sp.olx.com.br/grande-campinas/autos-e-pecas/carros-vans-e-utilitarios/bmw-ix1-xdrive-30-m-sport-eletrico-2025-1522716581
1522715837,BMW X7 M60i 4.4 V8 Bi-TB Aut.(híbrido) 2024,689990,BMW,X7,M60i 4.4 V8 Bi-TB Aut.(híbrido),2024,61639,Gasolina,Automático,Azul,SP,Valinhos,Vila Genoveva,N/A,19,N/A,Sim,Não,"air bag, controle automático de velocidade, rodas de liga leve, tração 4x4",https://sp.olx.com.br/grande-campinas/autos-e-pecas/carros-vans-e-utilitarios/bmw-x7-m60i-4-4-v8-bi-tb-aut-hibrido-2024-1522715837
1488253013,BMW X1 Sdrive 20I M Sport 2.0 TB Aut. 2025,299980,BMW,X1,Sdrive 20I M Sport 2.0 TB Aut.,2025,38700,Gasolina,Automático,Preto,SP,Ribeirão Preto,Jardim Botânico,N/A,16,N/A,Não,Não,"air bag, ar condicionado, alarme, bancos de couro, câmera de ré, computador de bordo, conexão usb, controle automático de velocidade, navegador gps, rodas de liga leve, sensor de ré, som, teto solar, trava elétrica, vidro elétrico, volante multifuncional",https://sp.olx.com.br/regiao-de-ribeirao-preto/autos-e-pecas/carros-vans-e-utilitarios/bmw-x1-sdrive-20i-m-sport-2-0-tb-aut-2025-1488253013
1474551386,BMW 320I A 2.0 Turbo/activeflex 16V 184cv 4P 2021,160000,BMW,320I,A 2.0 Turbo/activeflex 16V 184cv 4P,2021,58000,Flex,Automático,Cinza,SP,São Bernardo do Campo,Jardim do Mar,N/A,11,N/A,Sim,Não,"air bag, ar condicionado, alarme, bancos de couro, câmera de ré, computador de bordo, conexão usb, controle automático de velocidade, interface bluetooth, navegador gps, rodas de liga leve, sensor de ré, som, trava elétrica, vidro elétrico, volante multifuncional",https://sp.olx.com.br/sao-paulo-e-regiao/autos-e-pecas/carros-vans-e-utilitarios/bmw-320i-a-2-0-turbo-activeflex-16v-184cv-4p-2021-1474551386
1522539399,BMW X1 Sdrive 20I X-line 2.0 TB Active Flex 2025,295900,BMW,X1,Sdrive 20I X-line 2.0 TB Active Flex,2025,26100,Gasolina,Automático,Verde,SP,Catanduva,Parque Iracema,N/A,17,Não,Não,Não,"air bag, alarme, sensor de ré, som, trava elétrica, vidro elétrico",https://sp.olx.com.br/regiao-de-sao-jose-do-rio-preto/autos-e-pecas/carros-vans-e-utilitarios/bmw-x1-sdrive-20i-x-line-2-0-tb-active-flex-2025-1522539399
1522530885,BMW X4 Xdrive 30I M-sport 2.0 TB. 252cv AUT 2021,255500,BMW,X4,Xdrive 30I M-sport 2.0 TB. 252cv AUT,2021,54215,Gasolina,Automático,Branco,SP,Santos,Paquetá,N/A,13,N/A,Sim,Não,"ar condicionado, alarme, bancos de couro, câmera de ré, computador de bordo, conexão usb, controle automático de velocidade, interface bluetooth, navegador gps, rodas de liga leve, sensor de ré, som, teto solar, tração 4x4, trava elétrica, vidro elétrico, volante multifuncional",https://sp.olx.com.br/baixada-santista-e-litoral-sul/autos-e-pecas/carros-vans-e-utilitarios/bmw-x4-xdrive-30i-m-sport-2-0-tb-252cv-aut-2021-1522530885
1522528330,BMW 320I A 2.0 TB M Sport Activeflex 16V 4P 2025,318900,BMW,320I,A 2.0 TB M Sport Activeflex 16V 4P,2025,20000,Flex,Automático,Cinza,SP,Campinas,Vila Nova,N/A,19,Sim,Sim,Não,"air bag, ar condicionado, alarme, bancos de couro, câmera de ré, computador de bordo, conexão usb, navegador gps, rodas de liga leve, sensor de ré, som, teto solar, trava elétrica, vidro elétrico, volante multifuncional",https://sp.olx.com.br/grande-campinas/autos-e-pecas/carros-vans-e-utilitarios/bmw-320i-a-2-0-tb-m-sport-activeflex-16v-4p-2025-1522528330
1522528333,BMW 320I A 2.0 TB M Sport Activeflex 16V 4P 2026,345900,BMW,320I,A 2.0 TB M Sport Activeflex 16V 4P,2026,1500,Flex,Automático,Cinza,SP,Campinas,Vila Nova,N/A,19,Sim,Não,Não,"air bag, ar condicionado, alarme, bancos de couro, câmera de ré, computador de bordo, conexão usb, controle automático de velocidade, navegador gps, rodas de liga leve, sensor de ré, som, teto solar, trava elétrica, vidro elétrico, volante multifuncional",https://sp.olx.com.br/grande-campinas/autos-e-pecas/carros-vans-e-utilitarios/bmw-320i-a-2-0-tb-m-sport-activeflex-16v-4p-2026-1522528333
1520757610,BMW 320I A 2.0 TB M Sport Activeflex 16V 4P 2020,187900,BMW,320I,A 2.0 TB M Sport Activeflex 16V 4P,2020,89800,Gasolina,Automático,Cinza,SP,Morro Agudo,Centro,N/A,16,N/A,Sim,Não,"air bag, ar condicionado, alarme, bancos de couro, câmera de ré, computador de bordo, conexão usb, controle automático de velocidade, interface bluetooth, navegador gps, rodas de liga leve, sensor de ré, som, teto solar, trava elétrica, vidro elétrico, volante multifuncional",https://sp.olx.com.br/regiao-de-ribeirao-preto/autos-e-pecas/carros-vans-e-utilitarios/bmw-320i-a-2-0-tb-m-sport-activeflex-16v-4p-2020-1520757610
1522495364,BMW 218I Gran Coupe Sport GP 1.5 Bi-turbo 2021,195900,BMW,218I,Gran Coupe Sport GP 1.5 Bi-turbo,2021,45000,Gasolina,Automático,Azul,SP,Guarulhos,Jardim Terezópolis,N/A,11,Não,Sim,Não,"air bag, ar condicionado, alarme, bancos de couro, câmera de ré, computador de bordo, conexão usb, controle automático de velocidade, interface bluetooth, navegador gps, rodas de liga leve, sensor de ré, som, trava elétrica, vidro elétrico, volante multifuncional",https://sp.olx.com.br/sao-paulo-e-regiao/autos-e-pecas/carros-vans-e-utilitarios/bmw-218i-gran-coupe-sport-gp-1-5-bi-turbo-2021-1522495364
1494085649,BMW 320I 320i 2023,255900,BMW,320I,320i,2023,34500,Flex,Automático,Azul,SP,Americana,Catharina Zanaga,N/A,19,N/A,Não,Não,"air bag, ar condicionado, alarme, câmera de ré, conexão usb, rodas de liga leve, sensor de ré, trava elétrica, vidro elétrico",https://sp.olx.com.br/grande-campinas/autos-e-pecas/carros-vans-e-utilitarios/bmw-320i-320i-2023-1494085649
1522449844,BMW 320I A 2.0 TB M Sport Activeflex 16V 4P 2024,276900,BMW,320I,A 2.0 TB M Sport Activeflex 16V 4P,2024,36400,Flex,Automático,Branco,SP,Americana,Catharina Zanaga,N/A,19,N/A,Não,Não,"air bag, ar condicionado, alarme, bancos de couro, câmera de ré, computador de bordo, conexão usb, controle automático de velocidade, navegador gps, rodas de liga leve, sensor de ré, som, teto solar, trava elétrica, vidro elétrico, volante multifuncional",https://sp.olx.com.br/grande-campinas/autos-e-pecas/carros-vans-e-utilitarios/bmw-320i-a-2-0-tb-m-sport-activeflex-16v-4p-2024-1522449844
1522440704,BMW 320I A Modern/sport TB 2.0/a.flex 16V 4P 2020,174900,BMW,320I,A Modern/sport TB 2.0/a.flex 16V 4P,2020,112000,Gasolina,Automático,Branco,SP,Ribeirão Preto,City Ribeirão,N/A,16,Não,Sim,Não,"air bag, ar condicionado, alarme, bancos de couro, câmera de ré, computador de bordo, conexão usb, controle automático de velocidade, rodas de liga leve, sensor de ré, trava elétrica, vidro elétrico, volante multifuncional",https://sp.olx.com.br/regiao-de-ribeirao-preto/autos-e-pecas/carros-vans-e-utilitarios/bmw-320i-a-modern-sport-tb-2-0-a-flex-16v-4p-2020-1522440704
1522428258,BMW X4 M40i 3.0 Turbo V6 360cv Aut. 2021,299890,BMW,X4,M40i 3.0 Turbo V6 360cv Aut.,2021,51000,Gasolina,Automático,Preto,SP,Campinas,Jardim Novo Campos Elíseos,N/A,19,Não,Sim,Não,"air bag, ar condicionado, alarme, bancos de couro, câmera de ré, computador de bordo, conexão usb, controle automático de velocidade, navegador gps, rodas de liga leve, sensor de ré, som, teto solar, tração 4x4, trava elétrica, vidro elétrico, volante multifuncional",https://sp.olx.com.br/grande-campinas/autos-e-pecas/carros-vans-e-utilitarios/bmw-x4-m40i-3-0-turbo-v6-360cv-aut-2021-1522428258
1506298673,BMW 320I A Modern/sport TB 2.0/a.flex 16V 4P 2020,191900,BMW,320I,A Modern/sport TB 2.0/a.flex 16V 4P,2020,65874,Gasolina,Automático,Cinza,SP,Jundiaí,Ponte de Campinas,N/A,11,N/A,Não,Não,"air bag, ar condicionado, alarme, bancos de couro, câmera de ré, computador de bordo, conexão usb, controle automático de velocidade, rodas de liga leve, sensor de ré, som, trava elétrica, vidro elétrico, volante multifuncional",https://sp.olx.com.br/sao-paulo-e-regiao/autos-e-pecas/carros-vans-e-utilitarios/bmw-320i-a-modern-sport-tb-2-0-a-flex-16v-4p-2020-1506298673
1511846074,BMW 320I A Modern/sport TB 2.0/a.flex 16V 4P 2024,268900,BMW,320I,A Modern/sport TB 2.0/a.flex 16V 4P,2024,23610,Flex,Automático,Branco,SP,Sorocaba,Vila Assis,N/A,15,N/A,Sim,Não,"air bag, ar condicionado, alarme, bancos de couro, câmera de ré, computador de bordo, conexão usb, controle automático de velocidade, navegador gps, rodas de liga leve, sensor de ré, teto solar, trava elétrica, vidro elétrico, volante multifuncional",https://sp.olx.com.br/regiao-de-sorocaba/autos-e-pecas/carros-vans-e-utilitarios/bmw-320i-a-modern-sport-tb-2-0-a-flex-16v-4p-2024-1511846074
1507976904,BMW 320I A 2.0 TB M Sport Activeflex 16V 4P 2022,219980,BMW,320I,A 2.0 TB M Sport Activeflex 16V 4P,2022,54562,Gasolina,Automático,Azul,SP,Ribeirão Preto,Alto da Boa Vista,N/A,16,Não,Sim,Não,"air bag, ar condicionado, alarme, bancos de couro, câmera de ré, computador de bordo, conexão usb, controle automático de velocidade, interface bluetooth, navegador gps, rodas de liga leve, sensor de ré, som, teto solar, trava elétrica, vidro elétrico, volante multifuncional",https://sp.olx.com.br/regiao-de-ribeirao-preto/autos-e-pecas/carros-vans-e-utilitarios/bmw-320i-a-2-0-tb-m-sport-activeflex-16v-4p-2022-1507976904
1520655790,BMW X3 Xdrive 30E Turbo Híbrido AUT 2021,209900,BMW,X3,Xdrive 30E Turbo Híbrido AUT,2021,99000,Híbrido,Automático,Branco,SP,São Paulo,Santana,N/A,11,Não,Sim,Não,"air bag, ar condicionado, alarme, bancos de couro, câmera de ré, computador de bordo, conexão usb, controle automático de velocidade, interface bluetooth, navegador gps, rodas de liga leve, sensor de ré, som, teto solar, tração 4x4, trava elétrica, vidro elétrico, volante multifuncional",https://sp.olx.com.br/sao-paulo-e-regiao/autos-e-pecas/carros-vans-e-utilitarios/bmw-x3-xdrive-30e-turbo-hibrido-aut-2021-1520655790
1522337052,BMW X2 Sdrive 20I M Sport 2.0 TB 192cv AUT 2020,178990,BMW,X2,Sdrive 20I M Sport 2.0 TB 192cv AUT,2020,97097,Flex,Automático,Cinza,SP,São Paulo,Imirim,N/A,11,N/A,Não,Não,"air bag, ar condicionado, alarme, bancos de couro, computador de bordo, conexão usb, controle automático de velocidade, interface bluetooth, navegador gps, rodas de liga leve, sensor de ré, teto solar, trava elétrica, vidro elétrico, volante multifuncional",https://sp.olx.com.br/sao-paulo-e-regiao/autos-e-pecas/carros-vans-e-utilitarios/bmw-x2-sdrive-20i-m-sport-2-0-tb-192cv-aut-2020-1522337052
1521004990,BMW 320I A Modern/sport TB 2.0/a.flex 16V 4P 2025,310800,BMW,320I,A Modern/sport TB 2.0/a.flex 16V 4P,2025,38830,Flex,Automático,Preto,SP,Ribeirão Preto,Vila Tibério,N/A,16,Sim,Sim,Não,"air bag, controle automático de velocidade, rodas de liga leve, tração 4x4",https://sp.olx.com.br/regiao-de-ribeirao-preto/autos-e-pecas/carros-vans-e-utilitarios/bmw-320i-a-modern-sport-tb-2-0-a-flex-16v-4p-2025-1521004990
1522278887,BMW 320I 320i 2020,156900,BMW,320I,320i,2020,136000,Gasolina,Automático,Cinza,SP,Campinas,Cambuí,N/A,19,N/A,Não,Não,"air bag, ar condicionado, alarme, câmera de ré, sensor de ré, som, trava elétrica, vidro elétrico",https://sp.olx.com.br/grande-campinas/autos-e-pecas/carros-vans-e-utilitarios/bmw-320i-320i-2020-1522278887
1522269485,BMW 745LE M Sport Sedan 3.0 V6 Híbrido Aut. 2020,309999,BMW,745LE,M Sport Sedan 3.0 V6 Híbrido Aut.,2020,65000,Híbrido,Automático,Preto,SP,São Paulo,Jardim Leonor,N/A,11,Não,Não,Não,"air bag, ar condicionado, alarme, bancos de couro, câmera de ré, computador de bordo, conexão usb, controle automático de velocidade, navegador gps, rodas de liga leve, sensor de ré, som, teto solar, trava elétrica, vidro elétrico, volante multifuncional",https://sp.olx.com.br/sao-paulo-e-regiao/autos-e-pecas/carros-vans-e-utilitarios/bmw-745le-m-sport-sedan-3-0-v6-hibrido-aut-2020-1522269485
1522253923,BMW X5 Xdrive 45E 3.0 M.sport Híbrido AU 2022,359000,BMW,X5,Xdrive 45E 3.0 M.sport Híbrido AU,2022,68000,Gasolina,Automático,Cinza,SP,São José do Rio Preto,Jardim Maracanã,N/A,17,N/A,Não,Não,"air bag, ar condicionado, alarme, bancos de couro, câmera de ré, computador de bordo, conexão usb, controle automático de velocidade, navegador gps, rodas de liga leve, sensor de ré, som, teto solar, tração 4x4, trava elétrica, vidro elétrico, volante multifuncional",https://sp.olx.com.br/regiao-de-sao-jose-do-rio-preto/autos-e-pecas/carros-vans-e-utilitarios/bmw-x5-xdrive-45e-3-0-m-sport-hibrido-au-2022-1522253923
1522194754,BMW 320I A Modern/sport TB 2.0/a.flex 16V 4P 2021,188880,BMW,320I,A Modern/sport TB 2.0/a.flex 16V 4P,2021,78775,Flex,Automático,Branco,SP,Limeira,Jardim Presidente Dutra,N/A,19,Não,Sim,Não,"air bag, ar condicionado, alarme, bancos de couro, câmera de ré, computador de bordo, conexão usb, controle automático de velocidade, navegador gps, rodas de liga leve, sensor de ré, som, teto solar, trava elétrica, vidro elétrico, volante multifuncional",https://sp.olx.com.br/grande-campinas/autos-e-pecas/carros-vans-e-utilitarios/bmw-320i-a-modern-sport-tb-2-0-a-flex-16v-4p-2021-1522194754
1495149511,BMW X6 Xdrive 40I M Sport 3.0 Bi-TB (hib.) 2024,699990,BMW,X6,Xdrive 40I M Sport 3.0 Bi-TB (hib.),2024,14700,Híbrido,Automático,Branco,SP,Santo André,Centro,N/A,11,N/A,Sim,Não,"air bag, ar condicionado, alarme, bancos de couro, câmera de ré, computador de bordo, conexão usb, controle automático de velocidade, interface bluetooth, navegador gps, rodas de liga leve, sensor de ré, som, teto solar, tração 4x4, trava elétrica, vidro elétrico, volante multifuncional",https://sp.olx.com.br/sao-paulo-e-regiao/autos-e-pecas/carros-vans-e-utilitarios/bmw-x6-xdrive-40i-m-sport-3-0-bi-tb-hib-2024-1495149511
1514103360,BMW 320I A 2.0 TB M Sport Activeflex 16V 4P 2023,270990,BMW,320I,A 2.0 TB M Sport Activeflex 16V 4P,2023,41228,Flex,Automático,Branco,SP,São Paulo,Vila Guilherme,N/A,11,N/A,Sim,Não,"air bag, ar condicionado, alarme, bancos de couro, câmera de ré, computador de bordo, conexão usb, controle automático de velocidade, navegador gps, rodas de liga leve, sensor de ré, som, teto solar, trava elétrica, vidro elétrico, volante multifuncional",https://sp.olx.com.br/sao-paulo-e-regiao/autos-e-pecas/carros-vans-e-utilitarios/bmw-320i-a-2-0-tb-m-sport-activeflex-16v-4p-2023-1514103360
1522161533,BMW 320I A 2.0 TB M Sport Activeflex 16V 4P 2022,229900,BMW,320I,A 2.0 TB M Sport Activeflex 16V 4P,2022,65000,Gasolina,Automático,Branco,SP,Osasco,Pestana,N/A,11,Não,Sim,Não,"air bag, ar condicionado, alarme, bancos de couro, câmera de ré, computador de bordo, conexão usb, controle automático de velocidade, navegador gps, rodas de liga leve, sensor de ré, som, teto solar, trava elétrica, vidro elétrico, volante multifuncional",https://sp.olx.com.br/sao-paulo-e-regiao/autos-e-pecas/carros-vans-e-utilitarios/bmw-320i-a-2-0-tb-m-sport-activeflex-16v-4p-2022-1522161533
1499096271,BMW IX1 Xdrive 30 M Sport (elétrico) 2024,377665,BMW,IX1,Xdrive 30 M Sport (elétrico),2024,9850,Gasolina,Automático,Preto,SP,São Paulo,Planalto Paulista,N/A,11,Sim,Não,Não,"air bag, ar condicionado, alarme, bancos de couro, blindado, câmera de ré, computador de bordo, conexão usb, controle automático de velocidade, navegador gps, rodas de liga leve, sensor de ré, som, teto solar, tração 4x4, trava elétrica, vidro elétrico, volante multifuncional",https://sp.olx.com.br/sao-paulo-e-regiao/autos-e-pecas/carros-vans-e-utilitarios/bmw-ix1-xdrive-30-m-sport-eletrico-2024-1499096271
1522050240,BMW 218I Gran Coupe Sport GP 1.5 Bi-turbo 2023,189900,BMW,218I,Gran Coupe Sport GP 1.5 Bi-turbo,2023,861,Gasolina,,Preto,SP,Ribeirão Pires,Centro,N/A,11,Sim,Sim,Não,"air bag, ar condicionado, alarme, câmera de ré, computador de bordo, conexão usb, controle automático de velocidade, navegador gps, rodas de liga leve, sensor de ré, teto solar, trava elétrica, vidro elétrico, volante multifuncional",https://sp.olx.com.br/sao-paulo-e-regiao/autos-e-pecas/carros-vans-e-utilitarios/bmw-218i-gran-coupe-sport-gp-1-5-bi-turbo-2023-1522050240
1522009912,BMW M340I Xdrive 3.0 Turbo AUT 2021,299990,BMW,M340I,Xdrive 3.0 Turbo AUT,2021,52000,Gasolina,Automático,Azul,SP,São Bernardo do Campo,Centro,N/A,11,Não,Sim,Não,"air bag, ar condicionado, alarme, bancos de couro, blindado, câmera de ré, computador de bordo, conexão usb, controle automático de velocidade, navegador gps, rodas de liga leve, sensor de ré, som, teto solar, tração 4x4, trava elétrica, vidro elétrico, volante multifuncional",https://sp.olx.com.br/sao-paulo-e-regiao/autos-e-pecas/carros-vans-e-utilitarios/bmw-m340i-xdrive-3-0-turbo-aut-2021-1522009912
1521992023,BMW 320I A 2.0 TB M Sport Activeflex 16V 4P 2024,289890,BMW,320I,A 2.0 TB M Sport Activeflex 16V 4P,2024,23000,Flex,Automático,Azul,SP,São Paulo,Imirim,N/A,11,Sim,Não,Não,"air bag, ar condicionado, alarme, bancos de couro, câmera de ré, computador de bordo, conexão usb, controle automático de velocidade, navegador gps, rodas de liga leve, sensor de ré, som, teto solar, trava elétrica, vidro elétrico, volante multifuncional",https://sp.olx.com.br/sao-paulo-e-regiao/autos-e-pecas/carros-vans-e-utilitarios/bmw-320i-a-2-0-tb-m-sport-activeflex-16v-4p-2024-1521992023
1522001229,BMW 320I A 2.0 TB M Sport Activeflex 16V 4P 2024,289900,BMW,320I,A 2.0 TB M Sport Activeflex 16V 4P,2024,32000,Flex,Automático,Azul,SP,Americana,Cidade Jardim,N/A,19,Não,Sim,Não,"air bag, ar condicionado, alarme, bancos de couro, câmera de ré, computador de bordo, conexão usb, controle automático de velocidade, interface bluetooth, navegador gps, rodas de liga leve, sensor de ré, som, teto solar, trava elétrica, vidro elétrico, volante multifuncional",https://sp.olx.com.br/grande-campinas/autos-e-pecas/carros-vans-e-utilitarios/bmw-320i-a-2-0-tb-m-sport-activeflex-16v-4p-2024-1522001229
1518685014,BMW X1 Sdrive 20I 2.0/2.0 TB Acti.flex Aut. 2020,149900,BMW,X1,Sdrive 20I 2.0/2.0 TB Acti.flex Aut.,2020,69900,Flex,Automático,Cinza,SP,Sorocaba,Vila Assis,N/A,15,Não,Não,Não,"air bag, ar condicionado, alarme, bancos de couro, câmera de ré, computador de bordo, conexão usb, controle automático de velocidade, navegador gps, rodas de liga leve, sensor de ré, trava elétrica, vidro elétrico, volante multifuncional",https://sp.olx.com.br/regiao-de-sorocaba/autos-e-pecas/carros-vans-e-utilitarios/bmw-x1-sdrive-20i-2-0-2-0-tb-acti-flex-aut-2020-1518685014
1514695496,BMW 320I A 2.0 TB M Sport Activeflex 16V 4P 2024,259990,BMW,320I,A 2.0 TB M Sport Activeflex 16V 4P,2024,16000,Flex,Automático,Preto,SP,São Caetano do Sul,Fundação,N/A,11,Sim,Sim,Não,"air bag, ar condicionado, alarme, bancos de couro, câmera de ré, câmera de ré, computador de bordo, conexão usb, conexão usb, controle automático de velocidade, navegador gps, rodas de liga leve, sensor de ré, sensor de ré, som, teto solar, trava elétrica, vidro elétrico, vidro elétrico, volante multifuncional",https://sp.olx.com.br/sao-paulo-e-regiao/autos-e-pecas/carros-vans-e-utilitarios/bmw-320i-a-2-0-tb-m-sport-activeflex-16v-4p-2024-1514695496
1521956664,BMW 330I M Sport 2.0 TB 16V 4P 2021,219990,BMW,330I,M Sport 2.0 TB 16V 4P,2021,99164,Gasolina,Automático,Azul,SP,Campinas,São Bernardo,N/A,19,Sim,Sim,Não,"air bag, ar condicionado, alarme, bancos de couro, câmera de ré, computador de bordo, conexão usb, controle automático de velocidade, interface bluetooth, navegador gps, rodas de liga leve, sensor de ré, som, teto solar, trava elétrica, vidro elétrico, volante multifuncional",https://sp.olx.com.br/grande-campinas/autos-e-pecas/carros-vans-e-utilitarios/bmw-330i-m-sport-2-0-tb-16v-4p-2021-1521956664
1492983218,BMW 330E M Sport 2.0 Turbo Híbrido AU 2022,234990,BMW,330E,M Sport 2.0 Turbo Híbrido AU,2022,46800,Híbrido,Automático,Preto,SP,Avaré,Jardim América,N/A,14,Não,Sim,Não,"air bag, ar condicionado, alarme, bancos de couro, câmera de ré, computador de bordo, conexão usb, controle automático de velocidade, navegador gps, rodas de liga leve, sensor de ré, som, teto solar, trava elétrica, vidro elétrico, volante multifuncional",https://sp.olx.com.br/regiao-de-bauru-e-marilia/autos-e-pecas/carros-vans-e-utilitarios/bmw-330e-m-sport-2-0-turbo-hibrido-au-2022-1492983218
1521950898,BMW X2 Sdrive 20I 2.0 TB 16V 192cv AUT 2020,159000,BMW,X2,Sdrive 20I 2.0 TB 16V 192cv AUT,2020,68000,Flex,Automático,Azul,SP,Praia Grande,Boqueirão,N/A,13,Não,Sim,Não,"air bag, ar condicionado, alarme, bancos de couro, câmera de ré, computador de bordo, conexão usb, controle automático de velocidade, navegador gps, rodas de liga leve, sensor de ré, trava elétrica, vidro elétrico, volante multifuncional",https://sp.olx.com.br/baixada-santista-e-litoral-sul/autos-e-pecas/carros-vans-e-utilitarios/bmw-x2-sdrive-20i-2-0-tb-16v-192cv-aut-2020-1521950898
1506384389,BMW X1 Sdrive 20I 2.0/2.0 TB Acti.flex Aut. 2020,169900,BMW,X1,Sdrive 20I 2.0/2.0 TB Acti.flex Aut.,2020,91000,Flex,Automático,Cinza,SP,São Paulo,Várzea da Barra Funda,N/A,11,Não,Não,Não,"air bag, ar condicionado, alarme, bancos de couro, blindado, câmera de ré, computador de bordo, conexão usb, controle automático de velocidade, navegador gps, rodas de liga leve, sensor de ré, trava elétrica, vidro elétrico, volante multifuncional",https://sp.olx.com.br/sao-paulo-e-regiao/autos-e-pecas/carros-vans-e-utilitarios/bmw-x1-sdrive-20i-2-0-2-0-tb-acti-flex-aut-2020-1506384389
1521919112,BMW X1 Sdrive 20I 2.0/2.0 TB Acti.flex Aut. 2022,154900,BMW,X1,Sdrive 20I 2.0/2.0 TB Acti.flex Aut.,2022,35000,Flex,Automático,Branco,SP,Ribeirão Preto,Jardim Botânico,N/A,16,N/A,Sim,Não,"air bag, ar condicionado, alarme, bancos de couro, câmera de ré, computador de bordo, conexão usb, controle automático de velocidade, navegador gps, rodas de liga leve, sensor de ré, trava elétrica, vidro elétrico, volante multifuncional",https://sp.olx.com.br/regiao-de-ribeirao-preto/autos-e-pecas/carros-vans-e-utilitarios/bmw-x1-sdrive-20i-2-0-2-0-tb-acti-flex-aut-2022-1521919112
1521912770,BMW X4 M40i 3.0 Turbo V6 360cv Aut. 2020,316990,BMW,X4,M40i 3.0 Turbo V6 360cv Aut.,2020,37500,Gasolina,Automático,Branco,SP,Campinas,Jardim Guanabara,N/A,19,Não,Não,Não,"air bag, ar condicionado, alarme, bancos de couro, câmera de ré, computador de bordo, conexão usb, controle automático de velocidade, navegador gps, rodas de liga leve, sensor de ré, som, teto solar, tração 4x4, trava elétrica, vidro elétrico, volante multifuncional",https://sp.olx.com.br/grande-campinas/autos-e-pecas/carros-vans-e-utilitarios/bmw-x4-m40i-3-0-turbo-v6-360cv-aut-2020-1521912770
1514685302,BMW 320I A 2.0 TB M Sport Activeflex 16V 4P 2024,290000,BMW,320I,A 2.0 TB M Sport Activeflex 16V 4P,2024,40000,Flex,Automático,Preto,SP,Bilac,,N/A,18,Não,Não,Não,N/A,https://sp.olx.com.br/regiao-de-presidente-prudente/autos-e-pecas/carros-vans-e-utilitarios/bmw-320i-a-2-0-tb-m-sport-activeflex-16v-4p-2024-1514685302
1521882526,BMW 320I A 2.0 TB M Sport Activeflex 16V 4P 2024,299900,BMW,320I,A 2.0 TB M Sport Activeflex 16V 4P,2024,14240,Flex,Automático,Cinza,SP,Indaiatuba,Américan Park Empresarial NR,N/A,19,Sim,Sim,Não,"air bag, ar condicionado, alarme, bancos de couro, câmera de ré, computador de bordo, conexão usb, controle automático de velocidade, interface bluetooth, navegador gps, rodas de liga leve, sensor de ré, som, teto solar, trava elétrica, vidro elétrico, volante multifuncional",https://sp.olx.com.br/grande-campinas/autos-e-pecas/carros-vans-e-utilitarios/bmw-320i-a-2-0-tb-m-sport-activeflex-16v-4p-2024-1521882526
1521851815,BMW X2 M35i 2.0 Turbo 306cv Aut. 2020,219900,BMW,X2,M35i 2.0 Turbo 306cv Aut.,2020,60000,Gasolina,Automático,Cinza,SP,São Paulo,Mooca,N/A,11,Não,Sim,Não,"air bag, ar condicionado, alarme, bancos de couro, blindado, câmera de ré, computador de bordo, conexão usb, controle automático de velocidade, navegador gps, rodas de liga leve, sensor de ré, teto solar, tração 4x4, trava elétrica, vidro elétrico, volante multifuncional",https://sp.olx.com.br/sao-paulo-e-regiao/autos-e-pecas/carros-vans-e-utilitarios/bmw-x2-m35i-2-0-turbo-306cv-aut-2020-1521851815
1479932801,BMW X1 Sdrive 20I M Sport 2.0 TB Aut. 2025,324999,BMW,X1,Sdrive 20I M Sport 2.0 TB Aut.,2025,4700,Gasolina,Automático,Branco,SP,Sorocaba,Jardim Vera Cruz,N/A,15,Sim,Sim,Não,"air bag, ar condicionado, alarme, bancos de couro, câmera de ré, computador de bordo, conexão usb, controle automático de velocidade, interface bluetooth, navegador gps, rodas de liga leve, sensor de ré, som, teto solar, tração 4x4, trava elétrica, vidro elétrico, volante multifuncional",https://sp.olx.com.br/regiao-de-sorocaba/autos-e-pecas/carros-vans-e-utilitarios/bmw-x1-sdrive-20i-m-sport-2-0-tb-aut-2025-1479932801
1460813317,BMW 320I A 2.0 TB M Sport Activeflex 16V 4P 2026,445990,BMW,320I,A 2.0 TB M Sport Activeflex 16V 4P,2026,800,Flex,Automático,Azul,SP,São Paulo,Planalto Paulista,N/A,11,Sim,Sim,Não,"air bag, ar condicionado, alarme, bancos de couro, blindado, câmera de ré, computador de bordo, conexão usb, controle automático de velocidade, interface bluetooth, navegador gps, rodas de liga leve, sensor de ré, som, teto solar, trava elétrica, vidro elétrico, volante multifuncional",https://sp.olx.com.br/sao-paulo-e-regiao/autos-e-pecas/carros-vans-e-utilitarios/bmw-320i-a-2-0-tb-m-sport-activeflex-16v-4p-2026-1460813317
1521500409,BMW 320I A 2.0 TB M Sport Activeflex 16V 4P 2023,247990,BMW,320I,A 2.0 TB M Sport Activeflex 16V 4P,2023,44000,Flex,Automático,Preto,SP,São Bernardo do Campo,Centro,N/A,11,N/A,Não,Não,"air bag, ar condicionado, alarme, bancos de couro, câmera de ré, computador de bordo, conexão usb, controle automático de velocidade, interface bluetooth, navegador gps, rodas de liga leve, sensor de ré, som, teto solar, trava elétrica, vidro elétrico, volante multifuncional",https://sp.olx.com.br/sao-paulo-e-regiao/autos-e-pecas/carros-vans-e-utilitarios/bmw-320i-a-2-0-tb-m-sport-activeflex-16v-4p-2023-1521500409
1521474860,BMW 320I A GT Sport 2.0 Turbo 16V 184cv 5P 2022,209700,BMW,320I,A GT Sport 2.0 Turbo 16V 184cv 5P,2022,23062,Flex,Automático,Azul,SP,São Paulo,Jardim Dom Bosco,N/A,11,Não,Sim,Não,"air bag, alarme, sensor de ré, som, trava elétrica, vidro elétrico",https://sp.olx.com.br/sao-paulo-e-regiao/autos-e-pecas/carros-vans-e-utilitarios/bmw-320i-a-gt-sport-2-0-turbo-16v-184cv-5p-2022-1521474860
1514329105,BMW 330E M Sport 2.0 Turbo Híbrido AU 2024,280000,BMW,330E,M Sport 2.0 Turbo Híbrido AU,2024,50812,Híbrido,Automático,Cinza,SP,Votorantim,Alphaville Nova Esplanada,N/A,15,N/A,Não,Não,"air bag, ar condicionado, alarme, bancos de couro, câmera de ré, computador de bordo, conexão usb, controle automático de velocidade, navegador gps, rodas de liga leve, sensor de ré, som, teto solar, trava elétrica, vidro elétrico, volante multifuncional",https://sp.olx.com.br/regiao-de-sorocaba/autos-e-pecas/carros-vans-e-utilitarios/bmw-330e-m-sport-2-0-turbo-hibrido-au-2024-1514329105
1461199511,BMW X1 Sdrive 20I M Sport 2.0 TB Aut. 2026,379990,BMW,X1,Sdrive 20I M Sport 2.0 TB Aut.,2026,0,Gasolina,Automático,Prata,SP,Paulínia,Nova Paulínia,N/A,19,Não,Não,Não,"air bag, ar condicionado, alarme, bancos de couro, câmera de ré, computador de bordo, conexão usb, controle automático de velocidade, interface bluetooth, navegador gps, rodas de liga leve, sensor de ré, som, teto solar, tração 4x4, trava elétrica, vidro elétrico, volante multifuncional",https://sp.olx.com.br/grande-campinas/autos-e-pecas/carros-vans-e-utilitarios/bmw-x1-sdrive-20i-m-sport-2-0-tb-aut-2026-1461199511
1403784932,BMW X7 4.4 V8 GASOLINA M SPORT XDRIVE50I STEPTRONIC 2020,479990,BMW,X7,Xdrive 50I M Sport 4.4 V8 Bi-TB Aut.,2020,99000,Gasolina,Automático,Preto,SP,Paulínia,,N/A,19,Não,Não,Não,"air bag, ar condicionado, alarme, bancos de couro, câmera de ré, computador de bordo, conexão usb, controle automático de velocidade, navegador gps, rodas de liga leve, sensor de ré, som, teto solar, tração 4x4, trava elétrica, vidro elétrico, volante multifuncional",https://sp.olx.com.br/grande-campinas/autos-e-pecas/carros-vans-e-utilitarios/bmw-x7-4-4-v8-gasolina-m-sport-xdrive50i-steptronic-2020-1403784932
1521473619,BMW 320I A 2.0 TB M Sport Activeflex 16V 4P 2024,288500,BMW,320I,A 2.0 TB M Sport Activeflex 16V 4P,2024,32000,Flex,Automático,Cinza,SP,Sorocaba,Parque Campolim,N/A,15,N/A,N/A,N/A,"air bag, ar condicionado, alarme, bancos de couro, câmera de ré, computador de bordo, conexão usb, controle automático de velocidade, interface bluetooth, navegador gps, rodas de liga leve, sensor de ré, som, teto solar, trava elétrica, vidro elétrico, volante multifuncional",https://sp.olx.com.br/regiao-de-sorocaba/autos-e-pecas/carros-vans-e-utilitarios/bmw-320i-a-2-0-tb-m-sport-activeflex-16v-4p-2024-1521473619
1499555762,BMW 320I A 2.0 TB M Sport Activeflex 16V 4P 2024,292000,BMW,320I,A 2.0 TB M Sport Activeflex 16V 4P,2024,22396,Flex,Automático,Preto,SP,Araras,Centro,N/A,19,Sim,Sim,Não,"air bag, ar condicionado, alarme, bancos de couro, câmera de ré, computador de bordo, conexão usb, controle automático de velocidade, navegador gps, rodas de liga leve, sensor de ré, som, teto solar, trava elétrica, vidro elétrico, volante multifuncional",https://sp.olx.com.br/grande-campinas/autos-e-pecas/carros-vans-e-utilitarios/bmw-320i-a-2-0-tb-m-sport-activeflex-16v-4p-2024-1499555762
1482635724,BMW 320I A 2.0 Turbo/activeflex 16V 184cv 4P 2021,179000,BMW,320I,A 2.0 Turbo/activeflex 16V 184cv 4P,2021,64526,Flex,Automático,Branco,SP,Araras,Centro,N/A,19,N/A,Não,Não,"air bag, ar condicionado, alarme, bancos de couro, câmera de ré, computador de bordo, conexão usb, controle automático de velocidade, navegador gps, rodas de liga leve, sensor de ré, trava elétrica, vidro elétrico, volante multifuncional",https://sp.olx.com.br/grande-campinas/autos-e-pecas/carros-vans-e-utilitarios/bmw-320i-a-2-0-turbo-activeflex-16v-184cv-4p-2021-1482635724
1504007763,BMW 320I A 2.0 Turbo/activeflex 16V 184cv 4P 2021,179900,BMW,320I,A 2.0 Turbo/activeflex 16V 184cv 4P,2021,106921,Gasolina,Automático,Azul,SP,São Paulo,Imirim,N/A,11,N/A,Não,Não,"air bag, ar condicionado, alarme, bancos de couro, câmera de ré, computador de bordo, conexão usb, controle automático de velocidade, navegador gps, rodas de liga leve, sensor de ré, trava elétrica, vidro elétrico, volante multifuncional",https://sp.olx.com.br/sao-paulo-e-regiao/autos-e-pecas/carros-vans-e-utilitarios/bmw-320i-a-2-0-turbo-activeflex-16v-184cv-4p-2021-1504007763
1521403947,BMW X3 M40i 3.0 Turbo V6 360cv Aut. 2021,289000,BMW,X3,M40i 3.0 Turbo V6 360cv Aut.,2021,58000,Gasolina,Automático,Cinza,SP,São José do Rio Preto,Higienópolis,N/A,17,Não,Não,Não,"air bag, ar condicionado, alarme, bancos de couro, câmera de ré, computador de bordo, controle automático de velocidade, navegador gps, rodas de liga leve, sensor de ré, teto solar, tração 4x4, trava elétrica, vidro elétrico, volante multifuncional",https://sp.olx.com.br/regiao-de-sao-jose-do-rio-preto/autos-e-pecas/carros-vans-e-utilitarios/bmw-x3-m40i-3-0-turbo-v6-360cv-aut-2021-1521403947
1521393882,BMW 320I A Modern/sport TB 2.0/a.flex 16V 4P 2020,179990,BMW,320I,A Modern/sport TB 2.0/a.flex 16V 4P,2020,69000,Gasolina,Automático,Branco,SP,Regente Feijó,,N/A,18,N/A,Sim,Não,"air bag, ar condicionado, alarme, bancos de couro, câmera de ré, computador de bordo, conexão usb, controle automático de velocidade, rodas de liga leve, sensor de ré, som, trava elétrica, vidro elétrico, volante multifuncional",https://sp.olx.com.br/regiao-de-presidente-prudente/autos-e-pecas/carros-vans-e-utilitarios/bmw-320i-a-modern-sport-tb-2-0-a-flex-16v-4p-2020-1521393882
1442701889,BMW 320I A 2.0 Turbo/activeflex 16V 184cv 4P 2023,206980,BMW,320I,A 2.0 Turbo/activeflex 16V 184cv 4P,2023,115000,Flex,Automático,Cinza,SP,Ribeirão Preto,Alto da Boa Vista,N/A,16,N/A,Sim,Não,"air bag, ar condicionado, alarme, bancos de couro, câmera de ré, computador de bordo, conexão usb, controle automático de velocidade, navegador gps, rodas de liga leve, sensor de ré, som, trava elétrica, vidro elétrico, volante multifuncional",https://sp.olx.com.br/regiao-de-ribeirao-preto/autos-e-pecas/carros-vans-e-utilitarios/bmw-320i-a-2-0-turbo-activeflex-16v-184cv-4p-2023-1442701889
1521376987,BMW X1 Sdrive 20I 2.0/2.0 TB Acti.flex Aut. 2022,167000,BMW,X1,Sdrive 20I 2.0/2.0 TB Acti.flex Aut.,2022,65000,Flex,Automático,Cinza,SP,São Paulo,Vila Regente Feijó,N/A,11,N/A,Sim,Não,"air bag, ar condicionado, alarme, bancos de couro, câmera de ré, computador de bordo, conexão usb, controle automático de velocidade, interface bluetooth, navegador gps, rodas de liga leve, sensor de ré, som, teto solar, trava elétrica, vidro elétrico, volante multifuncional",https://sp.olx.com.br/sao-paulo-e-regiao/autos-e-pecas/carros-vans-e-utilitarios/bmw-x1-sdrive-20i-2-0-2-0-tb-acti-flex-aut-2022-1521376987
1521369199,BMW 320I A Modern/sport TB 2.0/a.flex 16V 4P 2021,190000,BMW,320I,A Modern/sport TB 2.0/a.flex 16V 4P,2021,85000,Flex,Automático,Branco,SP,Vinhedo,Centro,N/A,19,Não,Sim,Não,"air bag, ar condicionado, alarme, bancos de couro, câmera de ré, computador de bordo, conexão usb, controle automático de velocidade, navegador gps, rodas de liga leve, sensor de ré, teto solar, trava elétrica, vidro elétrico, volante multifuncional",https://sp.olx.com.br/grande-campinas/autos-e-pecas/carros-vans-e-utilitarios/bmw-320i-a-modern-sport-tb-2-0-a-flex-16v-4p-2021-1521369199
1521358822,BMW 320I A 2.0 TB M Sport Activeflex 16V 4P 2025,310000,BMW,320I,A 2.0 TB M Sport Activeflex 16V 4P,2025,20000,Flex,Automático,Preto,SP,Ourinhos,Loteamento Santa Fé Gold Place,N/A,14,Não,Sim,Não,"air bag, ar condicionado, alarme, bancos de couro, câmera de ré, computador de bordo, conexão usb, controle automático de velocidade, interface bluetooth, navegador gps, rodas de liga leve, sensor de ré, som, teto solar, trava elétrica, vidro elétrico, volante multifuncional",https://sp.olx.com.br/regiao-de-bauru-e-marilia/autos-e-pecas/carros-vans-e-utilitarios/bmw-320i-a-2-0-tb-m-sport-activeflex-16v-4p-2025-1521358822
1492745504,BMW 320I A Modern/sport TB 2.0/a.flex 16V 4P 2022,181000,BMW,320I,A Modern/sport TB 2.0/a.flex 16V 4P,2022,56000,Flex,Automático,Preto,SP,São Bernardo do Campo,Anchieta,N/A,11,Não,Sim,Não,"air bag, ar condicionado, alarme, bancos de couro, câmera de ré, computador de bordo, conexão usb, controle automático de velocidade, navegador gps, rodas de liga leve, sensor de ré, teto solar, trava elétrica, vidro elétrico, volante multifuncional",https://sp.olx.com.br/sao-paulo-e-regiao/autos-e-pecas/carros-vans-e-utilitarios/bmw-320i-a-modern-sport-tb-2-0-a-flex-16v-4p-2022-1492745504
1521269218,BMW X6 Xdrive 40I Bl.vermillion 3.0 Bi-turbo 2023,499990,BMW,X6,Xdrive 40I Bl.vermillion 3.0 Bi-turbo,2023,47000,Gasolina,Automático,Preto,SP,Santos,Vila Mathias,N/A,13,Não,Não,Não,"ar condicionado, teto solar",https://sp.olx.com.br/baixada-santista-e-litoral-sul/autos-e-pecas/carros-vans-e-utilitarios/bmw-x6-xdrive-40i-bl-vermillion-3-0-bi-turbo-2023-1521269218
1518095372,BMW 330E M Sport 2.0 Turbo Híbrido AU 2022,229900,BMW,330E,M Sport 2.0 Turbo Híbrido AU,2022,35000,Híbrido,Automático,Azul,SP,São Vicente,Jardim Independência,N/A,13,Sim,Sim,Não,"air bag, ar condicionado, alarme, bancos de couro, câmera de ré, computador de bordo, conexão usb, controle automático de velocidade, navegador gps, rodas de liga leve, sensor de ré, som, teto solar, trava elétrica, vidro elétrico, volante multifuncional",https://sp.olx.com.br/baixada-santista-e-litoral-sul/autos-e-pecas/carros-vans-e-utilitarios/bmw-330e-m-sport-2-0-turbo-hibrido-au-2022-1518095372
1521216239,BMW 320I A 2.0 TB M Sport Activeflex 16V 4P 2024,280000,BMW,320I,A 2.0 TB M Sport Activeflex 16V 4P,2024,37000,Flex,Automático,Cinza,SP,Lindóia,Vila 24 de Outubro,N/A,19,Não,Não,Não,"air bag, ar condicionado, alarme, bancos de couro, câmera de ré, computador de bordo, conexão usb, controle automático de velocidade, navegador gps, rodas de liga leve, sensor de ré, som, teto solar, trava elétrica, vidro elétrico, volante multifuncional",https://sp.olx.com.br/grande-campinas/autos-e-pecas/carros-vans-e-utilitarios/bmw-320i-a-2-0-tb-m-sport-activeflex-16v-4p-2024-1521216239
1521179719,BMW 330E M Sport 2.0 Turbo Híbrido AU 2020,199000,BMW,330E,M Sport 2.0 Turbo Híbrido AU,2020,57000,Híbrido,Automático,Branco,SP,São Paulo,Cambuci,N/A,11,Sim,Sim,Não,"air bag, ar condicionado, alarme, bancos de couro, câmera de ré, computador de bordo, conexão usb, controle automático de velocidade, navegador gps, rodas de liga leve, sensor de ré, som, teto solar, trava elétrica, vidro elétrico, volante multifuncional",https://sp.olx.com.br/sao-paulo-e-regiao/autos-e-pecas/carros-vans-e-utilitarios/bmw-330e-m-sport-2-0-turbo-hibrido-au-2020-1521179719
1513585046,BMW 320I A 2.0 TB M Sport Activeflex 16V 4P 2022,229900,BMW,320I,A 2.0 TB M Sport Activeflex 16V 4P,2022,60000,Flex,Automático,Branco,SP,São Paulo,Chácara Mafalda,N/A,11,N/A,Não,Não,"air bag, ar condicionado, alarme, blindado, câmera de ré, computador de bordo, conexão usb, controle automático de velocidade, navegador gps, rodas de liga leve, sensor de ré, teto solar, trava elétrica, vidro elétrico, volante multifuncional",https://sp.olx.com.br/sao-paulo-e-regiao/autos-e-pecas/carros-vans-e-utilitarios/bmw-320i-a-2-0-tb-m-sport-activeflex-16v-4p-2022-1513585046
1517810760,BMW 320I A Modern/sport TB 2.0/a.flex 16V 4P 2024,274900,BMW,320I,A Modern/sport TB 2.0/a.flex 16V 4P,2024,20000,Flex,Automático,Branco,SP,Sorocaba,Vila Assis,N/A,15,N/A,Sim,Não,"air bag, ar condicionado, alarme, bancos de couro, câmera de ré, computador de bordo, conexão usb, controle automático de velocidade, interface bluetooth, navegador gps, rodas de liga leve, sensor de ré, som, teto solar, trava elétrica, vidro elétrico, volante multifuncional",https://sp.olx.com.br/regiao-de-sorocaba/autos-e-pecas/carros-vans-e-utilitarios/bmw-320i-a-modern-sport-tb-2-0-a-flex-16v-4p-2024-1517810760
1521064197,BMW 320I A 2.0 TB M Sport Activeflex 16V 4P 2024,269900,BMW,320I,A 2.0 TB M Sport Activeflex 16V 4P,2024,41000,Flex,Automático,Azul,SP,São José do Rio Preto,Higienópolis,N/A,17,Não,Não,Não,"air bag, ar condicionado, alarme, bancos de couro, câmera de ré, computador de bordo, conexão usb, controle automático de velocidade, navegador gps, rodas de liga leve, sensor de ré, teto solar, trava elétrica, vidro elétrico, volante multifuncional",https://sp.olx.com.br/regiao-de-sao-jose-do-rio-preto/autos-e-pecas/carros-vans-e-utilitarios/bmw-320i-a-2-0-tb-m-sport-activeflex-16v-4p-2024-1521064197
1521055971,BMW 320I A 2.0 TB M Sport Activeflex 16V 4P 2020,204000,BMW,320I,A 2.0 TB M Sport Activeflex 16V 4P,2020,47000,Gasolina,Automático,Branco,SP,Sorocaba,Jardim Residencial Helena Maria,N/A,15,Não,Sim,Não,"air bag, ar condicionado, alarme, bancos de couro, câmera de ré, computador de bordo, conexão usb, controle automático de velocidade, navegador gps, rodas de liga leve, sensor de ré, som, teto solar, trava elétrica, vidro elétrico, volante multifuncional",https://sp.olx.com.br/regiao-de-sorocaba/autos-e-pecas/carros-vans-e-utilitarios/bmw-320i-a-2-0-tb-m-sport-activeflex-16v-4p-2020-1521055971
1521033057,BMW X1 Sdrive 20I X-line 2.0 TB Aut. 2023,252900,BMW,X1,Sdrive 20I X-line 2.0 TB Aut.,2023,46630,Gasolina,Automático,Preto,SP,Campinas,Jardim Guanabara,N/A,19,N/A,Sim,Não,"air bag, ar condicionado, alarme, bancos de couro, câmera de ré, computador de bordo, conexão usb, controle automático de velocidade, navegador gps, rodas de liga leve, sensor de ré, som, teto solar, trava elétrica, vidro elétrico, volante multifuncional",https://sp.olx.com.br/grande-campinas/autos-e-pecas/carros-vans-e-utilitarios/bmw-x1-sdrive-20i-x-line-2-0-tb-aut-2023-1521033057
1507566329,BMW X1 Sdrive 20I M Sport 2.0 TB Flex Aut. 2024,289900,BMW,X1,Sdrive 20I M Sport 2.0 TB Flex Aut.,2024,32807,Gasolina,Automático,Preto,SP,Americana,Catharina Zanaga,N/A,19,Não,Não,Não,"air bag, ar condicionado, alarme, bancos de couro, câmera de ré, computador de bordo, conexão usb, controle automático de velocidade, rodas de liga leve, sensor de ré, som, teto solar, trava elétrica, vidro elétrico, volante multifuncional",https://sp.olx.com.br/grande-campinas/autos-e-pecas/carros-vans-e-utilitarios/bmw-x1-sdrive-20i-m-sport-2-0-tb-flex-aut-2024-1507566329
1506574402,BMW X1 Sdrive 20I M Sport 2.0 TB Flex Aut. 2024,348999,BMW,X1,Sdrive 20I M Sport 2.0 TB Flex Aut.,2024,28020,Gasolina,Automático,Preto,SP,São Bernardo do Campo,Rudge Ramos,N/A,11,N/A,Não,Não,"air bag, ar condicionado, alarme, blindado, trava elétrica, vidro elétrico",https://sp.olx.com.br/sao-paulo-e-regiao/autos-e-pecas/carros-vans-e-utilitarios/bmw-x1-sdrive-20i-m-sport-2-0-tb-flex-aut-2024-1506574402
1464781952,BMW 320I A 2.0 TB M Sport Activeflex 16V 4P 2025,324900,BMW,320I,A 2.0 TB M Sport Activeflex 16V 4P,2025,18630,Flex,Automático,Cinza,SP,Ribeirão Preto,Nova Aliança,N/A,16,N/A,Sim,Não,"air bag, ar condicionado, alarme, bancos de couro, conexão usb, interface bluetooth, sensor de ré, trava elétrica, vidro elétrico, volante multifuncional",https://sp.olx.com.br/regiao-de-ribeirao-preto/autos-e-pecas/carros-vans-e-utilitarios/bmw-320i-a-2-0-tb-m-sport-activeflex-16v-4p-2025-1464781952
1520983846,BMW 320I 320i 2024,274900,BMW,320I,320i,2024,35461,Flex,Automático,Cinza,SP,Rio Claro,Zona Central,N/A,19,Não,Não,Não,"ar condicionado, ar condicionado, câmera de ré, trava elétrica, vidro elétrico",https://sp.olx.com.br/grande-campinas/autos-e-pecas/carros-vans-e-utilitarios/bmw-320i-320i-2024-1520983846
1513289105,BMW X1 Sdrive 20I X-line 2.0 TB Aut. 2024,269990,BMW,X1,Sdrive 20I X-line 2.0 TB Aut.,2024,68000,Flex,Automático,Branco,SP,Campinas,Jardim Chapadão,N/A,19,Não,Não,Não,"air bag, ar condicionado, alarme, bancos de couro, câmera de ré, computador de bordo, conexão usb, controle automático de velocidade, navegador gps, rodas de liga leve, sensor de ré, teto solar, trava elétrica, vidro elétrico, volante multifuncional",https://sp.olx.com.br/grande-campinas/autos-e-pecas/carros-vans-e-utilitarios/bmw-x1-sdrive-20i-x-line-2-0-tb-aut-2024-1513289105
1520961935,BMW 320I A 2.0 TB M Sport Activeflex 16V 4P 2023,269900,BMW,320I,A 2.0 TB M Sport Activeflex 16V 4P,2023,25000,Flex,Automático,Preto,SP,São Caetano do Sul,Santa Paula,N/A,11,Não,Não,Não,"air bag, ar condicionado, alarme, bancos de couro, blindado, câmera de ré, computador de bordo, conexão usb, controle automático de velocidade, interface bluetooth, navegador gps, rodas de liga leve, sensor de ré, som, teto solar, tração 4x4, trava elétrica, vidro elétrico, volante multifuncional",https://sp.olx.com.br/sao-paulo-e-regiao/autos-e-pecas/carros-vans-e-utilitarios/bmw-320i-a-2-0-tb-m-sport-activeflex-16v-4p-2023-1520961935
1520902696,BMW X1 Xdrive 25I Sport 2.0/2.0 Flex Aut. 2022,170000,BMW,X1,Xdrive 25I Sport 2.0/2.0 Flex Aut.,2022,72848,Flex,Automático,Azul,SP,Ibiúna,Rio de Una,N/A,15,Não,Sim,Sim,"air bag, ar condicionado, alarme, bancos de couro, câmera de ré, computador de bordo, conexão usb, controle automático de velocidade, interface bluetooth, navegador gps, rodas de liga leve, sensor de ré, som, teto solar, tração 4x4, trava elétrica, vidro elétrico, volante multifuncional",https://sp.olx.com.br/regiao-de-sorocaba/autos-e-pecas/carros-vans-e-utilitarios/bmw-x1-xdrive-25i-sport-2-0-2-0-flex-aut-2022-1520902696
1520858862,BMW X6 Xdrive 50I M Sport 4.4 Bi-turbo 2022,499900,BMW,X6,Xdrive 50I M Sport 4.4 Bi-turbo,2022,41800,Gasolina,Automático,Branco,SP,Americana,Jardim São Domingos,N/A,19,Não,Sim,Não,N/A,https://sp.olx.com.br/grande-campinas/autos-e-pecas/carros-vans-e-utilitarios/bmw-x6-xdrive-50i-m-sport-4-4-bi-turbo-2022-1520858862
1520853143,BMW 320I A 2.0 TB M Sport Activeflex 16V 4P 2022,199990,BMW,320I,A 2.0 TB M Sport Activeflex 16V 4P,2022,83300,Gasolina,Automático,Azul,SP,Charqueada,Centro,N/A,19,Não,Sim,Sim,"air bag, ar condicionado, alarme, bancos de couro, câmera de ré, computador de bordo, conexão usb, controle automático de velocidade, navegador gps, rodas de liga leve, sensor de ré, teto solar, trava elétrica, vidro elétrico, volante multifuncional",https://sp.olx.com.br/grande-campinas/autos-e-pecas/carros-vans-e-utilitarios/bmw-320i-a-2-0-tb-m-sport-activeflex-16v-4p-2022-1520853143
1520822608,BMW X6 Xdrive 40I M Sport 3.0 Bi-turbo 2020,469800,BMW,X6,Xdrive 40I M Sport 3.0 Bi-turbo,2020,43000,Gasolina,Automático,N/A,SP,São Paulo,Mooca,N/A,11,N/A,Não,Não,"air bag, ar condicionado, alarme, bancos de couro, câmera de ré, computador de bordo, conexão usb, controle automático de velocidade, navegador gps, rodas de liga leve, sensor de ré, som, teto solar, tração 4x4, trava elétrica, vidro elétrico, volante multifuncional",https://sp.olx.com.br/sao-paulo-e-regiao/autos-e-pecas/carros-vans-e-utilitarios/bmw-x6-xdrive-40i-m-sport-3-0-bi-turbo-2020-1520822608
1520802095,BMW M2 CS Coupe 3.0 Bi-turbo 450cv 2024,549900,BMW,M2,CS Coupe 3.0 Bi-turbo 450cv,2024,9500,Gasolina,Automático,Preto,SP,Americana,Catharina Zanaga,N/A,19,Não,Não,Não,"air bag, ar condicionado, alarme, bancos de couro, câmera de ré, computador de bordo, conexão usb, controle automático de velocidade, navegador gps, rodas de liga leve, som, trava elétrica, vidro elétrico, volante multifuncional",https://sp.olx.com.br/grande-campinas/autos-e-pecas/carros-vans-e-utilitarios/bmw-m2-cs-coupe-3-0-bi-turbo-450cv-2024-1520802095
1520802097,BMW 320I A 2.0 Turbo/activeflex 16V 184cv 4P 2022,207900,BMW,320I,A 2.0 Turbo/activeflex 16V 184cv 4P,2022,63700,Flex,Automático,Preto,SP,Americana,Catharina Zanaga,N/A,19,Não,Sim,Não,"air bag, ar condicionado, alarme, bancos de couro, câmera de ré, computador de bordo, conexão usb, controle automático de velocidade, navegador gps, rodas de liga leve, sensor de ré, som, teto solar, trava elétrica, vidro elétrico, volante multifuncional",https://sp.olx.com.br/grande-campinas/autos-e-pecas/carros-vans-e-utilitarios/bmw-320i-a-2-0-turbo-activeflex-16v-184cv-4p-2022-1520802097
1520741411,BMW X4 Xdrive 20I M-sport 2.0 TB 184cv AUT 2025,367890,BMW,X4,Xdrive 20I M-sport 2.0 TB 184cv AUT,2025,19000,Gasolina,Automático,Preto,SP,São Paulo,Jardim Independência,N/A,11,N/A,Não,Não,"ar condicionado, alarme, câmera de ré, sensor de ré, trava elétrica",https://sp.olx.com.br/sao-paulo-e-regiao/autos-e-pecas/carros-vans-e-utilitarios/bmw-x4-xdrive-20i-m-sport-2-0-tb-184cv-aut-2025-1520741411
1520724246,BMW 320I A Modern/sport TB 2.0/a.flex 16V 4P 2024,268900,BMW,320I,A Modern/sport TB 2.0/a.flex 16V 4P,2024,23000,Flex,Automático,Branco,SP,Sorocaba,Vila Assis,N/A,15,N/A,Sim,Não,"air bag, ar condicionado, alarme, bancos de couro, câmera de ré, computador de bordo, conexão usb, controle automático de velocidade, navegador gps, rodas de liga leve, sensor de ré, teto solar, trava elétrica, vidro elétrico, volante multifuncional",https://sp.olx.com.br/regiao-de-sorocaba/autos-e-pecas/carros-vans-e-utilitarios/bmw-320i-a-modern-sport-tb-2-0-a-flex-16v-4p-2024-1520724246
1520720649,BMW 320I A 2.0 TB M Sport Activeflex 16V 4P 2023,271900,BMW,320I,A 2.0 TB M Sport Activeflex 16V 4P,2023,54000,Flex,Automático,Cinza,SP,Sorocaba,Vila Assis,N/A,15,N/A,Sim,Não,"air bag, ar condicionado, alarme, bancos de couro, câmera de ré, computador de bordo, conexão usb, controle automático de velocidade, navegador gps, rodas de liga leve, sensor de ré, som, teto solar, trava elétrica, vidro elétrico, volante multifuncional",https://sp.olx.com.br/regiao-de-sorocaba/autos-e-pecas/carros-vans-e-utilitarios/bmw-320i-a-2-0-tb-m-sport-activeflex-16v-4p-2023-1520720649
1507521185,BMW 320I A Modern/sport TB 2.0/a.flex 16V 4P 2024,265000,BMW,320I,A Modern/sport TB 2.0/a.flex 16V 4P,2024,35000,Flex,Automático,Preto,SP,Assis,Vila Tênis Clube,N/A,18,Sim,Sim,Não,"air bag, ar condicionado, alarme, bancos de couro, câmera de ré, computador de bordo, conexão usb, controle automático de velocidade, navegador gps, rodas de liga leve, sensor de ré, teto solar, trava elétrica, vidro elétrico, volante multifuncional",https://sp.olx.com.br/regiao-de-presidente-prudente/autos-e-pecas/carros-vans-e-utilitarios/bmw-320i-a-modern-sport-tb-2-0-a-flex-16v-4p-2024-1507521185
1473692576,BMW 320I A 2.0 TB M Sport Activeflex 16V 4P 2024,319900,BMW,320I,A 2.0 TB M Sport Activeflex 16V 4P,2024,44000,Flex,Automático,Preto,SP,São Bernardo do Campo,Rudge Ramos,N/A,11,Não,Não,Não,"air bag, ar condicionado, alarme, bancos de couro, blindado, câmera de ré, computador de bordo, conexão usb, controle automático de velocidade, navegador gps, rodas de liga leve, sensor de ré, som, teto solar, trava elétrica, vidro elétrico, volante multifuncional",https://sp.olx.com.br/sao-paulo-e-regiao/autos-e-pecas/carros-vans-e-utilitarios/bmw-320i-a-2-0-tb-m-sport-activeflex-16v-4p-2024-1473692576
1520571550,BMW 320I A 2.0 TB M Sport Activeflex 16V 4P 2021,180000,BMW,320I,A 2.0 TB M Sport Activeflex 16V 4P,2021,65000,Gasolina,Automático,Cinza,SP,São Paulo,Parque Boturussu,N/A,11,Não,Sim,Não,"air bag, ar condicionado, alarme, câmera de ré, computador de bordo, conexão usb, controle automático de velocidade, navegador gps, rodas de liga leve, sensor de ré, teto solar, trava elétrica, vidro elétrico, volante multifuncional",https://sp.olx.com.br/sao-paulo-e-regiao/autos-e-pecas/carros-vans-e-utilitarios/bmw-320i-a-2-0-tb-m-sport-activeflex-16v-4p-2021-1520571550
1520557083,BMW X1 Sdrive 20I M Sport 2.0 TB Aut. 2025,302888,BMW,X1,Sdrive 20I M Sport 2.0 TB Aut.,2025,26260,Gasolina,Automático,N/A,SP,São Paulo,Campo Belo,N/A,11,N/A,Não,Não,"air bag, ar condicionado, alarme, bancos de couro, câmera de ré, computador de bordo, conexão usb, controle automático de velocidade, navegador gps, rodas de liga leve, sensor de ré, som, teto solar, trava elétrica, vidro elétrico, volante multifuncional",https://sp.olx.com.br/sao-paulo-e-regiao/autos-e-pecas/carros-vans-e-utilitarios/bmw-x1-sdrive-20i-m-sport-2-0-tb-aut-2025-1520557083
1520520584,BMW X4 Xdrive 30I M-sport 2.0 TB. 252cv AUT 2021,254990,BMW,X4,Xdrive 30I M-sport 2.0 TB. 252cv AUT,2021,70785,Gasolina,Automático,Preto,SP,Ribeirão Preto,Jardim América,N/A,16,N/A,Não,Não,"air bag, ar condicionado, alarme, bancos de couro, câmera de ré, computador de bordo, conexão usb, controle automático de velocidade, navegador gps, rodas de liga leve, sensor de ré, teto solar, tração 4x4, trava elétrica, vidro elétrico, volante multifuncional",https://sp.olx.com.br/regiao-de-ribeirao-preto/autos-e-pecas/carros-vans-e-utilitarios/bmw-x4-xdrive-30i-m-sport-2-0-tb-252cv-aut-2021-1520520584
1476324307,BMW X6 M Competition 4.4 V8 Bi-TB 625cv AUT 2023,699000,BMW,X6,M Competition 4.4 V8 Bi-TB 625cv AUT,2023,35000,Gasolina,Automático,Branco,SP,Ribeirão Preto,City Ribeirão,N/A,16,Sim,Sim,Não,"air bag, ar condicionado, alarme, bancos de couro, câmera de ré, computador de bordo, conexão usb, controle automático de velocidade, navegador gps, rodas de liga leve, sensor de ré, som, teto solar, tração 4x4, trava elétrica, vidro elétrico, volante multifuncional",https://sp.olx.com.br/regiao-de-ribeirao-preto/autos-e-pecas/carros-vans-e-utilitarios/bmw-x6-m-competition-4-4-v8-bi-tb-625cv-aut-2023-1476324307
1520513567,BMW 320I A Modern/sport TB 2.0/a.flex 16V 4P 2020,174990,BMW,320I,A Modern/sport TB 2.0/a.flex 16V 4P,2020,115000,Gasolina,Manual,Branco,SP,Vinhedo,Nova Vinhedo,N/A,19,Não,Não,Não,"air bag, ar condicionado, alarme, bancos de couro, câmera de ré, computador de bordo, conexão usb, controle automático de velocidade, rodas de liga leve, sensor de ré, som, trava elétrica, vidro elétrico, volante multifuncional",https://sp.olx.com.br/grande-campinas/autos-e-pecas/carros-vans-e-utilitarios/bmw-320i-a-modern-sport-tb-2-0-a-flex-16v-4p-2020-1520513567
1520414661,BMW 320I A Modern/sport TB 2.0/a.flex 16V 4P 2021,189900,BMW,320I,A Modern/sport TB 2.0/a.flex 16V 4P,2021,90000,Flex,Automático,Branco,SP,São José do Rio Preto,Residencial Alto das Andorinhas,N/A,17,Não,Sim,Não,"air bag, ar condicionado, alarme, bancos de couro, câmera de ré, computador de bordo, conexão usb, controle automático de velocidade, navegador gps, rodas de liga leve, sensor de ré, teto solar, trava elétrica, vidro elétrico, volante multifuncional",https://sp.olx.com.br/regiao-de-sao-jose-do-rio-preto/autos-e-pecas/carros-vans-e-utilitarios/bmw-320i-a-modern-sport-tb-2-0-a-flex-16v-4p-2021-1520414661
1520368552,BMW X2 Sdrive 20I 2.0 TB 16V 192cv AUT 2020,166000,BMW,X2,Sdrive 20I 2.0 TB 16V 192cv AUT,2020,92000,Flex,Automático,Preto,SP,Ribeirão Preto,Sumarezinho,N/A,16,Não,Sim,Não,"air bag, ar condicionado, alarme, bancos de couro, câmera de ré, computador de bordo, conexão usb, controle automático de velocidade, interface bluetooth, navegador gps, rodas de liga leve, sensor de ré, som, teto solar, trava elétrica, vidro elétrico, volante multifuncional",https://sp.olx.com.br/regiao-de-ribeirao-preto/autos-e-pecas/carros-vans-e-utilitarios/bmw-x2-sdrive-20i-2-0-tb-16v-192cv-aut-2020-1520368552
1506166458,BMW 320I A 2.0 TB M Sport Activeflex 16V 4P 2023,249970,BMW,320I,A 2.0 TB M Sport Activeflex 16V 4P,2023,38000,Flex,Automático,Preto,SP,São Paulo,Indianópolis,N/A,11,Sim,Sim,Não,"air bag, ar condicionado, alarme, bancos de couro, câmera de ré, computador de bordo, conexão usb, controle automático de velocidade, interface bluetooth, rodas de liga leve, sensor de ré, som, teto solar, trava elétrica, vidro elétrico, volante multifuncional",https://sp.olx.com.br/sao-paulo-e-regiao/autos-e-pecas/carros-vans-e-utilitarios/bmw-320i-a-2-0-tb-m-sport-activeflex-16v-4p-2023-1506166458
1494016890,BMW 320I A 2.0 TB M Sport Activeflex 16V 4P 2023,304900,BMW,320I,A 2.0 TB M Sport Activeflex 16V 4P,2023,19754,Flex,Automático,Branco,SP,São Paulo,Saúde,N/A,11,N/A,Não,Não,"air bag, ar condicionado, alarme, bancos de couro, blindado, câmera de ré, computador de bordo, conexão usb, controle automático de velocidade, navegador gps, rodas de liga leve, sensor de ré, som, teto solar, trava elétrica, vidro elétrico, volante multifuncional",https://sp.olx.com.br/sao-paulo-e-regiao/autos-e-pecas/carros-vans-e-utilitarios/bmw-320i-a-2-0-tb-m-sport-activeflex-16v-4p-2023-1494016890
1520264218,BMW 320I A 2.0 TB M Sport Activeflex 16V 4P 2025,345990,BMW,320I,A 2.0 TB M Sport Activeflex 16V 4P,2025,6900,Flex,Automático,Preto,SP,Ribeirão Preto,Jardim Botânico,N/A,16,Não,Não,Não,"air bag, ar condicionado, trava elétrica, vidro elétrico",https://sp.olx.com.br/regiao-de-ribeirao-preto/autos-e-pecas/carros-vans-e-utilitarios/bmw-320i-a-2-0-tb-m-sport-activeflex-16v-4p-2025-1520264218
1520250919,BMW 218I Gran Coupe Sport GP 1.5 Bi-turbo 2022,172999,BMW,218I,Gran Coupe Sport GP 1.5 Bi-turbo,2022,56958,Gasolina,,Preto,SP,Cotia,Jardim Nomura,N/A,11,Não,Sim,Não,"air bag, ar condicionado, alarme, câmera de ré, computador de bordo, conexão usb, controle automático de velocidade, navegador gps, rodas de liga leve, sensor de ré, teto solar, trava elétrica, vidro elétrico, volante multifuncional",https://sp.olx.com.br/sao-paulo-e-regiao/autos-e-pecas/carros-vans-e-utilitarios/bmw-218i-gran-coupe-sport-gp-1-5-bi-turbo-2022-1520250919
1520249828,BMW X1 Sdrive 20I 2.0/2.0 TB Acti.flex Aut. 2020,133890,BMW,X1,Sdrive 20I 2.0/2.0 TB Acti.flex Aut.,2020,72300,Flex,Automático,Cinza,SP,Santos,Vila Mathias,N/A,13,Sim,Não,Não,"air bag, ar condicionado, alarme, bancos de couro, câmera de ré, computador de bordo, conexão usb, controle automático de velocidade, navegador gps, rodas de liga leve, sensor de ré, som, trava elétrica, vidro elétrico, volante multifuncional",https://sp.olx.com.br/baixada-santista-e-litoral-sul/autos-e-pecas/carros-vans-e-utilitarios/bmw-x1-sdrive-20i-2-0-2-0-tb-acti-flex-aut-2020-1520249828
1470932343,BMW X1 Sdrive 20I X-line 2.0 TB Aut. 2023,225000,BMW,X1,Sdrive 20I X-line 2.0 TB Aut.,2023,17700,Gasolina,Automático,Verde,SP,São Paulo,Vila Palmeiras,N/A,11,Não,Sim,Não,"air bag, ar condicionado, alarme, bancos de couro, câmera de ré, computador de bordo, conexão usb, controle automático de velocidade, navegador gps, rodas de liga leve, sensor de ré, teto solar, trava elétrica, vidro elétrico, volante multifuncional",https://sp.olx.com.br/sao-paulo-e-regiao/autos-e-pecas/carros-vans-e-utilitarios/bmw-x1-sdrive-20i-x-line-2-0-tb-aut-2023-1470932343
1507326963,BMW X1 Sdrive 20I M Sport 2.0 TB Aut. 2022,198900,BMW,X1,Sdrive 20I M Sport 2.0 TB Aut.,2022,36000,Flex,Automático,Preto,SP,Americana,Catharina Zanaga,N/A,19,N/A,Não,Não,"air bag, ar condicionado, alarme, rodas de liga leve, sensor de ré, trava elétrica, vidro elétrico",https://sp.olx.com.br/grande-campinas/autos-e-pecas/carros-vans-e-utilitarios/bmw-x1-sdrive-20i-m-sport-2-0-tb-aut-2022-1507326963
1520209717,BMW 320I A 2.0 TB M Sport Activeflex 16V 4P 2021,190998,BMW,320I,A 2.0 TB M Sport Activeflex 16V 4P,2021,50000,Flex,Automático,Azul,SP,São Paulo,Vila Cunha Bueno,N/A,11,Sim,Não,Não,"air bag, ar condicionado, alarme, câmera de ré, computador de bordo, conexão usb, controle automático de velocidade, navegador gps, rodas de liga leve, sensor de ré, som, teto solar, trava elétrica, vidro elétrico, volante multifuncional",https://sp.olx.com.br/sao-paulo-e-regiao/autos-e-pecas/carros-vans-e-utilitarios/bmw-320i-a-2-0-tb-m-sport-activeflex-16v-4p-2021-1520209717
1520180051,BMW 330I M Sport 2.0 TB 16V 4P 2020,205900,BMW,330I,M Sport 2.0 TB 16V 4P,2020,62000,Gasolina,Automático,Branco,SP,Guarulhos,Jardim Pinhal,N/A,11,Não,Sim,Não,"air bag, ar condicionado, alarme, bancos de couro, câmera de ré, computador de bordo, conexão usb, controle automático de velocidade, navegador gps, rodas de liga leve, sensor de ré, som, teto solar, trava elétrica, vidro elétrico, volante multifuncional",https://sp.olx.com.br/sao-paulo-e-regiao/autos-e-pecas/carros-vans-e-utilitarios/bmw-330i-m-sport-2-0-tb-16v-4p-2020-1520180051
1473070192,BMW X5 M Competition 4.4 V8 Bi-TB AUT 2022,740000,BMW,X5,M Competition 4.4 V8 Bi-TB AUT,2022,30000,Gasolina,Automático,N/A,SP,São Paulo,Mooca,N/A,11,N/A,Não,Não,"air bag, ar condicionado, alarme, bancos de couro, câmera de ré, computador de bordo, conexão usb, controle automático de velocidade, navegador gps, rodas de liga leve, sensor de ré, teto solar, tração 4x4, trava elétrica, vidro elétrico, volante multifuncional",https://sp.olx.com.br/sao-paulo-e-regiao/autos-e-pecas/carros-vans-e-utilitarios/bmw-x5-m-competition-4-4-v8-bi-tb-aut-2022-1473070192
1520136395,BMW X1 Sdrive 20I 2.0/2.0 TB Acti.flex Aut. 2020,128890,BMW,X1,Sdrive 20I 2.0/2.0 TB Acti.flex Aut.,2020,72450,Flex,Automático,Cinza,SP,Santos,Vila Mathias,N/A,13,N/A,Não,Não,"air bag, ar condicionado, alarme, bancos de couro, câmera de ré, computador de bordo, conexão usb, controle automático de velocidade, navegador gps, rodas de liga leve, sensor de ré, som, trava elétrica, vidro elétrico, volante multifuncional",https://sp.olx.com.br/baixada-santista-e-litoral-sul/autos-e-pecas/carros-vans-e-utilitarios/bmw-x1-sdrive-20i-2-0-2-0-tb-acti-flex-aut-2020-1520136395
1520125031,BMW X3 M40i 3.0 Turbo V6 360cv Aut. 2022,339900,BMW,X3,M40i 3.0 Turbo V6 360cv Aut.,2022,41000,Gasolina,Automático,Preto,SP,São José do Rio Preto,Jardim Vista Alegre,N/A,17,Não,Não,Não,"air bag, ar condicionado, alarme, bancos de couro, câmera de ré, computador de bordo, conexão usb, controle automático de velocidade, navegador gps, rodas de liga leve, sensor de ré, som, teto solar, tração 4x4, trava elétrica, vidro elétrico, volante multifuncional",https://sp.olx.com.br/regiao-de-sao-jose-do-rio-preto/autos-e-pecas/carros-vans-e-utilitarios/bmw-x3-m40i-3-0-turbo-v6-360cv-aut-2022-1520125031
1519885892,BMW X1 Sdrive 20I M Sport 2.0 TB Aut. 2024,288600,BMW,X1,Sdrive 20I M Sport 2.0 TB Aut.,2024,9700,Gasolina,Automático,Prata,SP,Campinas,Jardim Paraíso,N/A,19,N/A,Sim,Não,"air bag, ar condicionado, alarme, bancos de couro, câmera de ré, computador de bordo, conexão usb, controle automático de velocidade, navegador gps, rodas de liga leve, sensor de ré, som, teto solar, trava elétrica, vidro elétrico, volante multifuncional",https://sp.olx.com.br/grande-campinas/autos-e-pecas/carros-vans-e-utilitarios/bmw-x1-sdrive-20i-m-sport-2-0-tb-aut-2024-1519885892
1519873205,BMW 320I A Modern/sport TB 2.0/a.flex 16V 4P 2024,273000,BMW,320I,A Modern/sport TB 2.0/a.flex 16V 4P,2024,7000,Flex,Automático,Cinza,SP,Araraquara,Centro,N/A,16,Não,Sim,Não,"air bag, alarme, sensor de ré, som, trava elétrica, vidro elétrico",https://sp.olx.com.br/regiao-de-ribeirao-preto/autos-e-pecas/carros-vans-e-utilitarios/bmw-320i-a-modern-sport-tb-2-0-a-flex-16v-4p-2024-1519873205
1519866606,BMW 320I A 2.0 TB M Sport Activeflex 16V 4P 2022,229000,BMW,320I,A 2.0 TB M Sport Activeflex 16V 4P,2022,73000,Gasolina,Automático,Preto,SP,São José do Rio Preto,Pinheiros,N/A,17,N/A,Sim,Não,"air bag, ar condicionado, alarme, bancos de couro, câmera de ré, computador de bordo, conexão usb, controle automático de velocidade, interface bluetooth, navegador gps, rodas de liga leve, sensor de ré, som, teto solar, trava elétrica, vidro elétrico, volante multifuncional",https://sp.olx.com.br/regiao-de-sao-jose-do-rio-preto/autos-e-pecas/carros-vans-e-utilitarios/bmw-320i-a-2-0-tb-m-sport-activeflex-16v-4p-2022-1519866606
1519861187,BMW 320I A 2.0 TB M Sport Activeflex 16V 4P 2023,257000,BMW,320I,A 2.0 TB M Sport Activeflex 16V 4P,2023,25000,Flex,Automático,Cinza,SP,São José do Rio Preto,Jardim Maracanã,N/A,17,N/A,Não,Não,"air bag, ar condicionado, alarme, bancos de couro, câmera de ré, computador de bordo, conexão usb, controle automático de velocidade, navegador gps, rodas de liga leve, sensor de ré, som, teto solar, trava elétrica, vidro elétrico, volante multifuncional",https://sp.olx.com.br/regiao-de-sao-jose-do-rio-preto/autos-e-pecas/carros-vans-e-utilitarios/bmw-320i-a-2-0-tb-m-sport-activeflex-16v-4p-2023-1519861187
1519851203,BMW 330E M Sport 2.0 Turbo Híbrido AU 2024,313000,BMW,330E,M Sport 2.0 Turbo Híbrido AU,2024,28000,Híbrido,Automático,Cinza,SP,São Paulo,Parque Monteiro Soares,N/A,11,Sim,Sim,Não,"air bag, ar condicionado, alarme, bancos de couro, câmera de ré, computador de bordo, conexão usb, controle automático de velocidade, navegador gps, rodas de liga leve, sensor de ré, som, teto solar, trava elétrica, vidro elétrico, volante multifuncional",https://sp.olx.com.br/sao-paulo-e-regiao/autos-e-pecas/carros-vans-e-utilitarios/bmw-330e-m-sport-2-0-turbo-hibrido-au-2024-1519851203
1519778598,BMW 320I A 2.0 Turbo/activeflex 16V 184cv 4P 2025,299900,BMW,320I,A 2.0 Turbo/activeflex 16V 184cv 4P,2025,16141,Flex,Automático,Preto,SP,Nova Odessa,Parque dos Pinheiros,N/A,19,N/A,Não,Não,"air bag, ar condicionado, alarme, trava elétrica, vidro elétrico",https://sp.olx.com.br/grande-campinas/autos-e-pecas/carros-vans-e-utilitarios/bmw-320i-a-2-0-turbo-activeflex-16v-184cv-4p-2025-1519778598
1512953675,BMW 320I A Modern/sport TB 2.0/a.flex 16V 4P 2020,189900,BMW,320I,A Modern/sport TB 2.0/a.flex 16V 4P,2020,108590,Gasolina,Automático,Cinza,SP,Sorocaba,Vila Nova Sorocaba,N/A,15,N/A,Não,Não,"air bag, ar condicionado, alarme, bancos de couro, câmera de ré, computador de bordo, conexão usb, controle automático de velocidade, navegador gps, rodas de liga leve, sensor de ré, teto solar, trava elétrica, vidro elétrico, volante multifuncional",https://sp.olx.com.br/regiao-de-sorocaba/autos-e-pecas/carros-vans-e-utilitarios/bmw-320i-a-modern-sport-tb-2-0-a-flex-16v-4p-2020-1512953675
1490124924,BMW X3 Xdrive 30E X-line Turbo Híbrido AU 2021,229900,BMW,X3,Xdrive 30E X-line Turbo Híbrido AU,2021,72000,Híbrido,Automático,Azul,SP,São Paulo,Indianópolis,N/A,11,Não,Sim,Não,"air bag, ar condicionado, alarme, bancos de couro, blindado, câmera de ré, computador de bordo, controle automático de velocidade, navegador gps, rodas de liga leve, sensor de ré, teto solar, tração 4x4, trava elétrica, vidro elétrico, volante multifuncional",https://sp.olx.com.br/sao-paulo-e-regiao/autos-e-pecas/carros-vans-e-utilitarios/bmw-x3-xdrive-30e-x-line-turbo-hibrido-au-2021-1490124924
1519654813,BMW X2 Sdrive 20I 2.0 TB 16V 192cv AUT 2020,169990,BMW,X2,Sdrive 20I 2.0 TB 16V 192cv AUT,2020,92000,Flex,Automático,Preto,SP,Ribeirão Preto,Sumarezinho,N/A,16,Não,Não,Não,"air bag, ar condicionado, alarme, bancos de couro, câmera de ré, computador de bordo, conexão usb, controle automático de velocidade, navegador gps, rodas de liga leve, sensor de ré, trava elétrica, vidro elétrico, volante multifuncional",https://sp.olx.com.br/regiao-de-ribeirao-preto/autos-e-pecas/carros-vans-e-utilitarios/bmw-x2-sdrive-20i-2-0-tb-16v-192cv-aut-2020-1519654813
1519605677,BMW 320I A Modern/sport TB 2.0/a.flex 16V 4P 2021,198900,BMW,320I,A Modern/sport TB 2.0/a.flex 16V 4P,2021,38000,Flex,Automático,Branco,SP,Santos,Boqueirão,N/A,13,Não,Sim,Não,"air bag, ar condicionado, alarme, bancos de couro, câmera de ré, computador de bordo, conexão usb, controle automático de velocidade, navegador gps, rodas de liga leve, sensor de ré, teto solar, trava elétrica, vidro elétrico, volante multifuncional",https://sp.olx.com.br/baixada-santista-e-litoral-sul/autos-e-pecas/carros-vans-e-utilitarios/bmw-320i-a-modern-sport-tb-2-0-a-flex-16v-4p-2021-1519605677
1519583508,BMW X4 Xdrive 30I M-sport 2.0 TB. 252cv AUT 2024,449800,BMW,X4,Xdrive 30I M-sport 2.0 TB. 252cv AUT,2024,26000,Gasolina,Automático,N/A,SP,São Paulo,Mooca,N/A,11,N/A,Não,Não,"air bag, ar condicionado, alarme, bancos de couro, câmera de ré, computador de bordo, conexão usb, controle automático de velocidade, navegador gps, rodas de liga leve, sensor de ré, som, teto solar, tração 4x4, trava elétrica, vidro elétrico, volante multifuncional",https://sp.olx.com.br/sao-paulo-e-regiao/autos-e-pecas/carros-vans-e-utilitarios/bmw-x4-xdrive-30i-m-sport-2-0-tb-252cv-aut-2024-1519583508
1519579772,BMW X1 Sdrive 20I M Sport 2.0 TB Flex Aut. 2025,314900,BMW,X1,Sdrive 20I M Sport 2.0 TB Flex Aut.,2025,20000,Gasolina,Automático,Azul,SP,Vinhedo,Nova Vinhedo,N/A,19,Sim,Sim,Não,"air bag, ar condicionado, alarme, sensor de ré, som, trava elétrica, vidro elétrico",https://sp.olx.com.br/grande-campinas/autos-e-pecas/carros-vans-e-utilitarios/bmw-x1-sdrive-20i-m-sport-2-0-tb-flex-aut-2025-1519579772
1512797924,BMW 320I A Modern/sport TB 2.0/a.flex 16V 4P 2020,189900,BMW,320I,A Modern/sport TB 2.0/a.flex 16V 4P,2020,108000,Gasolina,Automático,Cinza,SP,Sorocaba,Vila Nova Sorocaba,N/A,15,Sim,Sim,Não,"air bag, ar condicionado, alarme, bancos de couro, câmera de ré, conexão usb, navegador gps, sensor de ré, som, teto solar, trava elétrica, vidro elétrico, volante multifuncional",https://sp.olx.com.br/regiao-de-sorocaba/autos-e-pecas/carros-vans-e-utilitarios/bmw-320i-a-modern-sport-tb-2-0-a-flex-16v-4p-2020-1512797924
1512788778,BMW 320I A 2.0 TB M Sport Activeflex 16V 4P 2023,275900,BMW,320I,A 2.0 TB M Sport Activeflex 16V 4P,2023,32000,Flex,Automático,Cinza,SP,Sorocaba,Vila Nova Sorocaba,N/A,15,Sim,Sim,Não,"air bag, ar condicionado, alarme, bancos de couro, câmera de ré, computador de bordo, conexão usb, controle automático de velocidade, navegador gps, rodas de liga leve, sensor de ré, som, teto solar, trava elétrica, vidro elétrico, volante multifuncional",https://sp.olx.com.br/regiao-de-sorocaba/autos-e-pecas/carros-vans-e-utilitarios/bmw-320i-a-2-0-tb-m-sport-activeflex-16v-4p-2023-1512788778
1519536015,BMW 530E Luxury 2.0 Turbo (híbrido) 2022,269900,BMW,530E,Luxury 2.0 Turbo (híbrido),2022,21800,Híbrido,Automático,Preto,SP,Catanduva,Parque Iracema,N/A,17,Não,Não,Não,"air bag, ar condicionado, alarme, sensor de ré, som, trava elétrica, vidro elétrico",https://sp.olx.com.br/regiao-de-sao-jose-do-rio-preto/autos-e-pecas/carros-vans-e-utilitarios/bmw-530e-luxury-2-0-turbo-hibrido-2022-1519536015
1506469149,BMW 320I A 2.0 TB M Sport Activeflex 16V 4P 2024,305050,BMW,320I,A 2.0 TB M Sport Activeflex 16V 4P,2024,40000,Flex,Automático,Cinza,SP,Guarulhos,Vila das Palmeiras,N/A,11,Não,Sim,Não,"air bag, ar condicionado, alarme, bancos de couro, blindado, câmera de ré, computador de bordo, conexão usb, controle automático de velocidade, interface bluetooth, navegador gps, rodas de liga leve, sensor de ré, som, teto solar, trava elétrica, vidro elétrico, volante multifuncional",https://sp.olx.com.br/sao-paulo-e-regiao/autos-e-pecas/carros-vans-e-utilitarios/bmw-320i-a-2-0-tb-m-sport-activeflex-16v-4p-2024-1506469149
1519473250,BMW 320I A 2.0 TB M Sport Activeflex 16V 4P 2024,280000,BMW,320I,A 2.0 TB M Sport Activeflex 16V 4P,2024,16000,Flex,Automático,Azul,SP,Piracicaba,São Dimas,N/A,19,Não,Sim,Não,"air bag, ar condicionado, alarme, bancos de couro, câmera de ré, computador de bordo, conexão usb, controle automático de velocidade, navegador gps, rodas de liga leve, sensor de ré, som, teto solar, trava elétrica, vidro elétrico, volante multifuncional",https://sp.olx.com.br/grande-campinas/autos-e-pecas/carros-vans-e-utilitarios/bmw-320i-a-2-0-tb-m-sport-activeflex-16v-4p-2024-1519473250
1506592861,BMW 320I A 2.0 TB M Sport Activeflex 16V 4P 2022,239990,BMW,320I,A 2.0 TB M Sport Activeflex 16V 4P,2022,55000,Gasolina,Automático,Azul,SP,Santo André,Centro,N/A,11,N/A,Sim,Não,"air bag, ar condicionado, alarme, blindado, câmera de ré, computador de bordo, conexão usb, controle automático de velocidade, interface bluetooth, navegador gps, rodas de liga leve, sensor de ré, som, teto solar, trava elétrica, vidro elétrico, volante multifuncional",https://sp.olx.com.br/sao-paulo-e-regiao/autos-e-pecas/carros-vans-e-utilitarios/bmw-320i-a-2-0-tb-m-sport-activeflex-16v-4p-2022-1506592861
1519458045,BMW IX1 Xdrive 30 M Sport (elétrico) 2024,265000,BMW,IX1,Xdrive 30 M Sport (elétrico),2024,29000,Elétrico,Automático,Prata,SP,Americana,Jardim São Domingos,N/A,19,Sim,Não,Não,"air bag, ar condicionado, alarme, bancos de couro, câmera de ré, computador de bordo, conexão usb, controle automático de velocidade, interface bluetooth, navegador gps, rodas de liga leve, sensor de ré, som, teto solar, tração 4x4, trava elétrica, vidro elétrico, volante multifuncional",https://sp.olx.com.br/grande-campinas/autos-e-pecas/carros-vans-e-utilitarios/bmw-ix1-xdrive-30-m-sport-eletrico-2024-1519458045
1519455577,BMW X7 M50i 4.4 V8 Bi-TB AUT 2021,439790,BMW,X7,M50i 4.4 V8 Bi-TB AUT,2021,84128,Gasolina,Automático,Preto,SP,Santo André,Vila Assunção,N/A,11,Não,Não,Não,"air bag, ar condicionado, alarme, bancos de couro, blindado, câmera de ré, computador de bordo, conexão usb, controle automático de velocidade, navegador gps, rodas de liga leve, sensor de ré, som, teto solar, tração 4x4, trava elétrica, vidro elétrico, volante multifuncional",https://sp.olx.com.br/sao-paulo-e-regiao/autos-e-pecas/carros-vans-e-utilitarios/bmw-x7-m50i-4-4-v8-bi-tb-aut-2021-1519455577
1519451442,BMW 320I A 2.0 TB M Sport Activeflex 16V 4P 2022,217890,BMW,320I,A 2.0 TB M Sport Activeflex 16V 4P,2022,64000,Flex,Automático,Branco,SP,Limeira,Vila Claudia,N/A,19,N/A,Não,Não,"air bag, air bag, ar condicionado, ar condicionado, alarme, alarme, câmera de ré, computador de bordo, conexão usb, controle automático de velocidade, navegador gps, rodas de liga leve, sensor de ré, teto solar, trava elétrica, trava elétrica, vidro elétrico, vidro elétrico, volante multifuncional",https://sp.olx.com.br/grande-campinas/autos-e-pecas/carros-vans-e-utilitarios/bmw-320i-a-2-0-tb-m-sport-activeflex-16v-4p-2022-1519451442
1519446198,BMW M3 Competition M 3.0 Bi-TB 510cv 2024,594900,BMW,M3,Competition M 3.0 Bi-TB 510cv,2024,14400,Gasolina,Automático,Amarelo,SP,Vinhedo,Centro,N/A,19,Não,Sim,Não,"air bag, ar condicionado, alarme, bancos de couro, câmera de ré, computador de bordo, conexão usb, controle automático de velocidade, navegador gps, rodas de liga leve, sensor de ré, som, trava elétrica, vidro elétrico, volante multifuncional",https://sp.olx.com.br/grande-campinas/autos-e-pecas/carros-vans-e-utilitarios/bmw-m3-competition-m-3-0-bi-tb-510cv-2024-1519446198
1519442858,BMW 320I A 2.0 Turbo/activeflex 16V 184cv 4P 2022,219790,BMW,320I,A 2.0 Turbo/activeflex 16V 184cv 4P,2022,59500,Flex,Automático,Cinza,SP,Santo André,Vila Assunção,N/A,11,Não,Não,Não,"air bag, ar condicionado, alarme, bancos de couro, blindado, câmera de ré, computador de bordo, conexão usb, controle automático de velocidade, navegador gps, rodas de liga leve, sensor de ré, som, teto solar, trava elétrica, vidro elétrico, volante multifuncional",https://sp.olx.com.br/sao-paulo-e-regiao/autos-e-pecas/carros-vans-e-utilitarios/bmw-320i-a-2-0-turbo-activeflex-16v-184cv-4p-2022-1519442858
1519413714,BMW IX XDrive 40 Aut. (elétrico) 2024,389000,BMW,IX XDrive 40,Aut. (elétrico),2024,14000,Elétrico,Automático,Preto,SP,São José do Rio Preto,Jardim Alto Alegre,N/A,17,Sim,Sim,Sim,"air bag, ar condicionado, alarme, bancos de couro, câmera de ré, computador de bordo, conexão usb, controle automático de velocidade, interface bluetooth, navegador gps, rodas de liga leve, sensor de ré, som, teto solar, tração 4x4, trava elétrica, vidro elétrico, volante multifuncional",https://sp.olx.com.br/regiao-de-sao-jose-do-rio-preto/autos-e-pecas/carros-vans-e-utilitarios/bmw-ix-xdrive-40-aut-eletrico-2024-1519413714
1519342183,BMW X1 Sdrive 20I M Sport 2.0 TB Aut. 2024,262800,BMW,X1,Sdrive 20I M Sport 2.0 TB Aut.,2024,37000,Gasolina,Automático,Preto,SP,Sertãozinho,Conjunto Habitacional Antônio Nadaletto Mazzer,N/A,16,Não,Sim,Não,"air bag, ar condicionado, alarme, bancos de couro, câmera de ré, computador de bordo, conexão usb, controle automático de velocidade, navegador gps, rodas de liga leve, sensor de ré, som, teto solar, tração 4x4, trava elétrica, vidro elétrico, volante multifuncional",https://sp.olx.com.br/regiao-de-ribeirao-preto/autos-e-pecas/carros-vans-e-utilitarios/bmw-x1-sdrive-20i-m-sport-2-0-tb-aut-2024-1519342183
1238094039,BMW X2 Sdrive 20I 2.0 TB 16V 192cv AUT 2020,175000,BMW,X2,Sdrive 20I 2.0 TB 16V 192cv AUT,2020,63000,Flex,Automático,Azul,SP,São Bernardo do Campo,Centro,N/A,11,Não,Sim,Não,"air bag, ar condicionado, alarme, bancos de couro, câmera de ré, computador de bordo, conexão usb, controle automático de velocidade, navegador gps, rodas de liga leve, sensor de ré, trava elétrica, vidro elétrico, volante multifuncional",https://sp.olx.com.br/sao-paulo-e-regiao/autos-e-pecas/carros-vans-e-utilitarios/bmw-x2-sdrive-20i-2-0-tb-16v-192cv-aut-2020-1238094039
1519319608,BMW 320I A Modern/sport TB 2.0/a.flex 16V 4P 2023,237900,BMW,320I,A Modern/sport TB 2.0/a.flex 16V 4P,2023,52980,Flex,Automático,Branco,SP,Bauru,Vila Aviação,N/A,14,Não,Sim,Não,"air bag, ar condicionado, alarme, bancos de couro, câmera de ré, computador de bordo, conexão usb, controle automático de velocidade, navegador gps, rodas de liga leve, sensor de ré, teto solar, trava elétrica, vidro elétrico, volante multifuncional",https://sp.olx.com.br/regiao-de-bauru-e-marilia/autos-e-pecas/carros-vans-e-utilitarios/bmw-320i-a-modern-sport-tb-2-0-a-flex-16v-4p-2023-1519319608
1516971081,BMW 320I A Modern/sport TB 2.0/a.flex 16V 4P 2020,188000,BMW,320I,A Modern/sport TB 2.0/a.flex 16V 4P,2020,99000,Gasolina,Automático,Branco,SP,Ribeirão Preto,Bonfim Paulista,N/A,16,Não,Sim,Não,"air bag, ar condicionado, alarme, bancos de couro, câmera de ré, computador de bordo, conexão usb, controle automático de velocidade, rodas de liga leve, sensor de ré, trava elétrica, vidro elétrico, volante multifuncional",https://sp.olx.com.br/regiao-de-ribeirao-preto/autos-e-pecas/carros-vans-e-utilitarios/bmw-320i-a-modern-sport-tb-2-0-a-flex-16v-4p-2020-1516971081
1507095715,BMW X1 Sdrive 20I X-line 2.0 TB Aut. 2025,259900,BMW,X1,Sdrive 20I X-line 2.0 TB Aut.,2025,21000,Gasolina,,Azul,SP,São Paulo,Chácara Belenzinho,N/A,11,Sim,Sim,Não,"ar condicionado, alarme, bancos de couro, câmera de ré, computador de bordo, conexão usb, controle automático de velocidade, interface bluetooth, navegador gps, rodas de liga leve, sensor de ré, som, teto solar, trava elétrica, vidro elétrico, volante multifuncional",https://sp.olx.com.br/sao-paulo-e-regiao/autos-e-pecas/carros-vans-e-utilitarios/bmw-x1-sdrive-20i-x-line-2-0-tb-aut-2025-1507095715
1516040384,BMW X1 Sdrive 20I 2.0/2.0 TB Acti.flex Aut. 2020,123990,BMW,X1,Sdrive 20I 2.0/2.0 TB Acti.flex Aut.,2020,65000,Flex,Automático,Cinza,SP,Santo André,Jardim,N/A,11,Não,Sim,Não,"air bag, ar condicionado, alarme, bancos de couro, câmera de ré, computador de bordo, conexão usb, controle automático de velocidade, navegador gps, rodas de liga leve, sensor de ré, trava elétrica, vidro elétrico, volante multifuncional",https://sp.olx.com.br/sao-paulo-e-regiao/autos-e-pecas/carros-vans-e-utilitarios/bmw-x1-sdrive-20i-2-0-2-0-tb-acti-flex-aut-2020-1516040384
1519179694,BMW X1 Sdrive 20I 2.0/2.0 TB Acti.flex Aut. 2022,154970,BMW,X1,Sdrive 20I 2.0/2.0 TB Acti.flex Aut.,2022,33864,Flex,Automático,Azul,SP,São Paulo,Indianópolis,N/A,11,Sim,Não,Não,"air bag, ar condicionado, alarme, bancos de couro, câmera de ré, computador de bordo, conexão usb, controle automático de velocidade, navegador gps, rodas de liga leve, sensor de ré, som, trava elétrica, vidro elétrico, volante multifuncional",https://sp.olx.com.br/sao-paulo-e-regiao/autos-e-pecas/carros-vans-e-utilitarios/bmw-x1-sdrive-20i-2-0-2-0-tb-acti-flex-aut-2022-1519179694
1519166495,BMW 320I A Modern/sport TB 2.0/a.flex 16V 4P 2020,168900,BMW,320I,A Modern/sport TB 2.0/a.flex 16V 4P,2020,78000,Gasolina,Automático,Cinza,SP,São Bernardo do Campo,Independência,N/A,11,N/A,Sim,Não,"air bag, ar condicionado, alarme, bancos de couro, câmera de ré, computador de bordo, conexão usb, controle automático de velocidade, interface bluetooth, rodas de liga leve, sensor de ré, trava elétrica, vidro elétrico, volante multifuncional",https://sp.olx.com.br/sao-paulo-e-regiao/autos-e-pecas/carros-vans-e-utilitarios/bmw-320i-a-modern-sport-tb-2-0-a-flex-16v-4p-2020-1519166495
1519139537,BMW 320I A 2.0 TB M Sport Activeflex 16V 4P 2022,198900,BMW,320I,A 2.0 TB M Sport Activeflex 16V 4P,2022,79000,Gasolina,Automático,Branco,SP,Praia Grande,Aviação,N/A,13,Sim,Sim,Não,"air bag, ar condicionado, alarme, bancos de couro, câmera de ré, computador de bordo, conexão usb, controle automático de velocidade, interface bluetooth, navegador gps, rodas de liga leve, sensor de ré, som, teto solar, trava elétrica, vidro elétrico, volante multifuncional",https://sp.olx.com.br/baixada-santista-e-litoral-sul/autos-e-pecas/carros-vans-e-utilitarios/bmw-320i-a-2-0-tb-m-sport-activeflex-16v-4p-2022-1519139537
1512218902,BMW X5 Xdrive 45E 3.0 M.sport Híbrido AU 2023,379900,BMW,X5,Xdrive 45E 3.0 M.sport Híbrido AU,2023,96000,Híbrido,Automático,Preto,SP,Barueri,Alphaville Empresarial,N/A,11,Não,Sim,Sim,"air bag, ar condicionado, alarme, bancos de couro, câmera de ré, computador de bordo, conexão usb, controle automático de velocidade, navegador gps, rodas de liga leve, sensor de ré, som, teto solar, tração 4x4, trava elétrica, vidro elétrico, volante multifuncional",https://sp.olx.com.br/sao-paulo-e-regiao/autos-e-pecas/carros-vans-e-utilitarios/bmw-x5-xdrive-45e-3-0-m-sport-hibrido-au-2023-1512218902
1519070413,BMW M235I Xdrive Gran Coupé 2.0 AUT 2022,204900,BMW,M235I,Xdrive Gran Coupé 2.0 AUT,2022,45000,Gasolina,Automático,Preto,SP,São Paulo,Brooklin Paulista,N/A,11,Não,Sim,Não,"air bag, ar condicionado, alarme, bancos de couro, câmera de ré, computador de bordo, conexão usb, controle automático de velocidade, navegador gps, rodas de liga leve, sensor de ré, teto solar, tração 4x4, trava elétrica, vidro elétrico, volante multifuncional",https://sp.olx.com.br/sao-paulo-e-regiao/autos-e-pecas/carros-vans-e-utilitarios/bmw-m235i-xdrive-gran-coupe-2-0-aut-2022-1519070413
1505238182,BMW 320I A 2.0 TB M Sport Activeflex 16V 4P 2023,276900,BMW,320I,A 2.0 TB M Sport Activeflex 16V 4P,2023,59000,Flex,Automático,Preto,SP,Sorocaba,Vila Jardini,N/A,15,Não,Sim,Não,"air bag, ar condicionado, alarme, bancos de couro, blindado, câmera de ré, computador de bordo, conexão usb, controle automático de velocidade, interface bluetooth, navegador gps, rodas de liga leve, sensor de ré, som, teto solar, trava elétrica, vidro elétrico, volante multifuncional",https://sp.olx.com.br/regiao-de-sorocaba/autos-e-pecas/carros-vans-e-utilitarios/bmw-320i-a-2-0-tb-m-sport-activeflex-16v-4p-2023-1505238182
1518910157,BMW X5 Xdrive 50E 3.0 M Sport Aut. (hibrido) 2025,589900,BMW,X5,Xdrive 50E 3.0 M Sport Aut. (hibrido),2025,17800,Híbrido,Automático,Preto,SP,Ribeirão Preto,Condomínio Itamaraty,N/A,16,Não,Não,Não,"air bag, air bag, ar condicionado, ar condicionado, alarme, alarme, bancos de couro, bancos de couro, câmera de ré, câmera de ré, computador de bordo, computador de bordo, conexão usb, controle automático de velocidade, navegador gps, rodas de liga leve, rodas de liga leve, sensor de ré, sensor de ré, som, teto solar, tração 4x4, trava elétrica, trava elétrica, vidro elétrico, vidro elétrico, volante multifuncional",https://sp.olx.com.br/regiao-de-ribeirao-preto/autos-e-pecas/carros-vans-e-utilitarios/bmw-x5-xdrive-50e-3-0-m-sport-aut-hibrido-2025-1518910157
1518899133,BMW X1 Sdrive 20I X-line 2.0 TB Aut. 2025,264800,BMW,X1,Sdrive 20I X-line 2.0 TB Aut.,2025,17000,Gasolina,Automático,Branco,SP,Sertãozinho,Conjunto Habitacional Antônio Nadaletto Mazzer,N/A,16,Sim,Sim,Não,"air bag, ar condicionado, alarme, bancos de couro, câmera de ré, computador de bordo, conexão usb, controle automático de velocidade, navegador gps, rodas de liga leve, sensor de ré, som, teto solar, trava elétrica, vidro elétrico, volante multifuncional",https://sp.olx.com.br/regiao-de-ribeirao-preto/autos-e-pecas/carros-vans-e-utilitarios/bmw-x1-sdrive-20i-x-line-2-0-tb-aut-2025-1518899133
1518865148,BMW 320I A 2.0 TB M Sport Activeflex 16V 4P 2024,344000,BMW,320I,A 2.0 TB M Sport Activeflex 16V 4P,2024,9500,Flex,Automático,Cinza,SP,São Paulo,Vila Mariana,N/A,11,Não,Sim,Não,"air bag, ar condicionado, alarme, bancos de couro, câmera de ré, computador de bordo, conexão usb, controle automático de velocidade, navegador gps, rodas de liga leve, sensor de ré, som, teto solar, trava elétrica, vidro elétrico, volante multifuncional",https://sp.olx.com.br/sao-paulo-e-regiao/autos-e-pecas/carros-vans-e-utilitarios/bmw-320i-a-2-0-tb-m-sport-activeflex-16v-4p-2024-1518865148
1518822936,BMW X1 Sdrive 20I M Sport 2.0 TB Aut. 2026,329999,BMW,X1,Sdrive 20I M Sport 2.0 TB Aut.,2026,15000,N/A,Automático,Branco,SP,São Paulo,Vila Leopoldina,N/A,11,Sim,Não,Sim,"air bag, ar condicionado, bancos de couro, câmera de ré, computador de bordo, conexão usb, controle automático de velocidade, interface bluetooth, navegador gps, rodas de liga leve, sensor de ré, som, teto solar, trava elétrica, vidro elétrico, volante multifuncional",https://sp.olx.com.br/sao-paulo-e-regiao/autos-e-pecas/carros-vans-e-utilitarios/bmw-x1-sdrive-20i-m-sport-2-0-tb-aut-2026-1518822936
1506029118,BMW X1 Sdrive 18I GP 1.5 TB Aut. 2023,204900,BMW,X1,Sdrive 18I GP 1.5 TB Aut.,2023,87000,Gasolina,Automático,Verde,SP,Mogi das Cruzes,Jardim Armênia,N/A,11,N/A,Não,Não,"air bag, ar condicionado, alarme, bancos de couro, câmera de ré, computador de bordo, conexão usb, controle automático de velocidade, navegador gps, rodas de liga leve, sensor de ré, trava elétrica, vidro elétrico, volante multifuncional",https://sp.olx.com.br/sao-paulo-e-regiao/autos-e-pecas/carros-vans-e-utilitarios/bmw-x1-sdrive-18i-gp-1-5-tb-aut-2023-1506029118
1518728576,BMW 320I 320i 2024,289900,BMW,320I,320i,2024,24239,Flex,Automático,Cinza,SP,Mirassol,Centro,N/A,17,Não,Não,Não,"air bag, ar condicionado, alarme, bancos de couro, câmera de ré, computador de bordo, conexão usb, controle automático de velocidade, navegador gps, rodas de liga leve, sensor de ré, som, teto solar, trava elétrica, vidro elétrico, volante multifuncional",https://sp.olx.com.br/regiao-de-sao-jose-do-rio-preto/autos-e-pecas/carros-vans-e-utilitarios/bmw-320i-320i-2024-1518728576
1518679066,BMW X1 Sdrive 20I 2.0/2.0 TB Acti.flex Aut. 2021,141999,BMW,X1,Sdrive 20I 2.0/2.0 TB Acti.flex Aut.,2021,100000,Flex,Automático,Cinza,SP,São Paulo,Bela Aliança,N/A,11,N/A,Sim,Não,"air bag, ar condicionado, alarme, bancos de couro, blindado, câmera de ré, computador de bordo, conexão usb, controle automático de velocidade, interface bluetooth, navegador gps, rodas de liga leve, sensor de ré, som, trava elétrica, vidro elétrico, volante multifuncional",https://sp.olx.com.br/sao-paulo-e-regiao/autos-e-pecas/carros-vans-e-utilitarios/bmw-x1-sdrive-20i-2-0-2-0-tb-acti-flex-aut-2021-1518679066
1518639396,BMW 320I 320i 2020,179969,BMW,320I,320i,2020,57000,Gasolina,Automático,N/A,SP,Santo André,Vila Príncipe de Gales,N/A,11,N/A,Sim,Não,"air bag, air bag, trava elétrica, vidro elétrico",https://sp.olx.com.br/sao-paulo-e-regiao/autos-e-pecas/carros-vans-e-utilitarios/bmw-320i-320i-2020-1518639396
1504937683,BMW X6 Xdrive 40I M Sport 3.0 Bi-turbo 2026,834900,BMW,X6,Xdrive 40I M Sport 3.0 Bi-turbo,2026,9000,Híbrido,Automático,Preto,SP,Ribeirão Preto,Nova Aliança,N/A,16,N/A,Não,Não,"ar condicionado, alarme, câmera de ré, sensor de ré, som, trava elétrica, vidro elétrico",https://sp.olx.com.br/regiao-de-ribeirao-preto/autos-e-pecas/carros-vans-e-utilitarios/bmw-x6-xdrive-40i-m-sport-3-0-bi-turbo-2026-1504937683
1518617075,BMW 320I A 2.0 TB M Sport Activeflex 16V 4P 2022,210000,BMW,320I,A 2.0 TB M Sport Activeflex 16V 4P,2022,63000,Flex,Automático,Cinza,SP,Santa Bárbara D'Oeste,Vila Dainese,N/A,19,Não,Sim,Não,"air bag, ar condicionado, alarme, câmera de ré, computador de bordo, conexão usb, controle automático de velocidade, navegador gps, rodas de liga leve, sensor de ré, som, teto solar, trava elétrica, vidro elétrico, volante multifuncional",https://sp.olx.com.br/grande-campinas/autos-e-pecas/carros-vans-e-utilitarios/bmw-320i-a-2-0-tb-m-sport-activeflex-16v-4p-2022-1518617075
1518621877,BMW 320I A 2.0 Turbo/activeflex 16V 184cv 4P 2021,186900,BMW,320I,A 2.0 Turbo/activeflex 16V 184cv 4P,2021,51000,Flex,Automático,Preto,SP,Sorocaba,Vila Assis,N/A,15,N/A,Não,Não,"air bag, ar condicionado, alarme, bancos de couro, câmera de ré, computador de bordo, conexão usb, controle automático de velocidade, navegador gps, rodas de liga leve, sensor de ré, trava elétrica, vidro elétrico, volante multifuncional",https://sp.olx.com.br/regiao-de-sorocaba/autos-e-pecas/carros-vans-e-utilitarios/bmw-320i-a-2-0-turbo-activeflex-16v-184cv-4p-2021-1518621877
1518601080,BMW 320I A 2.0 TB M Sport Activeflex 16V 4P 2022,245900,BMW,320I,A 2.0 TB M Sport Activeflex 16V 4P,2022,49000,Gasolina,Automático,Preto,SP,Sorocaba,Vila Assis,N/A,15,N/A,Não,Não,"air bag, ar condicionado, alarme, câmera de ré, computador de bordo, conexão usb, controle automático de velocidade, navegador gps, rodas de liga leve, sensor de ré, teto solar, trava elétrica, vidro elétrico, volante multifuncional",https://sp.olx.com.br/regiao-de-sorocaba/autos-e-pecas/carros-vans-e-utilitarios/bmw-320i-a-2-0-tb-m-sport-activeflex-16v-4p-2022-1518601080
1518597154,BMW X1 Sdrive 20I 2.0/2.0 TB Acti.flex Aut. 2020,144900,BMW,X1,Sdrive 20I 2.0/2.0 TB Acti.flex Aut.,2020,63000,Flex,Automático,Cinza,SP,Sorocaba,Vila Assis,N/A,15,N/A,Não,Não,"air bag, ar condicionado, alarme, bancos de couro, câmera de ré, computador de bordo, conexão usb, controle automático de velocidade, navegador gps, rodas de liga leve, sensor de ré, trava elétrica, vidro elétrico, volante multifuncional",https://sp.olx.com.br/regiao-de-sorocaba/autos-e-pecas/carros-vans-e-utilitarios/bmw-x1-sdrive-20i-2-0-2-0-tb-acti-flex-aut-2020-1518597154
1518591639,BMW 320I A Modern/sport TB 2.0/a.flex 16V 4P 2023,239990,BMW,320I,A Modern/sport TB 2.0/a.flex 16V 4P,2023,109915,Flex,Automático,Cinza,SP,Itu,Liberdade,N/A,11,Sim,Sim,Não,"air bag, ar condicionado, alarme, bancos de couro, câmera de ré, computador de bordo, conexão usb, controle automático de velocidade, interface bluetooth, navegador gps, rodas de liga leve, sensor de ré, som, teto solar, trava elétrica, vidro elétrico, volante multifuncional",https://sp.olx.com.br/sao-paulo-e-regiao/autos-e-pecas/carros-vans-e-utilitarios/bmw-320i-a-modern-sport-tb-2-0-a-flex-16v-4p-2023-1518591639
1515551987,BMW 320I A Modern/sport TB 2.0/a.flex 16V 4P 2024,275900,BMW,320I,A Modern/sport TB 2.0/a.flex 16V 4P,2024,17000,Flex,Automático,Vermelho,SP,Boa Esperança do Sul,Centro,N/A,16,Não,Sim,Não,N/A,https://sp.olx.com.br/regiao-de-ribeirao-preto/autos-e-pecas/carros-vans-e-utilitarios/bmw-320i-a-modern-sport-tb-2-0-a-flex-16v-4p-2024-1515551987
1486676604,BMW 218I Gran Coupe Sport GP 1.5 Bi-turbo 2023,175900,BMW,218I,Gran Coupe Sport GP 1.5 Bi-turbo,2023,29650,Gasolina,Automático,Branco,SP,Santos,Ponta da Praia,N/A,13,Não,Não,Não,"air bag, ar condicionado, alarme, câmera de ré, computador de bordo, conexão usb, controle automático de velocidade, navegador gps, rodas de liga leve, sensor de ré, teto solar, trava elétrica, vidro elétrico, volante multifuncional",https://sp.olx.com.br/baixada-santista-e-litoral-sul/autos-e-pecas/carros-vans-e-utilitarios/bmw-218i-gran-coupe-sport-gp-1-5-bi-turbo-2023-1486676604
1472109555,BMW Z4 Roadster Sdrive 30I Msport 2.0 TB AUT 2022,394900,BMW,Z4,Roadster Sdrive 30I Msport 2.0 TB AUT,2022,19500,Gasolina,Automático,Branco,SP,Santos,Ponta da Praia,N/A,13,Não,Não,Não,"air bag, ar condicionado, bancos de couro, computador de bordo, conexão usb, controle automático de velocidade, navegador gps, rodas de liga leve, trava elétrica, vidro elétrico, volante multifuncional",https://sp.olx.com.br/baixada-santista-e-litoral-sul/autos-e-pecas/carros-vans-e-utilitarios/bmw-z4-roadster-sdrive-30i-msport-2-0-tb-aut-2022-1472109555
1515481721,BMW 320I A Modern/sport TB 2.0/a.flex 16V 4P 2022,216000,BMW,320I,A Modern/sport TB 2.0/a.flex 16V 4P,2022,84000,Flex,Automático,Azul,SP,Piracicaba,Verde,N/A,19,Não,Não,Não,"air bag, ar condicionado, alarme, bancos de couro, câmera de ré, computador de bordo, conexão usb, controle automático de velocidade, navegador gps, rodas de liga leve, sensor de ré, teto solar, trava elétrica, vidro elétrico, volante multifuncional",https://sp.olx.com.br/grande-campinas/autos-e-pecas/carros-vans-e-utilitarios/bmw-320i-a-modern-sport-tb-2-0-a-flex-16v-4p-2022-1515481721
1511603607,BMW M3 Competition M 3.0 Bi-TB 510cv 2024,645900,BMW,M3,Competition M 3.0 Bi-TB 510cv,2024,3900,Gasolina,Automático,Vermelho,SP,Pilar do Sul,Campo Grande,N/A,15,Sim,Sim,Não,"air bag, ar condicionado, alarme, bancos de couro, câmera de ré, computador de bordo, conexão usb, controle automático de velocidade, navegador gps, rodas de liga leve, sensor de ré, som, trava elétrica, vidro elétrico, volante multifuncional",https://sp.olx.com.br/regiao-de-sorocaba/autos-e-pecas/carros-vans-e-utilitarios/bmw-m3-competition-m-3-0-bi-tb-510cv-2024-1511603607
1518455579,BMW X1 Sdrive 20I X-line 2.0 TB Active Flex 2022,171850,BMW,X1,Sdrive 20I X-line 2.0 TB Active Flex,2022,91000,Flex,Automático,Branco,SP,São Paulo,Rio Pequeno,N/A,11,Não,Sim,Não,"air bag, ar condicionado, alarme, bancos de couro, câmera de ré, computador de bordo, conexão usb, controle automático de velocidade, navegador gps, rodas de liga leve, sensor de ré, som, teto solar, trava elétrica, vidro elétrico, volante multifuncional",https://sp.olx.com.br/sao-paulo-e-regiao/autos-e-pecas/carros-vans-e-utilitarios/bmw-x1-sdrive-20i-x-line-2-0-tb-active-flex-2022-1518455579
1518424619,BMW 320I 320i 2024,284800,BMW,320I,320i,2024,21000,Flex,Automático,Preto,SP,Sertãozinho,Conjunto Habitacional Antônio Nadaletto Mazzer,N/A,16,Não,Sim,Não,"ar condicionado, alarme, bancos de couro, câmera de ré, navegador gps, rodas de liga leve, sensor de ré, som, teto solar, trava elétrica, vidro elétrico, volante multifuncional",https://sp.olx.com.br/regiao-de-ribeirao-preto/autos-e-pecas/carros-vans-e-utilitarios/bmw-320i-320i-2024-1518424619
1518409737,BMW X1 Sdrive 20I X-line 2.0 TB Active Flex 2022,185000,BMW,X1,Sdrive 20I X-line 2.0 TB Active Flex,2022,46300,Flex,Automático,Azul,SP,Limeira,Residencial Florisa,N/A,19,Não,Sim,Não,"air bag, ar condicionado, alarme, bancos de couro, câmera de ré, computador de bordo, conexão usb, controle automático de velocidade, interface bluetooth, navegador gps, rodas de liga leve, sensor de ré, som, teto solar, trava elétrica, vidro elétrico, volante multifuncional",https://sp.olx.com.br/grande-campinas/autos-e-pecas/carros-vans-e-utilitarios/bmw-x1-sdrive-20i-x-line-2-0-tb-active-flex-2022-1518409737
1518316997,BMW 320I 320i 2023,285790,BMW,320I,320i,2023,14500,Flex,Automático,Preto,SP,Santo André,Vila Assunção,N/A,11,Sim,Não,Não,"air bag, ar condicionado, alarme, bancos de couro, blindado, computador de bordo, rodas de liga leve, sensor de ré, som, teto solar, trava elétrica, vidro elétrico, volante multifuncional",https://sp.olx.com.br/sao-paulo-e-regiao/autos-e-pecas/carros-vans-e-utilitarios/bmw-320i-320i-2023-1518316997
1500987377,BMW X1 Sdrive 20I X-line 2.0 TB Aut. 2024,254990,BMW,X1,Sdrive 20I X-line 2.0 TB Aut.,2024,21000,Gasolina,Automático,Branco,SP,Mogi das Cruzes,Parque Residencial Itapeti,N/A,11,Não,Sim,Não,"air bag, ar condicionado, alarme, bancos de couro, câmera de ré, computador de bordo, conexão usb, controle automático de velocidade, interface bluetooth, navegador gps, rodas de liga leve, sensor de ré, som, teto solar, trava elétrica, vidro elétrico, volante multifuncional",https://sp.olx.com.br/sao-paulo-e-regiao/autos-e-pecas/carros-vans-e-utilitarios/bmw-x1-sdrive-20i-x-line-2-0-tb-aut-2024-1500987377
1518284347,BMW X1 Sdrive 20I 2.0/2.0 TB Acti.flex Aut. 2020,132890,BMW,X1,Sdrive 20I 2.0/2.0 TB Acti.flex Aut.,2020,72300,Flex,Automático,Cinza,SP,Santos,Vila Mathias,N/A,13,N/A,Não,Não,"air bag, ar condicionado, alarme, bancos de couro, câmera de ré, computador de bordo, conexão usb, controle automático de velocidade, navegador gps, rodas de liga leve, sensor de ré, trava elétrica, vidro elétrico, volante multifuncional",https://sp.olx.com.br/baixada-santista-e-litoral-sul/autos-e-pecas/carros-vans-e-utilitarios/bmw-x1-sdrive-20i-2-0-2-0-tb-acti-flex-aut-2020-1518284347
1518282763,BMW 320I A Modern/sport TB 2.0/a.flex 16V 4P 2023,217990,BMW,320I,A Modern/sport TB 2.0/a.flex 16V 4P,2023,39000,Flex,Automático,Cinza,SP,Americana,Loteamento Israel,N/A,19,Sim,Sim,Não,"air bag, ar condicionado, alarme, bancos de couro, câmera de ré, computador de bordo, conexão usb, controle automático de velocidade, interface bluetooth, navegador gps, rodas de liga leve, sensor de ré, som, teto solar, trava elétrica, vidro elétrico, volante multifuncional",https://sp.olx.com.br/grande-campinas/autos-e-pecas/carros-vans-e-utilitarios/bmw-320i-a-modern-sport-tb-2-0-a-flex-16v-4p-2023-1518282763
1422937695,BMW X1 Sdrive 20I X-line 2.0 TB Active Flex 2022,161999,BMW,X1,Sdrive 20I X-line 2.0 TB Active Flex,2022,74107,Flex,Automático,Preto,SP,Franca,Jardim Veneza,N/A,16,N/A,Não,Não,"air bag, ar condicionado, alarme, bancos de couro, câmera de ré, computador de bordo, conexão usb, controle automático de velocidade, navegador gps, rodas de liga leve, sensor de ré, teto solar, trava elétrica, vidro elétrico, volante multifuncional",https://sp.olx.com.br/regiao-de-ribeirao-preto/autos-e-pecas/carros-vans-e-utilitarios/bmw-x1-sdrive-20i-x-line-2-0-tb-active-flex-2022-1422937695
1504957420,BMW X1 Sdrive 20I X-line 2.0 TB Active Flex 2022,165000,BMW,X1,Sdrive 20I X-line 2.0 TB Active Flex,2022,43500,Flex,Automático,Cinza,SP,São Paulo,Pinheiros,N/A,11,N/A,Não,Não,"air bag, ar condicionado, alarme, bancos de couro, câmera de ré, computador de bordo, conexão usb, controle automático de velocidade, navegador gps, rodas de liga leve, sensor de ré, teto solar, trava elétrica, vidro elétrico, volante multifuncional",https://sp.olx.com.br/sao-paulo-e-regiao/autos-e-pecas/carros-vans-e-utilitarios/bmw-x1-sdrive-20i-x-line-2-0-tb-active-flex-2022-1504957420
1516705848,BMW 320I A Modern/sport TB 2.0/a.flex 16V 4P 2020,145900,BMW,320I,A Modern/sport TB 2.0/a.flex 16V 4P,2020,75000,Gasolina,Automático,Preto,SP,São Paulo,Saúde,N/A,11,N/A,Sim,Não,"air bag, ar condicionado, alarme, bancos de couro, câmera de ré, computador de bordo, conexão usb, controle automático de velocidade, rodas de liga leve, sensor de ré, trava elétrica, vidro elétrico, volante multifuncional",https://sp.olx.com.br/sao-paulo-e-regiao/autos-e-pecas/carros-vans-e-utilitarios/bmw-320i-a-modern-sport-tb-2-0-a-flex-16v-4p-2020-1516705848
1518107527,BMW 320I A 2.0 Turbo/activeflex 16V 184cv 4P 2021,179900,BMW,320I,A 2.0 Turbo/activeflex 16V 184cv 4P,2021,42000,Flex,Automático,Branco,SP,São José do Rio Preto,Centro,N/A,17,N/A,Sim,Não,"air bag, ar condicionado, alarme, bancos de couro, câmera de ré, computador de bordo, conexão usb, controle automático de velocidade, interface bluetooth, navegador gps, rodas de liga leve, sensor de ré, trava elétrica, vidro elétrico, volante multifuncional",https://sp.olx.com.br/regiao-de-sao-jose-do-rio-preto/autos-e-pecas/carros-vans-e-utilitarios/bmw-320i-a-2-0-turbo-activeflex-16v-184cv-4p-2021-1518107527
1518096671,BMW 320I A Modern/sport TB 2.0/a.flex 16V 4P 2020,192900,BMW,320I,A Modern/sport TB 2.0/a.flex 16V 4P,2020,32000,Gasolina,Automático,Branco,SP,Bauru,Vila Nova Cidade Universitária,N/A,14,Sim,Sim,Não,"air bag, ar condicionado, alarme, bancos de couro, câmera de ré, computador de bordo, conexão usb, controle automático de velocidade, interface bluetooth, navegador gps, rodas de liga leve, sensor de ré, som, teto solar, trava elétrica, vidro elétrico, volante multifuncional",https://sp.olx.com.br/regiao-de-bauru-e-marilia/autos-e-pecas/carros-vans-e-utilitarios/bmw-320i-a-modern-sport-tb-2-0-a-flex-16v-4p-2020-1518096671
1518082218,BMW 320I A 2.0 TB M Sport Activeflex 16V 4P 2022,218900,BMW,320I,A 2.0 TB M Sport Activeflex 16V 4P,2022,72000,Flex,Automático,Azul,SP,Ribeirão Preto,Centro,N/A,16,Não,Sim,Não,"air bag, ar condicionado, alarme, câmera de ré, computador de bordo, conexão usb, controle automático de velocidade, navegador gps, rodas de liga leve, sensor de ré, teto solar, trava elétrica, vidro elétrico, volante multifuncional",https://sp.olx.com.br/regiao-de-ribeirao-preto/autos-e-pecas/carros-vans-e-utilitarios/bmw-320i-a-2-0-tb-m-sport-activeflex-16v-4p-2022-1518082218
1514419366,BMW 320I A Modern/sport TB 2.0/a.flex 16V 4P 2024,276000,BMW,320I,A Modern/sport TB 2.0/a.flex 16V 4P,2024,45000,Flex,Automático,Cinza,SP,Hortolândia,Parque Olívio Franceschini,N/A,19,Não,Sim,Não,"air bag, ar condicionado, alarme, bancos de couro, câmera de ré, computador de bordo, conexão usb, controle automático de velocidade, navegador gps, rodas de liga leve, sensor de ré, teto solar, trava elétrica, vidro elétrico, volante multifuncional",https://sp.olx.com.br/grande-campinas/autos-e-pecas/carros-vans-e-utilitarios/bmw-320i-a-modern-sport-tb-2-0-a-flex-16v-4p-2024-1514419366
1435316797,BMW X6 M Competition 4.4 V8 Bi-TB 625cv AUT 2024,899000,BMW,X6,M Competition 4.4 V8 Bi-TB 625cv AUT,2024,10500,Gasolina,Automático,Azul,SP,Limeira,Centro,N/A,19,Sim,Sim,Não,"air bag, ar condicionado, alarme, bancos de couro, câmera de ré, computador de bordo, conexão usb, controle automático de velocidade, navegador gps, rodas de liga leve, sensor de ré, som, teto solar, tração 4x4, trava elétrica, vidro elétrico, volante multifuncional",https://sp.olx.com.br/grande-campinas/autos-e-pecas/carros-vans-e-utilitarios/bmw-x6-m-competition-4-4-v8-bi-tb-625cv-aut-2024-1435316797
1518006187,BMW X2 Xdrive20i M Sport 2025,449900,BMW,X2,Xdrive20i M Sport,2025,10000,Gasolina,Automático,Preto,SP,São Paulo,Vila Andrade,N/A,11,Sim,Sim,Não,"air bag, ar condicionado, alarme, bancos de couro, blindado, câmera de ré, computador de bordo, conexão usb, controle automático de velocidade, interface bluetooth, navegador gps, rodas de liga leve, sensor de ré, som, teto solar, tração 4x4, trava elétrica, vidro elétrico, volante multifuncional",https://sp.olx.com.br/sao-paulo-e-regiao/autos-e-pecas/carros-vans-e-utilitarios/bmw-x2-xdrive20i-m-sport-2025-1518006187
1453734365,BMW X1 Sdrive 20I X-line 2.0 TB Active Flex 2022,191900,BMW,X1,Sdrive 20I X-line 2.0 TB Active Flex,2022,41000,Flex,Automático,Preto,SP,Praia Grande,Guilhermina,N/A,13,Não,Não,Não,"air bag, ar condicionado, alarme, bancos de couro, câmera de ré, computador de bordo, conexão usb, controle automático de velocidade, navegador gps, rodas de liga leve, sensor de ré, teto solar, trava elétrica, vidro elétrico, volante multifuncional",https://sp.olx.com.br/baixada-santista-e-litoral-sul/autos-e-pecas/carros-vans-e-utilitarios/bmw-x1-sdrive-20i-x-line-2-0-tb-active-flex-2022-1453734365
1517998982,BMW 320I A Modern/sport TB 2.0/a.flex 16V 4P 2024,264900,BMW,320I,A Modern/sport TB 2.0/a.flex 16V 4P,2024,300,Flex,Automático,Branco,SP,Sorocaba,Vila Assis,N/A,15,Sim,Sim,Não,"air bag, ar condicionado, alarme, bancos de couro, câmera de ré, computador de bordo, conexão usb, controle automático de velocidade, navegador gps, rodas de liga leve, sensor de ré, teto solar, trava elétrica, vidro elétrico, volante multifuncional",https://sp.olx.com.br/regiao-de-sorocaba/autos-e-pecas/carros-vans-e-utilitarios/bmw-320i-a-modern-sport-tb-2-0-a-flex-16v-4p-2024-1517998982
1511041016,BMW X1 Sdrive 20I X-line 2.0 TB Active Flex 2020,145900,BMW,X1,Sdrive 20I X-line 2.0 TB Active Flex,2020,94717,Flex,Automático,Branco,SP,São Carlos,Parque Santa Mônica,N/A,16,Não,Sim,Não,"air bag, ar condicionado, alarme, bancos de couro, câmera de ré, computador de bordo, conexão usb, controle automático de velocidade, navegador gps, rodas de liga leve, sensor de ré, som, teto solar, trava elétrica, vidro elétrico, volante multifuncional",https://sp.olx.com.br/regiao-de-ribeirao-preto/autos-e-pecas/carros-vans-e-utilitarios/bmw-x1-sdrive-20i-x-line-2-0-tb-active-flex-2020-1511041016
1517902367,BMW 320I A 2.0 Turbo/activeflex 16V 184cv 4P 2025,290000,BMW,320I,A 2.0 Turbo/activeflex 16V 184cv 4P,2025,11000,Flex,Automático,Branco,SP,São Paulo,Cerqueira César,N/A,11,Sim,Sim,Sim,"air bag, ar condicionado, bancos de couro, câmera de ré, computador de bordo, controle automático de velocidade, interface bluetooth, navegador gps, rodas de liga leve, sensor de ré, som, tração 4x4, trava elétrica, vidro elétrico, volante multifuncional",https://sp.olx.com.br/sao-paulo-e-regiao/autos-e-pecas/carros-vans-e-utilitarios/bmw-320i-a-2-0-turbo-activeflex-16v-184cv-4p-2025-1517902367
1517830674,BMW 218I Gran Coupe Sport GP 1.5 Bi-turbo 2023,169990,BMW,218I,Gran Coupe Sport GP 1.5 Bi-turbo,2023,53000,Gasolina,Automático,Preto,SP,Guarulhos,Jardim Maia,N/A,11,N/A,Sim,Não,"air bag, ar condicionado, alarme, bancos de couro, câmera de ré, computador de bordo, conexão usb, controle automático de velocidade, navegador gps, rodas de liga leve, sensor de ré, teto solar, trava elétrica, vidro elétrico, volante multifuncional",https://sp.olx.com.br/sao-paulo-e-regiao/autos-e-pecas/carros-vans-e-utilitarios/bmw-218i-gran-coupe-sport-gp-1-5-bi-turbo-2023-1517830674
1517826292,BMW X1 Sdrive 20I M Sport 2.0 TB Flex Aut. 2022,194990,BMW,X1,Sdrive 20I M Sport 2.0 TB Flex Aut.,2022,49000,Flex,Automático,Branco,SP,Campinas,Jardim Chapadão,N/A,19,Não,Não,Não,"air bag, ar condicionado, alarme, bancos de couro, câmera de ré, computador de bordo, conexão usb, controle automático de velocidade, navegador gps, rodas de liga leve, sensor de ré, teto solar, trava elétrica, vidro elétrico, volante multifuncional",https://sp.olx.com.br/grande-campinas/autos-e-pecas/carros-vans-e-utilitarios/bmw-x1-sdrive-20i-m-sport-2-0-tb-flex-aut-2022-1517826292
1504277458,BMW X5 Xdrive 45E 3.0 M.sport Híbrido AU 2023,399000,BMW,X5,Xdrive 45E 3.0 M.sport Híbrido AU,2023,45000,Gasolina,Automático,Preto,SP,São José do Rio Preto,Jardim Maracanã,N/A,17,N/A,Não,Não,"air bag, ar condicionado, alarme, bancos de couro, câmera de ré, computador de bordo, conexão usb, controle automático de velocidade, navegador gps, rodas de liga leve, sensor de ré, som, teto solar, tração 4x4, trava elétrica, vidro elétrico, volante multifuncional",https://sp.olx.com.br/regiao-de-sao-jose-do-rio-preto/autos-e-pecas/carros-vans-e-utilitarios/bmw-x5-xdrive-45e-3-0-m-sport-hibrido-au-2023-1504277458
1482674268,BMW 320I A 2.0 TB M Sport Activeflex 16V 4P 2023,340000,BMW,320I,A 2.0 TB M Sport Activeflex 16V 4P,2023,23000,Flex,Automático,N/A,SP,São Paulo,Mooca,N/A,11,N/A,Não,Não,"air bag, ar condicionado, alarme, bancos de couro, câmera de ré, computador de bordo, conexão usb, controle automático de velocidade, navegador gps, rodas de liga leve, sensor de ré, som, teto solar, trava elétrica, vidro elétrico, volante multifuncional",https://sp.olx.com.br/sao-paulo-e-regiao/autos-e-pecas/carros-vans-e-utilitarios/bmw-320i-a-2-0-tb-m-sport-activeflex-16v-4p-2023-1482674268
1517752583,BMW 320I A Modern/sport TB 2.0/a.flex 16V 4P 2023,275900,BMW,320I,A Modern/sport TB 2.0/a.flex 16V 4P,2023,50000,Flex,Automático,Cinza,SP,Sorocaba,Vila Assis,N/A,15,Sim,Sim,Não,"air bag, ar condicionado, alarme, bancos de couro, câmera de ré, computador de bordo, conexão usb, controle automático de velocidade, navegador gps, rodas de liga leve, sensor de ré, teto solar, trava elétrica, vidro elétrico, volante multifuncional",https://sp.olx.com.br/regiao-de-sorocaba/autos-e-pecas/carros-vans-e-utilitarios/bmw-320i-a-modern-sport-tb-2-0-a-flex-16v-4p-2023-1517752583
1465409491,BMW X2 M35i 2.0 Turbo 306cv Aut. 2020,219990,BMW,X2,M35i 2.0 Turbo 306cv Aut.,2020,64000,Gasolina,Automático,Cinza,SP,São Caetano do Sul,Barcelona,N/A,11,Não,Sim,Não,"air bag, ar condicionado, alarme, bancos de couro, blindado, câmera de ré, computador de bordo, conexão usb, controle automático de velocidade, navegador gps, rodas de liga leve, sensor de ré, som, teto solar, tração 4x4, trava elétrica, vidro elétrico, volante multifuncional",https://sp.olx.com.br/sao-paulo-e-regiao/autos-e-pecas/carros-vans-e-utilitarios/bmw-x2-m35i-2-0-turbo-306cv-aut-2020-1465409491
1495001858,BMW 320I 320i 2024,284900,BMW,320I,320i,2024,26106,Flex,Automático,Vermelho,SP,Franca,Jardim Veneza,N/A,16,Sim,Não,Não,"air bag, ar condicionado, alarme, câmera de ré, som, trava elétrica, vidro elétrico",https://sp.olx.com.br/regiao-de-ribeirao-preto/autos-e-pecas/carros-vans-e-utilitarios/bmw-320i-320i-2024-1495001858
1516057087,BMW X4 Xdrive 30I M-sport 2.0 TB. 252cv AUT 2023,160000,BMW,X4,Xdrive 30I M-sport 2.0 TB. 252cv AUT,2023,85000,Gasolina,Automático,Branco,SP,Franca,Veredas de Franca,N/A,16,Não,Não,Não,"air bag, ar condicionado, alarme, bancos de couro, câmera de ré, computador de bordo, conexão usb, controle automático de velocidade, navegador gps, rodas de liga leve, sensor de ré, som, teto solar, tração 4x4, trava elétrica, vidro elétrico, volante multifuncional",https://sp.olx.com.br/regiao-de-ribeirao-preto/autos-e-pecas/carros-vans-e-utilitarios/bmw-x4-xdrive-30i-m-sport-2-0-tb-252cv-aut-2023-1516057087
1479132255,BMW X6 Xdrive 40I M Sport 3.0 Bi-turbo 2023,599000,BMW,X6,Xdrive 40I M Sport 3.0 Bi-turbo,2023,17000,Gasolina,Automático,Preto,SP,Limeira,Centro,N/A,19,Sim,Sim,Não,"air bag, ar condicionado, alarme, bancos de couro, blindado, câmera de ré, computador de bordo, conexão usb, controle automático de velocidade, navegador gps, rodas de liga leve, sensor de ré, som, teto solar, tração 4x4, trava elétrica, vidro elétrico, volante multifuncional",https://sp.olx.com.br/grande-campinas/autos-e-pecas/carros-vans-e-utilitarios/bmw-x6-xdrive-40i-m-sport-3-0-bi-turbo-2023-1479132255
1517559097,BMW 320I A Modern/sport TB 2.0/a.flex 16V 4P 2021,135000,BMW,320I,A Modern/sport TB 2.0/a.flex 16V 4P,2021,61000,Flex,Automático,Branco,SP,Barretos,Residencial Jockey Club,N/A,17,Não,Sim,Sim,"air bag, ar condicionado, alarme, bancos de couro, câmera de ré, computador de bordo, conexão usb, controle automático de velocidade, navegador gps, rodas de liga leve, sensor de ré, teto solar, trava elétrica, vidro elétrico, volante multifuncional",https://sp.olx.com.br/regiao-de-sao-jose-do-rio-preto/autos-e-pecas/carros-vans-e-utilitarios/bmw-320i-a-modern-sport-tb-2-0-a-flex-16v-4p-2021-1517559097
1508297792,BMW 320I A Modern/sport TB 2.0/a.flex 16V 4P 2023,265000,BMW,320I,A Modern/sport TB 2.0/a.flex 16V 4P,2023,21000,Flex,Automático,Branco,SP,São José do Rio Preto,Jardim Francisco Fernandes,N/A,17,Sim,Sim,Não,"air bag, ar condicionado, alarme, bancos de couro, câmera de ré, computador de bordo, conexão usb, controle automático de velocidade, navegador gps, rodas de liga leve, sensor de ré, teto solar, trava elétrica, vidro elétrico, volante multifuncional",https://sp.olx.com.br/regiao-de-sao-jose-do-rio-preto/autos-e-pecas/carros-vans-e-utilitarios/bmw-320i-a-modern-sport-tb-2-0-a-flex-16v-4p-2023-1508297792
1517474144,BMW 320I A Modern/sport TB 2.0/a.flex 16V 4P 2023,240000,BMW,320I,A Modern/sport TB 2.0/a.flex 16V 4P,2023,35000,Flex,Automático,Azul,SP,São Paulo,Itaberaba,N/A,11,Não,Sim,Sim,"air bag, ar condicionado, alarme, bancos de couro, câmera de ré, computador de bordo, controle automático de velocidade, interface bluetooth, navegador gps, sensor de ré, som, trava elétrica, vidro elétrico, volante multifuncional",https://sp.olx.com.br/sao-paulo-e-regiao/autos-e-pecas/carros-vans-e-utilitarios/bmw-320i-a-modern-sport-tb-2-0-a-flex-16v-4p-2023-1517474144
1517397804,BMW 330E M Sport 2.0 Turbo Híbrido AU 2025,429390,BMW,330E,M Sport 2.0 Turbo Híbrido AU,2025,6437,N/A,,Cinza,SP,São Paulo,Planalto Paulista,N/A,11,Sim,Sim,Não,"air bag, ar condicionado, alarme, bancos de couro, blindado, câmera de ré, computador de bordo, conexão usb, controle automático de velocidade, interface bluetooth, navegador gps, rodas de liga leve, sensor de ré, som, teto solar, trava elétrica, vidro elétrico, volante multifuncional",https://sp.olx.com.br/sao-paulo-e-regiao/autos-e-pecas/carros-vans-e-utilitarios/bmw-330e-m-sport-2-0-turbo-hibrido-au-2025-1517397804
1517392937,BMW 320I 320i 2024,299900,BMW,320I,320i,2024,37000,Flex,Automático,Cinza,SP,São José do Rio Preto,Jardim Maracanã,N/A,17,Não,Sim,Não,"air bag, ar condicionado, alarme, bancos de couro, câmera de ré, computador de bordo, conexão usb, controle automático de velocidade, navegador gps, rodas de liga leve, sensor de ré, som, teto solar, trava elétrica, vidro elétrico, volante multifuncional",https://sp.olx.com.br/regiao-de-sao-jose-do-rio-preto/autos-e-pecas/carros-vans-e-utilitarios/bmw-320i-320i-2024-1517392937
1517323530,BMW 320I A 2.0 TB M Sport Activeflex 16V 4P 2024,299990,BMW,320I,A 2.0 TB M Sport Activeflex 16V 4P,2024,7691,Flex,Automático,Cinza,SP,Sorocaba,Jardim América,N/A,15,Sim,Não,Não,"air bag, ar condicionado, alarme, bancos de couro, câmera de ré, computador de bordo, conexão usb, controle automático de velocidade, navegador gps, rodas de liga leve, sensor de ré, som, teto solar, trava elétrica, vidro elétrico, volante multifuncional",https://sp.olx.com.br/regiao-de-sorocaba/autos-e-pecas/carros-vans-e-utilitarios/bmw-320i-a-2-0-tb-m-sport-activeflex-16v-4p-2024-1517323530
1517198206,BMW X4 M Competition 3.0 Bi-TB 510cv AUT 2020,349890,BMW,X4,M Competition 3.0 Bi-TB 510cv AUT,2020,45947,Gasolina,Automático,Cinza,SP,São Paulo,Santana,N/A,11,N/A,Sim,Não,"air bag, ar condicionado, alarme, bancos de couro, câmera de ré, computador de bordo, conexão usb, controle automático de velocidade, navegador gps, rodas de liga leve, sensor de ré, som, teto solar, tração 4x4, trava elétrica, vidro elétrico, volante multifuncional",https://sp.olx.com.br/sao-paulo-e-regiao/autos-e-pecas/carros-vans-e-utilitarios/bmw-x4-m-competition-3-0-bi-tb-510cv-aut-2020-1517198206
1517177956,BMW X1 Sdrive 20I GP 2.0 TB Aut. 2022,167990,BMW,X1,Sdrive 20I GP 2.0 TB Aut.,2022,50600,Flex,Automático,Branco,SP,Mogi das Cruzes,Vila Lavínia,N/A,11,N/A,Não,Não,"air bag, ar condicionado, câmera de ré, sensor de ré, som, trava elétrica, vidro elétrico",https://sp.olx.com.br/sao-paulo-e-regiao/autos-e-pecas/carros-vans-e-utilitarios/bmw-x1-sdrive-20i-gp-2-0-tb-aut-2022-1517177956
1517171411,BMW X2 Sdrive 20I M Sport 2.0 TB 192cv AUT 2026,459900,BMW,X2,Sdrive 20I M Sport 2.0 TB 192cv AUT,2026,15000,Gasolina,Automático,Preto,SP,São Caetano do Sul,Santo Antônio,N/A,11,Sim,Sim,Não,"air bag, ar condicionado, alarme, bancos de couro, blindado, câmera de ré, computador de bordo, conexão usb, controle automático de velocidade, navegador gps, rodas de liga leve, sensor de ré, som, teto solar, tração 4x4, trava elétrica, vidro elétrico, volante multifuncional",https://sp.olx.com.br/sao-paulo-e-regiao/autos-e-pecas/carros-vans-e-utilitarios/bmw-x2-sdrive-20i-m-sport-2-0-tb-192cv-aut-2026-1517171411
1517163989,BMW 320I A 2.0 TB M Sport Activeflex 16V 4P 2025,316900,BMW,320I,A 2.0 TB M Sport Activeflex 16V 4P,2025,22000,Flex,Automático,Branco,SP,São José do Rio Preto,Pinheiros,N/A,17,Não,Sim,Não,"air bag, ar condicionado, alarme, bancos de couro, câmera de ré, computador de bordo, controle automático de velocidade, navegador gps, rodas de liga leve, sensor de ré, som, teto solar, vidro elétrico, volante multifuncional",https://sp.olx.com.br/regiao-de-sao-jose-do-rio-preto/autos-e-pecas/carros-vans-e-utilitarios/bmw-320i-a-2-0-tb-m-sport-activeflex-16v-4p-2025-1517163989
1500532337,BMW X3 M40i 3.0 Turbo V6 360cv Aut. 2024,450000,BMW,X3,M40i 3.0 Turbo V6 360cv Aut.,2024,35273,Gasolina,Automático,Cinza,SP,Marília,Fragata,N/A,14,N/A,Não,Não,"air bag, air bag, ar condicionado, ar condicionado, alarme, alarme, bancos de couro, câmera de ré, computador de bordo, conexão usb, controle automático de velocidade, navegador gps, rodas de liga leve, sensor de ré, som, teto solar, tração 4x4, trava elétrica, trava elétrica, vidro elétrico, vidro elétrico, volante multifuncional",https://sp.olx.com.br/regiao-de-bauru-e-marilia/autos-e-pecas/carros-vans-e-utilitarios/bmw-x3-m40i-3-0-turbo-v6-360cv-aut-2024-1500532337
1503398495,BMW 540I M Sport 3.0 Turbo 340cv Aut. 2020,286400,BMW,540I,M Sport 3.0 Turbo 340cv Aut.,2020,52000,Gasolina,Automático,Preto,SP,São Paulo,Vila São Geraldo,N/A,11,Sim,Sim,Não,"air bag, ar condicionado, alarme, bancos de couro, blindado, câmera de ré, computador de bordo, conexão usb, controle automático de velocidade, interface bluetooth, navegador gps, rodas de liga leve, sensor de ré, som, teto solar, trava elétrica, vidro elétrico, volante multifuncional",https://sp.olx.com.br/sao-paulo-e-regiao/autos-e-pecas/carros-vans-e-utilitarios/bmw-540i-m-sport-3-0-turbo-340cv-aut-2020-1503398495
1516905375,BMW 320I A 2.0 Turbo/activeflex 16V 184cv 4P 2021,182000,BMW,320I,A 2.0 Turbo/activeflex 16V 184cv 4P,2021,51884,Flex,Automático,Preto,SP,Sorocaba,Vila Assis,N/A,15,N/A,Sim,Não,"air bag, ar condicionado, alarme, bancos de couro, câmera de ré, computador de bordo, conexão usb, controle automático de velocidade, interface bluetooth, navegador gps, rodas de liga leve, sensor de ré, som, trava elétrica, vidro elétrico, volante multifuncional",https://sp.olx.com.br/regiao-de-sorocaba/autos-e-pecas/carros-vans-e-utilitarios/bmw-320i-a-2-0-turbo-activeflex-16v-184cv-4p-2021-1516905375
1481041008,BMW X1 Sdrive 20I M Sport 2.0 TB Aut. 2024,365990,BMW,X1,Sdrive 20I M Sport 2.0 TB Aut.,2024,22900,Gasolina,Automático,Branco,SP,São Paulo,Planalto Paulista,N/A,11,Sim,Não,Não,"air bag, ar condicionado, alarme, bancos de couro, blindado, câmera de ré, computador de bordo, conexão usb, controle automático de velocidade, interface bluetooth, navegador gps, rodas de liga leve, sensor de ré, som, teto solar, trava elétrica, vidro elétrico, volante multifuncional",https://sp.olx.com.br/sao-paulo-e-regiao/autos-e-pecas/carros-vans-e-utilitarios/bmw-x1-sdrive-20i-m-sport-2-0-tb-aut-2024-1481041008
1516871792,BMW X1 Sdrive 20I M S. 2.0 25 Anos TB Flex 2021,179990,BMW,X1,Sdrive 20I M S. 2.0 25 Anos TB Flex,2021,91000,Flex,Automático,Preto,SP,São Paulo,Vila Ema,N/A,11,Sim,Não,Não,"air bag, ar condicionado, alarme, bancos de couro, câmera de ré, computador de bordo, conexão usb, controle automático de velocidade, navegador gps, rodas de liga leve, sensor de ré, teto solar, trava elétrica, vidro elétrico, volante multifuncional",https://sp.olx.com.br/sao-paulo-e-regiao/autos-e-pecas/carros-vans-e-utilitarios/bmw-x1-sdrive-20i-m-s-2-0-25-anos-tb-flex-2021-1516871792
1516847058,BMW X6 Xdrive 40I M Sport 3.0 Bi-turbo 2023,519900,BMW,X6,Xdrive 40I M Sport 3.0 Bi-turbo,2023,37000,Gasolina,Automático,Branco,SP,Americana,Catharina Zanaga,N/A,19,Não,Não,Não,"air bag, ar condicionado, alarme, bancos de couro, câmera de ré, computador de bordo, conexão usb, controle automático de velocidade, navegador gps, rodas de liga leve, sensor de ré, som, teto solar, tração 4x4, trava elétrica, vidro elétrico, volante multifuncional",https://sp.olx.com.br/grande-campinas/autos-e-pecas/carros-vans-e-utilitarios/bmw-x6-xdrive-40i-m-sport-3-0-bi-turbo-2023-1516847058
1515255648,BMW 320I A 2.0 TB M Sport Activeflex 16V 4P 2024,325000,BMW,320I,A 2.0 TB M Sport Activeflex 16V 4P,2024,15000,Flex,Automático,Preto,SP,São Paulo,Itaim Bibi,N/A,11,Sim,Sim,Não,"air bag, ar condicionado, alarme, bancos de couro, blindado, câmera de ré, computador de bordo, conexão usb, controle automático de velocidade, interface bluetooth, navegador gps, rodas de liga leve, sensor de ré, som, teto solar, trava elétrica, vidro elétrico, volante multifuncional",https://sp.olx.com.br/sao-paulo-e-regiao/autos-e-pecas/carros-vans-e-utilitarios/bmw-320i-a-2-0-tb-m-sport-activeflex-16v-4p-2024-1515255648
1508830884,BMW X1 Sdrive 20I 2.0/2.0 TB Acti.flex Aut. 2021,150900,BMW,X1,Sdrive 20I 2.0/2.0 TB Acti.flex Aut.,2021,75745,Flex,Automático,Preto,SP,Cotia,Parque Bahia,N/A,11,N/A,Não,Não,"air bag, ar condicionado, alarme, bancos de couro, câmera de ré, computador de bordo, conexão usb, controle automático de velocidade, navegador gps, rodas de liga leve, sensor de ré, som, trava elétrica, vidro elétrico, volante multifuncional",https://sp.olx.com.br/sao-paulo-e-regiao/autos-e-pecas/carros-vans-e-utilitarios/bmw-x1-sdrive-20i-2-0-2-0-tb-acti-flex-aut-2021-1508830884
1499742099,BMW 330E M Sport 2.0 Turbo Híbrido AU 2021,229900,BMW,330E,M Sport 2.0 Turbo Híbrido AU,2021,69319,Híbrido,Automático,Branco,SP,São Paulo,Saúde,N/A,11,N/A,Não,Não,"air bag, ar condicionado, alarme, bancos de couro, blindado, câmera de ré, computador de bordo, conexão usb, controle automático de velocidade, navegador gps, rodas de liga leve, sensor de ré, som, teto solar, trava elétrica, vidro elétrico, volante multifuncional",https://sp.olx.com.br/sao-paulo-e-regiao/autos-e-pecas/carros-vans-e-utilitarios/bmw-330e-m-sport-2-0-turbo-hibrido-au-2021-1499742099
1516806707,BMW 320I A 2.0 Turbo/activeflex 16V 184cv 4P 2022,244800,BMW,320I,A 2.0 Turbo/activeflex 16V 184cv 4P,2022,12000,Flex,Automático,Branco,SP,Vinhedo,Nova Vinhedo,N/A,19,Sim,Sim,Não,"air bag, ar condicionado, alarme, bancos de couro, câmera de ré, computador de bordo, conexão usb, controle automático de velocidade, navegador gps, rodas de liga leve, sensor de ré, som, trava elétrica, vidro elétrico, volante multifuncional",https://sp.olx.com.br/grande-campinas/autos-e-pecas/carros-vans-e-utilitarios/bmw-320i-a-2-0-turbo-activeflex-16v-184cv-4p-2022-1516806707
1516739783,BMW 320I A 2.0 TB M Sport Activeflex 16V 4P 2024,307990,BMW,320I,A 2.0 TB M Sport Activeflex 16V 4P,2024,7691,Flex,Automático,Cinza,SP,Sorocaba,Éden,N/A,15,Sim,Sim,Não,"air bag, ar condicionado, alarme, bancos de couro, câmera de ré, computador de bordo, conexão usb, controle automático de velocidade, navegador gps, rodas de liga leve, sensor de ré, som, teto solar, trava elétrica, vidro elétrico, volante multifuncional",https://sp.olx.com.br/regiao-de-sorocaba/autos-e-pecas/carros-vans-e-utilitarios/bmw-320i-a-2-0-tb-m-sport-activeflex-16v-4p-2024-1516739783
1516685511,BMW X1 Sdrive 20I M Sport 2.0 TB Aut. 2023,248990,BMW,X1,Sdrive 20I M Sport 2.0 TB Aut.,2023,62000,Gasolina,Automático,Branco,SP,Campinas,Jardim das Paineiras,N/A,19,Não,Sim,Não,"air bag, ar condicionado, alarme, bancos de couro, câmera de ré, computador de bordo, conexão usb, controle automático de velocidade, navegador gps, rodas de liga leve, sensor de ré, som, teto solar, trava elétrica, vidro elétrico, volante multifuncional",https://sp.olx.com.br/grande-campinas/autos-e-pecas/carros-vans-e-utilitarios/bmw-x1-sdrive-20i-m-sport-2-0-tb-aut-2023-1516685511
1516679145,BMW 320I A 2.0 TB M Sport Activeflex 16V 4P 2023,237500,BMW,320I,A 2.0 TB M Sport Activeflex 16V 4P,2023,43500,Flex,Automático,Cinza,SP,Catanduva,Vila Guzzo,N/A,17,Não,Sim,Não,"air bag, ar condicionado, alarme, bancos de couro, câmera de ré, computador de bordo, conexão usb, controle automático de velocidade, navegador gps, rodas de liga leve, sensor de ré, som, teto solar, tração 4x4, trava elétrica, vidro elétrico, volante multifuncional",https://sp.olx.com.br/regiao-de-sao-jose-do-rio-preto/autos-e-pecas/carros-vans-e-utilitarios/bmw-320i-a-2-0-tb-m-sport-activeflex-16v-4p-2023-1516679145
1516662120,BMW X1 Sdrive 20I 2.0/2.0 TB Acti.flex Aut. 2022,167923,BMW,X1,Sdrive 20I 2.0/2.0 TB Acti.flex Aut.,2022,51000,Flex,Automático,Branco,SP,Mogi das Cruzes,Centro,N/A,11,N/A,Sim,Não,"air bag, ar condicionado, alarme, bancos de couro, câmera de ré, computador de bordo, conexão usb, controle automático de velocidade, navegador gps, rodas de liga leve, sensor de ré, trava elétrica, vidro elétrico, volante multifuncional",https://sp.olx.com.br/sao-paulo-e-regiao/autos-e-pecas/carros-vans-e-utilitarios/bmw-x1-sdrive-20i-2-0-2-0-tb-acti-flex-aut-2022-1516662120
1516641695,BMW X6 Xdrive 40I M Sport 3.0 Bi-turbo 2022,539990,BMW,X6,Xdrive 40I M Sport 3.0 Bi-turbo,2022,38329,Gasolina,Automático,Preto,SP,Valinhos,Vila Genoveva,N/A,19,N/A,Sim,Não,"air bag, ar condicionado, alarme, bancos de couro, blindado, câmera de ré, computador de bordo, conexão usb, controle automático de velocidade, interface bluetooth, navegador gps, rodas de liga leve, sensor de ré, som, teto solar, tração 4x4, trava elétrica, vidro elétrico, volante multifuncional",https://sp.olx.com.br/grande-campinas/autos-e-pecas/carros-vans-e-utilitarios/bmw-x6-xdrive-40i-m-sport-3-0-bi-turbo-2022-1516641695
1516607547,BMW 320I A Modern/sport TB 2.0/a.flex 16V 4P 2023,253990,BMW,320I,A Modern/sport TB 2.0/a.flex 16V 4P,2023,42781,Flex,Automático,Preto,SP,Osasco,Vila Yara,N/A,11,Sim,Sim,Não,"air bag, ar condicionado, alarme, bancos de couro, câmera de ré, computador de bordo, conexão usb, controle automático de velocidade, navegador gps, rodas de liga leve, sensor de ré, teto solar, trava elétrica, vidro elétrico, volante multifuncional",https://sp.olx.com.br/sao-paulo-e-regiao/autos-e-pecas/carros-vans-e-utilitarios/bmw-320i-a-modern-sport-tb-2-0-a-flex-16v-4p-2023-1516607547
1516568167,BMW X1 Sdrive 20I 2.0/2.0 TB Acti.flex Aut. 2022,160000,BMW,X1,Sdrive 20I 2.0/2.0 TB Acti.flex Aut.,2022,26830,Flex,Automático,Preto,SP,São Paulo,Instituto de Previdência,N/A,11,Sim,N/A,N/A,"air bag, ar condicionado, alarme, bancos de couro, câmera de ré, computador de bordo, conexão usb, controle automático de velocidade, interface bluetooth, navegador gps, rodas de liga leve, sensor de ré, som, trava elétrica, vidro elétrico, volante multifuncional",https://sp.olx.com.br/sao-paulo-e-regiao/autos-e-pecas/carros-vans-e-utilitarios/bmw-x1-sdrive-20i-2-0-2-0-tb-acti-flex-aut-2022-1516568167
1497348321,BMW 320I A Modern/sport TB 2.0/a.flex 16V 4P 2024,304900,BMW,320I,A Modern/sport TB 2.0/a.flex 16V 4P,2024,260000,Flex,Automático,Cinza,SP,Americana,Vale do Rio Branco,N/A,19,Não,Sim,Não,"air bag, ar condicionado, alarme, bancos de couro, câmera de ré, computador de bordo, conexão usb, controle automático de velocidade, navegador gps, rodas de liga leve, sensor de ré, teto solar, trava elétrica, vidro elétrico, volante multifuncional",https://sp.olx.com.br/grande-campinas/autos-e-pecas/carros-vans-e-utilitarios/bmw-320i-a-modern-sport-tb-2-0-a-flex-16v-4p-2024-1497348321
1516554204,BMW 320I 320i 2021,205890,BMW,320I,320i,2021,70000,Gasolina,Automático,Preto,SP,Campinas,Jardim Novo Campos Elíseos,N/A,19,Não,Não,Não,"air bag, ar condicionado, alarme, câmera de ré, sensor de ré, teto solar, trava elétrica, vidro elétrico",https://sp.olx.com.br/grande-campinas/autos-e-pecas/carros-vans-e-utilitarios/bmw-320i-320i-2021-1516554204
1516459881,BMW X6 M Competition 4.4 V8 Bi-TB 625cv AUT 2023,675000,BMW,X6,M Competition 4.4 V8 Bi-TB 625cv AUT,2023,38000,Gasolina,Automático,Branco,SP,Ribeirão Preto,Ribeirânia,N/A,16,Não,Sim,Não,"air bag, ar condicionado, alarme, bancos de couro, câmera de ré, computador de bordo, conexão usb, controle automático de velocidade, interface bluetooth, navegador gps, rodas de liga leve, sensor de ré, som, teto solar, tração 4x4, trava elétrica, vidro elétrico, volante multifuncional",https://sp.olx.com.br/regiao-de-ribeirao-preto/autos-e-pecas/carros-vans-e-utilitarios/bmw-x6-m-competition-4-4-v8-bi-tb-625cv-aut-2023-1516459881
1516480653,BMW 320I A 2.0 TB M Sport Activeflex 16V 4P 2023,265000,BMW,320I,A 2.0 TB M Sport Activeflex 16V 4P,2023,61000,Flex,Automático,Preto,SP,Presidente Prudente,Jardim Bela Daria,N/A,18,Não,Não,Não,"air bag, ar condicionado, alarme, bancos de couro, câmera de ré, computador de bordo, conexão usb, controle automático de velocidade, navegador gps, rodas de liga leve, sensor de ré, som, teto solar, trava elétrica, vidro elétrico, volante multifuncional",https://sp.olx.com.br/regiao-de-presidente-prudente/autos-e-pecas/carros-vans-e-utilitarios/bmw-320i-a-2-0-tb-m-sport-activeflex-16v-4p-2023-1516480653
